{
  "fmlloader-1.20.1-47.4.0.jar (modloader)": {
    "modId": "forge",
    "version": "fmlloader-1.20.1-47.4.0.jar"
  },
  "[1.20.1] SecurityCraft v1.10.0.1.jar": {
    "modId": "securitycraft",
    "version": "1.10.0.1"
  },
  "[CW ONLY] jeffs_cursed_walking_structures-1.0.8-forge-1.20.1 [Bug Fix].jar": {
    "modId": "jeffs_cursed_walking_structures",
    "version": "1.0.8"
  },
  "access_denied-6.0.0.jar": {
    "modId": "access_denied",
    "version": "6.0.0"
  },
  "AgeingSpawners-1.20.1-2.0.0.jar": {
    "modId": "ageingspawners",
    "version": "2.0.0"
  },
  "AiyCrates 1.20.1 - 1.0.0.jar": {
    "modId": "aiycrates",
    "version": "1.0.0"
  },
  "alexsmobs-1.22.9.jar": {
    "modId": "alexsmobs",
    "version": "1.22.9"
  },
  "almanac-1.20.x-forge-1.0.2.jar": {
    "modId": "almanac",
    "version": "1.0.2"
  },
  "AmbientEnvironment-forge-1.20.1-11.0.0.1.jar": {
    "modId": "ambientenvironment",
    "version": "11.0.0.1"
  },
  "AmbientSounds_FORGE_v6.1.10_mc1.20.1.jar": {
    "modId": "ambientsounds",
    "version": "6.1.10"
  },
  "ApothicAttributes-1.20.1-1.3.7.jar": {
    "modId": "attributeslib",
    "version": "1.3.7"
  },
  "appleskin-forge-mc1.20.1-2.5.1.jar": {
    "modId": "appleskin",
    "version": "2.5.1+mc1.20.1"
  },
  "architectury-9.2.14-forge.jar": {
    "modId": "architectury",
    "version": "9.2.14"
  },
  "athena-forge-1.20.1-3.1.2.jar": {
    "modId": "athena",
    "version": "3.1.2"
  },
  "Atlas Lib-1.20.1-1.1.12.jar": {
    "modId": "atlaslib",
    "version": "1.1.12"
  },
  "automobility-0.4.2+1.20.1-forge.jar": {
    "modId": "automobility",
    "version": "0.4.2+1.20.1-forge"
  },
  "auudio_forge_1.0.3_MC_1.19.3.jar": {
    "modId": "auudio",
    "version": "1.0.3"
  },
  "BadMobs-1.20.1-19.0.4.jar": {
    "modId": "badmobs",
    "version": "19.0.4"
  },
  "BadOptimizations-2.2.2-1.20.1.jar": {
    "modId": "badoptimizations",
    "version": "2.2.2"
  },
  "balm-forge-1.20.1-7.3.30-all.jar": {
    "modId": "balm",
    "version": "7.3.30"
  },
  "bbb-1.20.1-forge-1.0.1.jar": {
    "modId": "bbb",
    "version": "1.20.1-1.0.1"
  },
  "bbs-1.20.1-0.1.3-forge.jar": {
    "modId": "bbs",
    "version": "1.20.1-0.1.3"
  },
  "better_mob_drops.jar": {
    "modId": "better_zombie_drops",
    "version": "1.0.0"
  },
  "binocularsmod-1.02.jar": {
    "modId": "binocularsmod",
    "version": "1.02"
  },
  "Bookshelf-Forge-1.20.1-20.2.13.jar": {
    "modId": "bookshelf",
    "version": "20.2.13"
  },
  "carryon-forge-1.20.1-2.1.2.7.jar": {
    "modId": "carryon",
    "version": "2.1.2.7"
  },
  "charmofundying-forge-6.5.0+1.20.1.jar": {
    "modId": "charmofundying",
    "version": "6.5.0+1.20.1"
  },
  "chat_heads-0.13.18-forge-1.20.jar": {
    "modId": "chat_heads",
    "version": "0.13.18"
  },
  "citadel-2.6.1-1.20.1.jar": {
    "modId": "citadel",
    "version": "2.6.1"
  },
  "cleanswing-1.20-1.8.jar": {
    "modId": "cleanswing",
    "version": "1.8"
  },
  "cloth-config-11.1.136-forge.jar": {
    "modId": "cloth_config",
    "version": "11.1.136"
  },
  "Clumps-forge-1.20.1-12.0.0.4.jar": {
    "modId": "clumps",
    "version": "12.0.0.4"
  },
  "cofh_core-1.20.1-11.0.2.56.jar": {
    "modId": "cofh_core",
    "version": "11.0.2"
  },
  "collective-1.20.1-8.3.jar": {
    "modId": "collective",
    "version": "8.3"
  },
  "combatlog-2.3-1.20.jar": {
    "modId": "combatlog",
    "version": "2.3"
  },
  "combatroll-forge-1.3.3+1.20.1.jar": {
    "modId": "combatroll",
    "version": "1.3.3+1.20.1"
  },
  "comforts-forge-6.4.0+1.20.1.jar": {
    "modId": "comforts",
    "version": "6.4.0+1.20.1"
  },
  "configurableextramobdrops-1.20.1-3.5.jar": {
    "modId": "configurableextramobdrops",
    "version": "3.5"
  },
  "Controlling-forge-1.20.1-12.0.2.jar": {
    "modId": "controlling",
    "version": "12.0.2"
  },
  "copycats-2.2.2+mc.1.20.1-forge.jar": {
    "modId": "copycats",
    "version": "2.2.2+mc.1.20.1-forge"
  },
  "Corgilib-Forge-1.20.1-4.0.3.3.jar": {
    "modId": "corgilib",
    "version": "4.0.3.3"
  },
  "coroutil-forge-1.20.1-1.3.7.jar": {
    "modId": "coroutil",
    "version": "1.20.1-1.3.7"
  },
  "corpse-forge-1.20.1-1.0.20.jar": {
    "modId": "corpse",
    "version": "1.20.1-1.0.20"
  },
  "corpsecurioscompat-1.18.x-1.20.x-Forge-2.2.2.jar": {
    "modId": "corpsecurioscompat",
    "version": "2.2.2"
  },
  "CraftPresence-2.6.1+1.20.1-forge.jar": {
    "modId": "craftpresence",
    "version": "2.6.1"
  },
  "CrashAssistant-forge-1.19.2-1.20.1-1.8.0.jar": {
    "modId": "crash_assistant",
    "version": "1.8.0"
  },
  "create-1.20.1-0.5.1.j.jar": {
    "modId": "create",
    "version": "0.5.1.j"
  },
  "create_netherless-1.20.1-1.3.jar": {
    "modId": "create_netherless",
    "version": "1.3.0"
  },
  "create_radar-0.1.56mc1.20.1.jar": {
    "modId": "create_radar",
    "version": "0.1"
  },
  "createdeco-2.0.2-1.20.1-forge.jar": {
    "modId": "createdeco",
    "version": "2.0.2-1.20.1-forge"
  },
  "CreativeCore_FORGE_v2.12.32_mc1.20.1.jar": {
    "modId": "creativecore",
    "version": "2.12.32"
  },
  "cupboard-1.20.1-2.7.jar": {
    "modId": "cupboard",
    "version": "1.20.1-2.7"
  },
  "cure-2.0.2-forge-1.20.1.jar": {
    "modId": "cure",
    "version": "1.0.0"
  },
  "curios-forge-5.14.1+1.20.1.jar": {
    "modId": "curios",
    "version": "5.14.1+1.20.1"
  },
  "cw_additions-1.1.6b-RELEASE-1.0-forge-1.20.1.jar": {
    "modId": "cw_additions",
    "version": "1.1.6"
  },
  "Data_Anchor-forge-1.20.1-1.0.0.19.jar": {
    "modId": "dataanchor",
    "version": "1.0.0.19"
  },
  "decorative_blocks-forge-1.20.1-4.1.3.jar": {
    "modId": "decorative_blocks",
    "version": "4.1.3"
  },
  "distraction_free_recipes-forge-1.2.1-1.20.1.jar": {
    "modId": "distraction_free_recipes",
    "version": "1.2.1"
  },
  "drippyloadingscreen_forge_3.0.12_MC_1.20.1.jar": {
    "modId": "drippyloadingscreen",
    "version": "3.0.12"
  },
  "dummmmmmy-1.20-2.0.6.jar": {
    "modId": "dummmmmmy",
    "version": "1.20-2.0.6"
  },
  "dynamiclights-v1.8.6-mc1.17-1.21.5-mod.jar": {
    "modId": "dynamiclights",
    "version": "1.8.6+mod"
  },
  "eatinganimation-1.20.1-5.1.0.jar": {
    "modId": "eatinganimation",
    "version": "5.1.0"
  },
  "ecologics-forge-1.20.1-2.2.0.jar": {
    "modId": "ecologics",
    "version": "2.2.0"
  },
  "embeddium-0.3.31+mc1.20.1.jar": {
    "modId": "embeddium",
    "version": "0.3.31+mc1.20.1"
  },
  "emi-1.1.22+1.20.1+forge.jar": {
    "modId": "emi",
    "version": "1.1.22+1.20.1+forge"
  },
  "emi-letsdo-compat-1.6.jar": {
    "modId": "emi_letsdo_compat",
    "version": "1.6"
  },
  "EnchantmentDescriptions-Forge-1.20.1-17.1.19.jar": {
    "modId": "enchdesc",
    "version": "17.1.19"
  },
  "Enhanced-Celestials-forge-1.20.1-5.0.3.1.jar": {
    "modId": "enhancedcelestials",
    "version": "1.20.1-5.0.3.1"
  },
  "EnhancedVisuals_FORGE_v1.8.2_mc1.20.1.jar": {
    "modId": "enhancedvisuals",
    "version": "1.8.2"
  },
  "entity_model_features_forge_1.20.1-2.4.1.jar": {
    "modId": "entity_model_features",
    "version": "2.4.1"
  },
  "entity_texture_features_forge_1.20.1-6.2.9.jar": {
    "modId": "entity_texture_features",
    "version": "6.2.9"
  },
  "entityculling-forge-1.7.4-mc1.20.1.jar": {
    "modId": "entityculling",
    "version": "1.7.4"
  },
  "EuphoriaPatcher-1.6.4-r5.5.1-forge.jar": {
    "modId": "euphoria_patcher",
    "version": "1.6.4-r5.5.1-forge"
  },
  "experimentalsettingsdisabler-1.20.1-3.0.jar": {
    "modId": "experimentalsettingsdisabler",
    "version": "3.0"
  },
  "extragore-1.20.1-5.2.3.1.jar": {
    "modId": "extragore",
    "version": "5.2.3.1"
  },
  "fallingtrees-forge-mc1.20-0.13.2-SNAPSHOT.jar": {
    "modId": "fallingtrees",
    "version": "0.13.2"
  },
  "fancymenu_forge_3.5.2_MC_1.20.1.jar": {
    "modId": "fancymenu",
    "version": "3.5.2"
  },
  "FarmersDelight-1.20.1-1.2.7.jar": {
    "modId": "farmersdelight",
    "version": "1.20.1-1.2.7"
  },
  "fastpaintings-1.20-1.2.7.jar": {
    "modId": "fastpaintings",
    "version": "1.20-1.2.7"
  },
  "FastSuite-1.20.1-5.1.0.jar": {
    "modId": "fastsuite",
    "version": "5.1.0"
  },
  "ferritecore-6.0.1-forge.jar": {
    "modId": "ferritecore",
    "version": "6.0.1"
  },
  "firstjoinmessage-1.20.1-3.8.jar": {
    "modId": "firstjoinmessage",
    "version": "3.8"
  },
  "flan-1.20.1-1.11.7-forge.jar": {
    "modId": "flan",
    "version": "1.20.1-1.11.7"
  },
  "forgivingworld-1.20.1-4.7.jar": {
    "modId": "forgivingworld",
    "version": "1.20.1-4.7"
  },
  "framework-forge-1.20.1-0.7.15.jar": {
    "modId": "framework",
    "version": "0.7.15"
  },
  "ftb-library-forge-2001.2.9.jar": {
    "modId": "ftblibrary",
    "version": "2001.2.9"
  },
  "ftb-teams-forge-2001.3.1.jar": {
    "modId": "ftbteams",
    "version": "2001.3.1"
  },
  "gamemenuremovegfarb-forge-mc1.19.4-2.1.2.jar": {
    "modId": "gamemenuremovegfarb",
    "version": "2.1.2"
  },
  "geckolib-forge-1.20.1-4.7.1.2.jar": {
    "modId": "geckolib",
    "version": "4.7.1.2"
  },
  "gliders-forge-1.1.7.jar": {
    "modId": "vc_gliders",
    "version": "1.1.7"
  },
  "GlitchCore-forge-1.20.1-0.0.1.1.jar": {
    "modId": "glitchcore",
    "version": "0.0.1.1"
  },
  "globalnarrationtoggle-1.20.1-1.4.jar": {
    "modId": "globalnarrationtoggle",
    "version": "1.4"
  },
  "gml-4.0.11-all.jar": {},
  "golemsarefriends-1.20.0-1.0.1.jar": {
    "modId": "golemsarefriends",
    "version": "1.20.0-1.0.1"
  },
  "handcrafted-forge-1.20.1-3.0.6.jar": {
    "modId": "handcrafted",
    "version": "3.0.6"
  },
  "ImmediatelyFast-Forge-1.5.0+1.20.4.jar": {
    "modId": "immediatelyfast",
    "version": "1.5.0+1.20.4"
  },
  "immersive_aircraft-1.3.3+1.20.1-forge.jar": {
    "modId": "immersive_aircraft",
    "version": "1.3.3+1.20.1"
  },
  "immersive_weathering-1.20.1-2.0.5-forge.jar": {
    "modId": "immersive_weathering",
    "version": "1.20.1-2.0.5"
  },
  "improved_village_placement_1.0.0.jar": {
    "modId": "improved_village_placement",
    "version": "1.0.0"
  },
  "incontrol-1.20-9.3.2.jar": {
    "modId": "incontrol",
    "version": "1.20-9.3.2"
  },
  "InsaneLib-1.16.1-mc1.20.1.jar": {
    "modId": "insanelib",
    "version": "1.16.1"
  },
  "inventorysorter-1.20.1-23.0.8.jar": {
    "modId": "inventorysorter",
    "version": "23.0.8"
  },
  "Item Scrapper Pack - Armor  Tools.jar": {
    "modId": "item_scrapper_armorandtools",
    "version": "1.0.0"
  },
  "Item Scrapper Pack - TACZ.jar": {
    "modId": "item_scrapper_taczpack",
    "version": "1.0.0"
  },
  "Item-Obliterator-NeoForge-MC1.20.1-2.3.1.jar": {
    "modId": "item_obliterator",
    "version": "2.3.0"
  },
  "item_scrapper-1.2.5.jar": {
    "modId": "item_scrapper",
    "version": "1.2.5"
  },
  "jamlib-forge-1.3.5+1.20.1.jar": {
    "modId": "jamlib",
    "version": "1.3.5+1.20.1"
  },
  "jei-1.20.1-forge-15.20.0.106.jar": {
    "modId": "jei",
    "version": "15.20.0.106"
  },
  "JRFTL-1.20.1-1.6.0.jar": {
    "modId": "jrftl",
    "version": "1.6.0"
  },
  "JustEnoughResources-1.20.1-1.4.0.247.jar": {
    "modId": "jeresources",
    "version": "1.4.0.247"
  },
  "Keerdm Zombie Apocalypse Essentials (Vics) 1.41.jar": {
    "modId": "keerdm_zombie_essentials",
    "version": "1.41"
  },
  "konkrete_forge_1.8.0_MC_1.20-1.20.1.jar": {
    "modId": "konkrete",
    "version": "1.8.0"
  },
  "kotlinforforge-4.11.0-all.jar": {},
  "kubejs-forge-2001.6.5-build.16.jar": {
    "modId": "kubejs",
    "version": "2001.6.5-build.16"
  },
  "letmedespawn-1.20.x-forge-1.5.0.jar": {
    "modId": "letmedespawn",
    "version": "1.5.0"
  },
  "letsdo-API-forge-1.2.15-forge.jar": {
    "modId": "doapi",
    "version": "1.2.15"
  },
  "letsdo-bloomingnature-forge-1.0.12.jar": {
    "modId": "bloomingnature",
    "version": "1.0.12"
  },
  "letsdo-herbalbrews-forge-1.0.12.jar": {
    "modId": "herbalbrews",
    "version": "1.0.12"
  },
  "lithostitched-forge-1.20.1-1.4.8.jar": {
    "modId": "lithostitched",
    "version": "1.4.8"
  },
  "lootr-forge-1.20-0.7.35.91.jar": {
    "modId": "lootr",
    "version": "0.7.35.91"
  },
  "lostcities-1.20-7.3.6.jar": {
    "modId": "lostcities",
    "version": "1.20-7.3.6"
  },
  "map_atlases-1.20-6.0.16.jar": {
    "modId": "map_atlases",
    "version": "1.20-6.0.16"
  },
  "marbledsarsenal-1.20.1forge-2.3.0.2.jar": {
    "modId": "marbledsarsenal",
    "version": "2.3.0.2"
  },
  "marbledsfirstaid-1.20.1forge-1.1.0.3.jar.jar": {
    "modId": "marbledsfirstaid",
    "version": "1.1.0.3"
  },
  "marbledsmelees-1.20.1-1.0.0.jar": {
    "modId": "marbledsmelees",
    "version": "1.20.1-1.0.0"
  },
  "mcore-1.20.1-1.0.3.0.jar": {
    "modId": "mcore",
    "version": "1.0.3.0"
  },
  "melody_forge_1.0.3_MC_1.20.1-1.20.4.jar": {
    "modId": "melody",
    "version": "1.0.2"
  },
  "mobcontrol-1.20.1-1.5.7.jar": {
    "modId": "mobcontrol",
    "version": "1.5.7"
  },
  "moonlight-1.20-2.13.82-forge.jar": {
    "modId": "moonlight",
    "version": "1.20-2.13.82"
  },
  "MouseTweaks-forge-mc1.20.1-2.25.1.jar": {
    "modId": "mousetweaks",
    "version": "2.25.1"
  },
  "MutantMonsters-v8.0.7-1.20.1-Forge.jar": {
    "modId": "mutantmonsters",
    "version": "8.0.7"
  },
  "MyServerIsCompatible-1.20-1.0.jar": {
    "modId": "myserveriscompatible",
    "version": "1.0"
  },
  "Necronomicon-Forge-1.6.0+1.20.1.jar": {
    "modId": "necronomicon",
    "version": "1.6.0"
  },
  "nobz-1.2.jar": {
    "modId": "nobz",
    "version": "1.2"
  },
  "noisium-forge-2.3.0+mc1.20-1.20.1.jar": {
    "modId": "noisium",
    "version": "2.3.0+mc1.20-1.20.1"
  },
  "nostartupmessages-1.0.1.jar": {
    "modId": "nostartupmessages",
    "version": "1.0.1"
  },
  "Not Enough Recipe Book-FORGE-0.4.1+1.20.1.jar": {
    "modId": "nerb",
    "version": "0.4.1"
  },
  "notenoughanimations-forge-1.9.3-mc1.20.1.jar": {
    "modId": "notenoughanimations",
    "version": "1.9.3"
  },
  "novillagerdm-1.20.1-5.0.0.jar": {
    "modId": "novillagerdm",
    "version": "5.0.0"
  },
  "OctoLib-FORGE-0.5.0.1+1.20.1.jar": {
    "modId": "octolib",
    "version": "0.5.0.1"
  },
  "oculus-mc1.20.1-1.8.0.jar": {
    "modId": "oculus",
    "version": "1.8.0"
  },
  "OpenLoader-Forge-1.20.1-19.0.4.jar": {
    "modId": "openloader",
    "version": "19.0.4"
  },
  "packetfixer-forge-2.0.0-1.19-to-1.20.1.jar": {
    "modId": "packetfixer",
    "version": "2.0.0"
  },
  "pandalib-forge-mc1.20-0.5.2-SNAPSHOT.jar": {
    "modId": "pandalib",
    "version": "0.5.2"
  },
  "Patchouli-1.20.1-84.1-FORGE.jar": {
    "modId": "patchouli",
    "version": "1.20.1-84.1-FORGE"
  },
  "PhilipsRuins1.20.1-5.3.jar": {
    "modId": "philipsruins",
    "version": "5.3"
  },
  "Pillagers Gun-1.20.1-forge-2.2.0.jar": {
    "modId": "pillagers_gun",
    "version": "2.2.0"
  },
  "Placebo-1.20.1-8.6.3.jar": {
    "modId": "placebo",
    "version": "8.6.3"
  },
  "player-animation-lib-forge-1.0.2-rc1+1.20.jar": {
    "modId": "playeranimator",
    "version": "1.0.2-rc1+1.20"
  },
  "pointblank-forge-1.20.1-1.9.6.jar": {
    "modId": "pointblank",
    "version": "1.9.6"
  },
  "polymorph-forge-0.49.10+1.20.1.jar": {
    "modId": "polymorph",
    "version": "0.49.10+1.20.1"
  },
  "projectvibrantjourneys-1.20.1-6.0.4.jar": {
    "modId": "projectvibrantjourneys",
    "version": "1.20.1-6.0.4"
  },
  "propertymodifier-1.20.1-0.1-all.jar": {
    "modId": "propertymodifier",
    "version": "0.3.3"
  },
  "PuzzlesLib-v8.1.32-1.20.1-Forge.jar": {
    "modId": "puzzleslib",
    "version": "8.1.32"
  },
  "refurbished_furniture-forge-1.20.1-1.0.12.jar": {
    "modId": "refurbished_furniture",
    "version": "1.0.12"
  },
  "resourcefullib-forge-1.20.1-2.1.29.jar": {
    "modId": "resourcefullib",
    "version": "2.1.29"
  },
  "responsiveshields-2.3-mc1.18-19-20.x.jar": {
    "modId": "responsiveshields",
    "version": "2.3"
  },
  "rhino-forge-2001.2.3-build.10.jar": {
    "modId": "rhino",
    "version": "2001.2.3-build.10"
  },
  "rightclickharvest-forge-4.5.3+1.20.1.jar": {
    "modId": "rightclickharvest",
    "version": "4.5.3+1.20.1"
  },
  "Satako-7.0.33-1.20.1.jar": {
    "modId": "satako",
    "version": "7.0.33-1.20.1"
  },
  "ScalingMobs-2.3.jar": {
    "modId": "scalingmobs",
    "version": "2.3"
  },
  "Searchables-forge-1.20.1-1.0.3.jar": {
    "modId": "searchables",
    "version": "1.0.3"
  },
  "SereneSeasons-forge-1.20.1-9.1.0.2.jar": {
    "modId": "sereneseasons",
    "version": "9.1.0.2"
  },
  "ShoulderSurfing-Forge-1.20.1-4.12.0.jar": {
    "modId": "shouldersurfing",
    "version": "1.20.1-4.12.0"
  },
  "simple_snowy_fix-forge-2.1.3.jar": {
    "modId": "simple_snowy_fix",
    "version": "2.1.3"
  },
  "simpleshops-1.2.2.jar": {
    "modId": "simpleshops",
    "version": "1.2.2"
  },
  "simply_traps-1.6-forge-1.20.1.jar": {
    "modId": "simply_traps",
    "version": "1.6"
  },
  "Sky\u0027s Overworld Netherite 2.6 1.20.1 Forge.jar": {
    "modId": "overworld_netherite_ore",
    "version": "2.6"
  },
  "sliceanddice-forge-3.3.0.jar": {
    "modId": "sliceanddice",
    "version": "3.3.0"
  },
  "SmartBrainLib-forge-1.20.1-1.15.jar": {
    "modId": "smartbrainlib",
    "version": "1.15"
  },
  "smoothboot(reloaded)-mc1.20.1-0.0.4.jar": {
    "modId": "smoothboot",
    "version": "0.0.4"
  },
  "SoLOnion_FORGE_v1.4.5_mc1.20.1.jar": {
    "modId": "solonion",
    "version": "1.4.5"
  },
  "sophisticatedbackpacks-1.20.1-3.23.17.1246.jar": {
    "modId": "sophisticatedbackpacks",
    "version": "3.23.17.1246"
  },
  "sophisticatedcore-1.20.1-1.2.60.987.jar": {
    "modId": "sophisticatedcore",
    "version": "1.2.60.987"
  },
  "sound-physics-remastered-forge-1.20.1-1.4.10.jar": {
    "modId": "sound_physics_remastered",
    "version": "1.20.1-1.4.10"
  },
  "starterkit-1.20.1-7.4.jar": {
    "modId": "starterkit",
    "version": "7.4"
  },
  "Steam_Rails-1.6.7+forge-mc1.20.1.jar": {
    "modId": "railways",
    "version": "1.6.7+forge-mc1.20.1"
  },
  "structure_gel-1.20.1-2.16.2.jar": {
    "modId": "structure_gel",
    "version": "2.16.2"
  },
  "structurecontrol-1.20.1-1.8.3.jar": {
    "modId": "structurecontrol",
    "version": "1.8.3"
  },
  "tacz-1.20.1-1.0.3-all.jar": {
    "modId": "tacz",
    "version": "1.0.3"
  },
  "TaxCursedPainter+M.1.20.1+ForM.1.0.0.jar": {
    "modId": "tax_cursed_painter",
    "version": "1.0.0"
  },
  "temporalapi-1.6.7.jar": {
    "modId": "temporalapi",
    "version": "1.6.7"
  },
  "tenshilib-1.20.1-1.7.6-forge.jar": {
    "modId": "tenshilib",
    "version": "1.20.1-1.7.6"
  },
  "The-Hordes-1.20.1-1.5.4.jar": {
    "modId": "hordes",
    "version": "1.5.4"
  },
  "the_deep_void-1.28-forge-1.20.1.jar": {
    "modId": "the_deep_void",
    "version": "1.28"
  },
  "the_deeper_void-1.0.5-forge-1.20.1 [BUG FIX].jar": {
    "modId": "the_deeper_void",
    "version": "1.0.0"
  },
  "Tips-Forge-1.20.1-12.1.8.jar": {
    "modId": "tipsmod",
    "version": "12.1.8"
  },
  "ToastControl-1.20.1-8.0.3.jar": {
    "modId": "toastcontrol",
    "version": "8.0.3"
  },
  "ToolBelt-1.20.1-1.20.02.jar": {
    "modId": "toolbelt",
    "version": "1.20.02"
  },
  "totem_fragments-1.0.0-forge-1.20.1.jar": {
    "modId": "totem_fragments",
    "version": "1.0.0"
  },
  "tp_shooting-1.20.1-5.1.0-all.jar": {
    "modId": "tp_shooting",
    "version": "1.20.1-5.1.0"
  },
  "txnilib-forge-1.0.24-1.20.1.jar": {
    "modId": "txnilib",
    "version": "1.0.24"
  },
  "u_team_core-forge-1.20.1-5.1.4.382.jar": {
    "modId": "uteamcore",
    "version": "5.1.4.382"
  },
  "UniLib-1.1.0+1.20.1-forge.jar": {
    "modId": "unilib",
    "version": "1.1.0"
  },
  "voicechat-forge-1.20.1-2.5.30.jar": {
    "modId": "voicechat",
    "version": "1.20.1-2.5.30"
  },
  "VoidFog-1.20.1-2.0.23.jar": {
    "modId": "voidfog",
    "version": "1.20.1-2.0.23"
  },
  "walkietalkie-forge-1.20.1-1.3.0.jar": {
    "modId": "walkietalkie",
    "version": "1.3.0"
  },
  "watut-forge-1.20.1-1.2.3.jar": {
    "modId": "watut",
    "version": "1.20.1-1.2.3"
  },
  "wegotrunnners-0.7.1.1.20.1[SPANISH TRANSLATION UPDATE].jar": {
    "modId": "wegotrunnners",
    "version": "1.0.0"
  },
  "xray_snitch-1.1.jar": {
    "modId": "xray_snitch",
    "version": "1.1"
  },
  "YungsApi-1.20-Forge-4.0.6.jar": {
    "modId": "yungsapi",
    "version": "1.20-Forge-4.0.6"
  },
  "YungsBetterMineshafts-1.20-Forge-4.0.4.jar": {
    "modId": "bettermineshafts",
    "version": "1.20-Forge-4.0.4"
  }
}