{
  "disableVanillaPortals": {
    "desc:": "Disables vanilla portals, default:false",
    "disableVanillaPortals": true
  },
  "teleportCooldown": {
    "desc:": "Sets a delay before you can teleport again, default:15 seconds",
    "teleportCooldown": 15
  },
  "instantTeleport": {
    "desc:": "Instantly teleports instead of notifying the user over time,(Note this causes some lag, due to loading chunks directly) default:false",
    "instantTeleport": true
  },
  "teleportedRidden": {
    "desc:": "Teleport ridden entities too, default:true",
    "teleportedRidden": true
  },
  "teleportLeashed": {
    "desc:": "Teleport leashed entities too, default:true",
    "teleportLeashed": true
  },
  "debuglogging": {
    "desc:": "Enable debug logging, default:false",
    "debuglogging": false
  },
  "dimensionconnections": [
    {
      "from": "minecraft:overworld",
      "to": "the_deep_void:deep_void",
      "xcoordmultiplier": 0.0,
      "zcoordmultiplier": 0.0,
      "teleporttype": {
        "teleporttype": "AIR",
        "teleport_to_y": 125
      },
      "belowy": -63
    },
    {
      "from": "the_deep_void:deep_void",
      "to": "minecraft:overworld",
      "teleporttype": {
        "teleporttype": "CAVE",
        "teleport_to_y": -60
      },
      "abovey": 145
    }
  ]
}