{
  "foodItems": {
    "entries": [],
    "isWhitelist": false
  },
  "trackCount": 32,
  "resetOnDeath": true,
  "limitProgressionToSurvival": false,
  "minFoodsToActivate": 0,
  "benefits": [
    {
      "threshold": 3,
      "benefit": "{key:\"minecraft:generic.max_health\",op:0,type:\"att\",val:2.0d}"
    },
    {
      "threshold": 5,
      "benefit": "{key:\"minecraft:strength\",type:\"eff\",val:0.0d}"
    },
    {
      "threshold": 7,
      "benefit": "{key:\"minecraft:regeneration\",type:\"eff\",val:0.0d}"
    },
    {
      "threshold": 10,
      "benefit": "{key:\"minecraft:speed\",type:\"eff\",val:0.0d}"
    },
    {
      "threshold": 13,
      "benefit": "{key:\"minecraft:generic.armor_toughness\",op:0,type:\"att\",val:2.0d}"
    },
    {
      "threshold": 18,
      "benefit": "{key:\"minecraft:strength\",type:\"eff\",val:1.0d}"
    },
    {
      "threshold": 25,
      "benefit": "{key:\"minecraft:generic.max_health\",op:0,type:\"att\",val:4.0d}"
    },
    {
      "threshold": 31,
      "benefit": "{key:\"minecraft:generic.max_health\",op:0,type:\"att\",val:6.0d}"
    }
  ],
  "shouldExcludedCount": true,
  "complexityStandardNutrition": 5,
  "complexityStandardSaturation": 0.6,
  "complexityBenefitEffectModifier": 0.2,
  "complexityNeutralEffectModifier": 0,
  "complexityHarmEffectModifier": -0.2,
  "foodDiversity": [
    {
      "ingredient": "{id:\"item\",item:\"minecraft:golden_carrot\"}",
      "diversity": 2
    },
    {
      "ingredient": "{id:\"item\",item:\"minecraft:golden_apple\"}",
      "diversity": 2
    },
    {
      "ingredient": "{id:\"item\",item:\"minecraft:enchanted_golden_apple\"}",
      "diversity": 5
    }
  ]
}