{
	"format_version": "1.12.0",
	"minecraft:geometry": [
		{
			"description": {
				"identifier": "geometry.unknown",
				"texture_width": 32,
				"texture_height": 32,
				"visible_bounds_width": 3,
				"visible_bounds_height": 1.5,
				"visible_bounds_offset": [0, 0.25, 0]
			},
			"bones": [
				{
					"name": "bayonet",
					"pivot": [-0.125, -1.62204, -9.06518],
					"cubes": [
						{
							"origin": [-0.5, -1.71202, -0.57906],
							"size": [1, 1.25, 0.3125],
							"uv": {
								"north": {"uv": [10, 10], "uv_size": [1, 1.25]},
								"east": {"uv": [3, 19], "uv_size": [0.25, 1.25]},
								"south": {"uv": [2, 12], "uv_size": [1, 1.25]},
								"west": {"uv": [10, 19], "uv_size": [0.25, 1.25]},
								"up": {"uv": [18, 20], "uv_size": [1, 0.25]},
								"down": {"uv": [20, 20.25], "uv_size": [1, -0.25]}
							}
						},
						{
							"origin": [-0.09375, -1.71202, -0.26656],
							"size": [0.1875, 1.25, 0.25],
							"uv": {
								"north": {"uv": [12, 19], "uv_size": [0.25, 1.25]},
								"east": {"uv": [19, 17], "uv_size": [0.25, 1.25]},
								"south": {"uv": [20, 0], "uv_size": [0.25, 1.25]},
								"west": {"uv": [20, 3], "uv_size": [0.25, 1.25]},
								"up": {"uv": [26, 22], "uv_size": [0.25, 0.25]},
								"down": {"uv": [24, 26.25], "uv_size": [0.25, -0.25]}
							}
						},
						{
							"origin": [-0.25, -2.33702, -0.57906],
							"size": [0.5, 0.625, 0.3125],
							"uv": {
								"north": {"uv": [18, 2], "uv_size": [0.5, 0.75]},
								"east": {"uv": [24, 12], "uv_size": [0.25, 0.75]},
								"south": {"uv": [18, 4], "uv_size": [0.5, 0.75]},
								"west": {"uv": [24, 14], "uv_size": [0.25, 0.75]}
							}
						},
						{
							"origin": [-0.25, -2.33388, -0.69019],
							"size": [0.5, 0.22097, 0.22097],
							"pivot": [0, -2.4696, -0.63842],
							"rotation": [-45, 0, 0],
							"uv": {
								"east": {"uv": [28, 4], "uv_size": [0.25, 0.25]},
								"south": {"uv": [25, 18], "uv_size": [0.5, 0.25]},
								"west": {"uv": [6, 28], "uv_size": [0.25, 0.25]},
								"down": {"uv": [26, 0.25], "uv_size": [0.5, -0.25]}
							}
						},
						{
							"origin": [-0.49372, -2.22719, -0.57906],
							"size": [0.70711, 0.70711, 0.3125],
							"inflate": -0.002,
							"pivot": [0.125, -1.96202, -0.45406],
							"rotation": [0, 0, 45],
							"uv": {
								"north": {"uv": [6, 14], "uv_size": [0.75, 0.75]},
								"south": {"uv": [14, 10], "uv_size": [0.75, 0.75]},
								"west": {"uv": [16, 24], "uv_size": [0.25, 0.75]},
								"down": {"uv": [18, 24.25], "uv_size": [0.75, -0.25]}
							}
						}
					]
				},
				{
					"name": "bayonet2",
					"parent": "bayonet",
					"pivot": [0, -1.46202, 2.02094],
					"rotation": [0, 0, -180],
					"cubes": [
						{
							"origin": [-0.375, -2.46202, 2.42094],
							"size": [0.75, 1.5, 3.5],
							"uv": {
								"north": {"uv": [3, 4], "uv_size": [0.75, 1.5]},
								"east": {"uv": [17, 21], "uv_size": [3.5, 1.5]},
								"south": {"uv": [5, 5], "uv_size": [0.75, 1.5]},
								"west": {"uv": [0, 23], "uv_size": [3.5, 1.5]},
								"up": {"uv": [3, 0], "uv_size": [0.75, 3.5]},
								"down": {"uv": [2, 8.5], "uv_size": [0.75, -3.5]}
							}
						},
						{
							"origin": [-0.375, -3.95013, 2.13405],
							"size": [0.75, 0.375, 0.375],
							"inflate": 0.01,
							"pivot": [0, -1.71202, 0.27094],
							"rotation": [45, 0, 0],
							"uv": {
								"north": {"uv": [16, 14], "uv_size": [0.75, 0.5]},
								"east": {"uv": [20, 10], "uv_size": [0.5, 0.5]},
								"south": {"uv": [16, 16], "uv_size": [0.75, 0.5]},
								"west": {"uv": [20, 12], "uv_size": [0.5, 0.5]},
								"up": {"uv": [0, 17], "uv_size": [0.75, 0.5]},
								"down": {"uv": [2, 17.5], "uv_size": [0.75, -0.5]}
							}
						},
						{
							"origin": [-0.375, -3.95013, -0.36595],
							"size": [0.75, 0.375, 0.375],
							"inflate": 0.01,
							"pivot": [0, -1.71202, -2.22906],
							"rotation": [45, 0, 0],
							"uv": {
								"north": {"uv": [4, 17], "uv_size": [0.75, 0.5]},
								"east": {"uv": [20, 14], "uv_size": [0.5, 0.5]},
								"south": {"uv": [10, 17], "uv_size": [0.75, 0.5]},
								"west": {"uv": [16, 20], "uv_size": [0.5, 0.5]},
								"up": {"uv": [12, 17], "uv_size": [0.75, 0.5]},
								"down": {"uv": [18, 0.5], "uv_size": [0.75, -0.5]}
							}
						},
						{
							"origin": [-0.375, -2.21202, -0.32906],
							"size": [0.75, 1, 2.75],
							"uv": {
								"east": {"uv": [6, 6], "uv_size": [2.75, 1]},
								"west": {"uv": [8, 0], "uv_size": [2.75, 1]},
								"up": {"uv": [8, 2], "uv_size": [0.75, 2.75]},
								"down": {"uv": [6, 10.75], "uv_size": [0.75, -2.75]}
							}
						},
						{
							"origin": [-0.375, -1.33852, -0.33182],
							"size": [0.75, 0.25, 2.75],
							"inflate": -0.002,
							"pivot": [-0.5, -0.96202, -0.47906],
							"rotation": [2.5, 0, 0],
							"uv": {
								"east": {"uv": [14, 0], "uv_size": [2.75, 0.25]},
								"west": {"uv": [14, 4], "uv_size": [2.75, 0.25]},
								"up": {"uv": [8, 8], "uv_size": [0.75, 2.75]}
							}
						},
						{
							"origin": [-0.375, -2.08702, 5.92094],
							"size": [0.75, 1, 1],
							"uv": {
								"east": {"uv": [12, 0], "uv_size": [1, 1]},
								"south": {"uv": [12, 11], "uv_size": [0.75, 1]},
								"west": {"uv": [6, 12], "uv_size": [1, 1]},
								"down": {"uv": [0, 14], "uv_size": [0.75, -1]}
							}
						},
						{
							"origin": [-0.375, -2.33552, -0.33182],
							"size": [0.75, 0.25, 2.75],
							"inflate": -0.002,
							"pivot": [-0.5, -2.46202, -0.47906],
							"rotation": [-2.5, 0, 0],
							"uv": {
								"east": {"uv": [14, 6], "uv_size": [2.75, 0.25]},
								"west": {"uv": [14, 8], "uv_size": [2.75, 0.25]},
								"down": {"uv": [0, 11.75], "uv_size": [0.75, -2.75]}
							}
						},
						{
							"origin": [-0.375, -1.08702, 5.92094],
							"size": [0.75, 0.375, 0.625],
							"uv": {
								"east": {"uv": [6, 18], "uv_size": [0.75, 0.5]},
								"west": {"uv": [18, 6], "uv_size": [0.75, 0.5]},
								"up": {"uv": [14, 12], "uv_size": [0.75, 0.75]}
							}
						},
						{
							"origin": [-0.375, -0.44402, 4.58602],
							"size": [0.75, 1.08211, 0.42678],
							"inflate": -0.002,
							"pivot": [-0.375, -2.08702, 4.02094],
							"rotation": [-70, 0, 0],
							"uv": {
								"north": {"uv": [10, 13], "uv_size": [0.75, 1]},
								"east": {"uv": [16, 2], "uv_size": [0.5, 1]},
								"south": {"uv": [12, 13], "uv_size": [0.75, 1]},
								"west": {"uv": [6, 16], "uv_size": [0.5, 1]},
								"down": {"uv": [8, 18.5], "uv_size": [0.75, -0.5]}
							}
						},
						{
							"origin": [-0.375, -3.51708, 0.65783],
							"size": [0.75, 0.45711, 0.42678],
							"inflate": -0.002,
							"pivot": [0, -1.11291, 2.92183],
							"rotation": [135, 0, 0],
							"uv": {
								"east": {"uv": [21, 16], "uv_size": [0.5, 0.5]},
								"south": {"uv": [18, 8], "uv_size": [0.75, 0.5]},
								"west": {"uv": [21, 18], "uv_size": [0.5, 0.5]},
								"down": {"uv": [18, 10.5], "uv_size": [0.75, -0.5]}
							}
						},
						{
							"origin": [-0.375, -3.39208, 5.45727],
							"size": [0.75, 0.53034, 0.42678],
							"inflate": -0.002,
							"pivot": [0, -0.98791, 3.62005],
							"rotation": [45, 0, 0],
							"uv": {
								"east": {"uv": [22, 0], "uv_size": [0.5, 0.5]},
								"south": {"uv": [18, 12], "uv_size": [0.75, 0.5]},
								"west": {"uv": [2, 22], "uv_size": [0.5, 0.5]}
							}
						},
						{
							"origin": [-0.4375, -3.76263, 5.25905],
							"size": [0.875, 0.5, 0.5],
							"pivot": [0, -1.46202, 3.52094],
							"rotation": [45, 0, 0],
							"uv": {
								"north": {"uv": [2, 15], "uv_size": [1, 0.5]},
								"east": {"uv": [0, 21], "uv_size": [0.5, 0.5]},
								"south": {"uv": [4, 15], "uv_size": [1, 0.5]},
								"west": {"uv": [14, 21], "uv_size": [0.5, 0.5]},
								"up": {"uv": [10, 15], "uv_size": [1, 0.5]},
								"down": {"uv": [12, 15.5], "uv_size": [1, -0.5]}
							}
						}
					]
				},
				{
					"name": "bone",
					"parent": "bayonet",
					"pivot": [0, -1.09312, -10.33886],
					"cubes": [
						{
							"origin": [-0.125, -1.96202, -6.57906],
							"size": [0.25, 1.25, 6],
							"uv": {
								"north": {"uv": [14, 18], "uv_size": [0.25, 1.25]},
								"east": {"uv": [0, 0], "uv_size": [3, 1.25]},
								"west": {"uv": [0, 3], "uv_size": [3, 1.25]},
								"down": {"uv": [12, 10], "uv_size": [0.25, -3]}
							}
						},
						{
							"origin": [-0.125, -1.96202, -9.20406],
							"size": [0.25, 1.25, 5],
							"inflate": 0.005,
							"uv": {
								"east": {"uv": [4, 0], "uv_size": [3, 1.25]},
								"south": {"uv": [18, 14], "uv_size": [0.25, 1.25]},
								"west": {"uv": [4, 3], "uv_size": [3, 1.25]},
								"down": {"uv": [8, 15], "uv_size": [0.25, -3]}
							}
						},
						{
							"origin": [-0.22097, -0.74549, -7.45406],
							"size": [0.17678, 0.17678, 6.875],
							"pivot": [0, -0.52452, -4.07906],
							"rotation": [0, 0, -45],
							"uv": {
								"south": {"uv": [2, 26], "uv_size": [0.25, 0.25]},
								"west": {"uv": [10, 2], "uv_size": [5, 0.25]},
								"up": {"uv": [10, 4], "uv_size": [0.25, 5]}
							}
						},
						{
							"origin": [-0.125, -1.01591, -8.19625],
							"size": [0.25, 0.25, 0.75],
							"pivot": [0, -0.82841, -8.06734],
							"rotation": [5, 0, 0],
							"uv": {
								"east": {"uv": [6, 22], "uv_size": [0.75, 0.25]},
								"west": {"uv": [22, 6], "uv_size": [0.75, 0.25]},
								"up": {"uv": [8, 22], "uv_size": [0.25, 0.75]}
							}
						},
						{
							"origin": [-0.04419, -0.87261, -8.19625],
							"size": [0.17677, 0.17678, 0.76563],
							"pivot": [0, -0.82841, -8.06734],
							"rotation": [3.54, 3.5333, -44.8908],
							"uv": {
								"west": {"uv": [22, 8], "uv_size": [0.75, 0.25]},
								"up": {"uv": [10, 22], "uv_size": [0.25, 0.75]}
							}
						},
						{
							"origin": [-0.125, -1.28601, -8.91387],
							"size": [0.25, 0.35, 0.75],
							"pivot": [0, -0.99851, -8.78496],
							"rotation": [15, 0, 0],
							"uv": {
								"north": {"uv": [26, 2], "uv_size": [0.25, 0.25]},
								"east": {"uv": [22, 10], "uv_size": [0.75, 0.25]},
								"west": {"uv": [12, 22], "uv_size": [0.75, 0.25]},
								"up": {"uv": [22, 12], "uv_size": [0.25, 0.75]}
							}
						},
						{
							"origin": [-0.04419, -1.0427, -8.91387],
							"size": [0.17677, 0.17677, 0.76563],
							"pivot": [0, -0.99851, -8.78496],
							"rotation": [10.7286, 10.5453, -44.007],
							"uv": {
								"west": {"uv": [22, 14], "uv_size": [0.75, 0.25]},
								"up": {"uv": [16, 22], "uv_size": [0.25, 0.75]}
							}
						},
						{
							"origin": [-0.125, -1.49193, -9.3232],
							"size": [0.25, 0.2875, 0.46875],
							"pivot": [0, -1.26693, -9.47555],
							"rotation": [22.5, 0, 0],
							"uv": {
								"north": {"uv": [4, 26], "uv_size": [0.25, 0.25]},
								"east": {"uv": [22, 24], "uv_size": [0.5, 0.25]},
								"south": {"uv": [26, 4], "uv_size": [0.25, 0.25]},
								"west": {"uv": [24, 22], "uv_size": [0.5, 0.25]},
								"up": {"uv": [24, 24], "uv_size": [0.25, 0.5]},
								"down": {"uv": [0, 25.5], "uv_size": [0.25, -0.5]}
							}
						},
						{
							"origin": [-0.04419, -1.31112, -9.3232],
							"size": [0.17677, 0.17678, 0.48437],
							"pivot": [0, -1.26693, -9.47555],
							"rotation": [16.3249, 15.6999, -42.7342],
							"uv": {
								"north": {"uv": [6, 26], "uv_size": [0.25, 0.25]},
								"west": {"uv": [14, 25], "uv_size": [0.5, 0.25]},
								"up": {"uv": [25, 16], "uv_size": [0.25, 0.5]}
							}
						},
						{
							"origin": [-0.01105, -1.26425, -9.50329],
							"size": [0.17678, 0.15625, 0.17677],
							"pivot": [0, -1.20175, -9.49224],
							"rotation": [-20.7536, -43.0795, 14.5108],
							"uv": {
								"north": {"uv": [26, 10], "uv_size": [0.25, 0.25]},
								"east": {"uv": [12, 26], "uv_size": [0.25, 0.25]},
								"south": {"uv": [26, 12], "uv_size": [0.25, 0.25]},
								"west": {"uv": [26, 14], "uv_size": [0.25, 0.25]},
								"up": {"uv": [16, 26], "uv_size": [0.25, 0.25]},
								"down": {"uv": [18, 26.25], "uv_size": [0.25, -0.25]}
							}
						},
						{
							"origin": [-0.01105, -1.13999, -9.44991],
							"size": [0.17678, 0.10937, 0.17678],
							"pivot": [0, -1.09312, -9.43886],
							"rotation": [-54.7356, -30, 35.2644],
							"uv": {
								"north": {"uv": [26, 20], "uv_size": [0.25, 0.25]},
								"east": {"uv": [22, 26], "uv_size": [0.25, 0.25]}
							}
						}
					]
				},
				{
					"name": "bone2",
					"parent": "bone",
					"pivot": [0, -1.49312, -12.33886],
					"rotation": [0, 0, -180],
					"cubes": [
						{
							"origin": [-0.22097, -1.14549, -7.45406],
							"size": [0.17678, 0.17678, 6.875],
							"pivot": [0, -0.92452, -6.97906],
							"rotation": [0, 0, -45],
							"uv": {
								"south": {"uv": [2, 26], "uv_size": [0.25, 0.25]},
								"west": {"uv": [10, 2], "uv_size": [5, 0.25]},
								"up": {"uv": [10, 4], "uv_size": [0.25, 5]}
							}
						},
						{
							"origin": [-0.125, -1.66866, -8.20729],
							"size": [0.25, 0.25, 0.75],
							"pivot": [0, -1.22841, -10.96734],
							"rotation": [5, 0, 0],
							"uv": {
								"east": {"uv": [6, 22], "uv_size": [0.75, 0.25]},
								"west": {"uv": [22, 6], "uv_size": [0.75, 0.25]},
								"up": {"uv": [8, 22], "uv_size": [0.25, 0.75]}
							}
						},
						{
							"origin": [-0.22291, -1.45133, -8.20729],
							"size": [0.17677, 0.17678, 0.76563],
							"pivot": [0, -1.22841, -10.96734],
							"rotation": [3.54, 3.5333, -44.8908],
							"uv": {
								"west": {"uv": [22, 8], "uv_size": [0.75, 0.25]},
								"up": {"uv": [10, 22], "uv_size": [0.25, 0.75]}
							}
						},
						{
							"origin": [-0.125, -2.43659, -9.01269],
							"size": [0.25, 0.35, 0.75],
							"pivot": [0, -1.39851, -11.68496],
							"rotation": [15, 0, 0],
							"uv": {
								"north": {"uv": [26, 2], "uv_size": [0.25, 0.25]},
								"east": {"uv": [22, 10], "uv_size": [0.75, 0.25]},
								"west": {"uv": [12, 22], "uv_size": [0.75, 0.25]},
								"up": {"uv": [22, 12], "uv_size": [0.25, 0.75]}
							}
						},
						{
							"origin": [-0.57493, -1.97344, -9.01269],
							"size": [0.17677, 0.17677, 0.76563],
							"pivot": [0, -1.39851, -11.68496],
							"rotation": [10.7286, 10.5453, -44.007],
							"uv": {
								"west": {"uv": [22, 14], "uv_size": [0.75, 0.25]},
								"up": {"uv": [16, 22], "uv_size": [0.25, 0.75]}
							}
						},
						{
							"origin": [-0.125, -3.00171, -9.54395],
							"size": [0.25, 0.2875, 0.46875],
							"pivot": [0, -1.66693, -12.37555],
							"rotation": [22.5, 0, 0],
							"uv": {
								"north": {"uv": [4, 26], "uv_size": [0.25, 0.25]},
								"east": {"uv": [22, 24], "uv_size": [0.5, 0.25]},
								"south": {"uv": [26, 4], "uv_size": [0.25, 0.25]},
								"west": {"uv": [24, 22], "uv_size": [0.5, 0.25]},
								"up": {"uv": [24, 24], "uv_size": [0.25, 0.5]},
								"down": {"uv": [0, 25.5], "uv_size": [0.25, -0.5]}
							}
						},
						{
							"origin": [-0.82893, -2.49585, -9.54395],
							"size": [0.17677, 0.17678, 0.48437],
							"pivot": [0, -1.66693, -12.37555],
							"rotation": [16.3249, 15.6999, -42.7342],
							"uv": {
								"north": {"uv": [6, 26], "uv_size": [0.25, 0.25]},
								"west": {"uv": [14, 25], "uv_size": [0.5, 0.25]},
								"up": {"uv": [25, 16], "uv_size": [0.25, 0.5]}
							}
						},
						{
							"origin": [1.96969, -0.91367, -10.42255],
							"size": [0.17678, 0.15625, 0.17677],
							"pivot": [0, -1.60175, -12.39224],
							"rotation": [-20.7536, -43.0795, 14.5108],
							"uv": {
								"north": {"uv": [26, 10], "uv_size": [0.25, 0.25]},
								"east": {"uv": [12, 26], "uv_size": [0.25, 0.25]},
								"south": {"uv": [26, 12], "uv_size": [0.25, 0.25]},
								"west": {"uv": [26, 14], "uv_size": [0.25, 0.25]},
								"up": {"uv": [16, 26], "uv_size": [0.25, 0.25]},
								"down": {"uv": [18, 26.25], "uv_size": [0.25, -0.25]}
							}
						},
						{
							"origin": [1.43895, 0.51062, -10.89991],
							"size": [0.17678, 0.10937, 0.17678],
							"pivot": [0, -1.49312, -12.33886],
							"rotation": [-54.7356, -30, 35.2644],
							"uv": {
								"north": {"uv": [26, 20], "uv_size": [0.25, 0.25]},
								"east": {"uv": [22, 26], "uv_size": [0.25, 0.25]}
							}
						}
					]
				}
			]
		}
	]
}