{
	"format_version": "1.12.0",
	"minecraft:geometry": [
		{
			"description": {
				"identifier": "geometry.unknown",
				"texture_width": 64,
				"texture_height": 64,
				"visible_bounds_width": 4,
				"visible_bounds_height": 2,
				"visible_bounds_offset": [0, 0, 0]
			},
			"bones": [
				{
					"name": "dagger",
					"pivot": [0, -8, -1.125]
				},
				{
					"name": "octagon3",
					"pivot": [0, 0, 1],
					"rotation": [0, 0, -90]
				},
				{
					"name": "octagon",
					"parent": "octagon3",
					"pivot": [-1.3125, -0.02859, -2.48876],
					"cubes": [
						{
							"origin": [-1.48777, -0.42315, 0.06968],
							"size": [0.35055, 0.8463, 1.76378],
							"pivot": [-1.3125, 0, 0.75],
							"rotation": [0, 0, 45],
							"uv": {
								"north": {"uv": [19, 28], "uv_size": [0.5, 1]},
								"east": {"uv": [20, 20], "uv_size": [2, 1]},
								"south": {"uv": [28, 19], "uv_size": [0.5, 1]},
								"west": {"uv": [21, 16], "uv_size": [2, 1]},
								"up": {"uv": [16, 23], "uv_size": [0.5, 2]},
								"down": {"uv": [23, 18], "uv_size": [0.5, -2]}
							}
						},
						{
							"origin": [-1.48777, -0.42315, 0.06968],
							"size": [0.35055, 0.8463, 1.76378],
							"uv": {
								"north": {"uv": [20, 28], "uv_size": [0.5, 1]},
								"east": {"uv": [21, 17], "uv_size": [2, 1]},
								"south": {"uv": [28, 20], "uv_size": [0.5, 1]},
								"west": {"uv": [20, 21], "uv_size": [2, 1]},
								"up": {"uv": [17, 23], "uv_size": [0.5, 2]},
								"down": {"uv": [23, 20], "uv_size": [0.5, -2]}
							}
						},
						{
							"origin": [-1.73565, -0.17527, 0.06968],
							"size": [0.8463, 0.35055, 1.76378],
							"pivot": [-1.3125, 0, 0.75],
							"rotation": [0, 0, 45],
							"uv": {
								"north": {"uv": [21, 28], "uv_size": [1, 0.5]},
								"east": {"uv": [23, 20], "uv_size": [2, 0.5]},
								"south": {"uv": [28, 21], "uv_size": [1, 0.5]},
								"west": {"uv": [23, 21], "uv_size": [2, 0.5]},
								"up": {"uv": [20, 22], "uv_size": [1, 2]},
								"down": {"uv": [22, 22], "uv_size": [1, -2]}
							}
						},
						{
							"origin": [-1.73565, -0.17527, 0.06968],
							"size": [0.8463, 0.35055, 1.76378],
							"uv": {
								"north": {"uv": [22, 28], "uv_size": [1, 0.5]},
								"east": {"uv": [23, 22], "uv_size": [2, 0.5]},
								"south": {"uv": [28, 22], "uv_size": [1, 0.5]},
								"west": {"uv": [23, 23], "uv_size": [2, 0.5]},
								"up": {"uv": [21, 22], "uv_size": [1, 2]},
								"down": {"uv": [22, 24], "uv_size": [1, -2]}
							}
						}
					]
				},
				{
					"name": "octagon6",
					"parent": "octagon",
					"pivot": [-1.3125, 0.00547, -9.08804],
					"cubes": [
						{
							"origin": [-1.36277, 0.06123, -13.18032],
							"size": [0.10055, 0.36193, 13.26378],
							"pivot": [-1.36277, 0.42315, 0.08345],
							"rotation": [0.5, 0, 0],
							"uv": {
								"north": {"uv": [8, 8], "uv_size": [0.5, 0.5]},
								"east": {"uv": [4, 4], "uv_size": [13.5, 0.5]},
								"south": {"uv": [8, 9], "uv_size": [0.5, 0.5]},
								"west": {"uv": [4, 5], "uv_size": [13.5, 0.5]},
								"up": {"uv": [4, 6], "uv_size": [0.5, 13.5]},
								"down": {"uv": [5, 19.5], "uv_size": [0.5, -13.5]}
							}
						},
						{
							"origin": [-1.36277, -0.42315, -13.18386],
							"size": [0.10055, 0.40535, 13.26731],
							"pivot": [-1.36277, -0.42315, 0.08345],
							"rotation": [-0.5, 0, 0],
							"uv": {
								"north": {"uv": [9, 8], "uv_size": [0.5, 0.5]},
								"east": {"uv": [6, 6], "uv_size": [13.5, 0.5]},
								"south": {"uv": [9, 9], "uv_size": [0.5, 0.5]},
								"west": {"uv": [6, 7], "uv_size": [13.5, 0.5]},
								"up": {"uv": [6, 8], "uv_size": [0.5, 13.5]},
								"down": {"uv": [7, 21.5], "uv_size": [0.5, -13.5]}
							}
						},
						{
							"origin": [-1.36277, -0.22315, -4.58386],
							"size": [0.10055, 0.40535, 4.66731],
							"pivot": [-1.36277, -0.42315, 0.08345],
							"rotation": [-0.5, 0, 0],
							"uv": {
								"north": {"uv": [9, 8], "uv_size": [0.5, 0.5]},
								"east": {"uv": [6, 6], "uv_size": [13.5, 0.5]},
								"south": {"uv": [9, 9], "uv_size": [0.5, 0.5]},
								"west": {"uv": [6, 7], "uv_size": [13.5, 0.5]},
								"up": {"uv": [6, 8], "uv_size": [0.5, 13.5]},
								"down": {"uv": [7, 21.5], "uv_size": [0.5, -13.5]}
							}
						},
						{
							"origin": [-1.36277, -0.03252, 0.08345],
							"size": [0.10055, 0.09375, 0],
							"pivot": [-1.36277, 0.42315, 0.08345],
							"rotation": [0.5, 0, 0],
							"uv": {
								"north": {"uv": [8, 10], "uv_size": [0.5, 0.5]},
								"east": {"uv": [0, 0], "uv_size": [0, 0.5]},
								"south": {"uv": [10, 8], "uv_size": [0.5, 0.5]},
								"west": {"uv": [0, 0], "uv_size": [0, 0.5]},
								"up": {"uv": [0, 0], "uv_size": [0.5, 0]},
								"down": {"uv": [0, 0], "uv_size": [0.5, 0]}
							}
						}
					]
				},
				{
					"name": "octagon2",
					"parent": "octagon3",
					"pivot": [0, 0, 1.59375],
					"cubes": [
						{
							"origin": [-0.20495, -0.4948, 1.82979],
							"size": [0.40991, 0.09896, 0.37136],
							"pivot": [0, 0, 1.59375],
							"rotation": [0, 0, 45],
							"uv": {
								"north": {"uv": [29, 3], "uv_size": [0.5, 0.5]},
								"east": {"uv": [16, 29], "uv_size": [0.5, 0.5]},
								"south": {"uv": [29, 16], "uv_size": [0.5, 0.5]},
								"west": {"uv": [17, 29], "uv_size": [0.5, 0.5]},
								"up": {"uv": [29, 17], "uv_size": [0.5, 0.5]},
								"down": {"uv": [18, 29.5], "uv_size": [0.5, -0.5]}
							}
						},
						{
							"origin": [-0.20495, -0.4948, 1.82979],
							"size": [0.40991, 0.09896, 0.37136],
							"uv": {
								"north": {"uv": [29, 18], "uv_size": [0.5, 0.5]},
								"east": {"uv": [19, 29], "uv_size": [0.5, 0.5]},
								"south": {"uv": [29, 19], "uv_size": [0.5, 0.5]},
								"west": {"uv": [20, 29], "uv_size": [0.5, 0.5]},
								"up": {"uv": [29, 20], "uv_size": [0.5, 0.5]},
								"down": {"uv": [21, 29.5], "uv_size": [0.5, -0.5]}
							}
						},
						{
							"origin": [-0.20495, 0.39584, 1.82979],
							"size": [0.40991, 0.09896, 0.37136],
							"pivot": [0, 0, 1.59375],
							"rotation": [0, 0, 45],
							"uv": {
								"north": {"uv": [29, 21], "uv_size": [0.5, 0.5]},
								"east": {"uv": [22, 29], "uv_size": [0.5, 0.5]},
								"south": {"uv": [29, 22], "uv_size": [0.5, 0.5]},
								"west": {"uv": [23, 29], "uv_size": [0.5, 0.5]},
								"up": {"uv": [29, 23], "uv_size": [0.5, 0.5]},
								"down": {"uv": [24, 29.5], "uv_size": [0.5, -0.5]}
							}
						},
						{
							"origin": [-0.20495, 0.39584, 1.82979],
							"size": [0.40991, 0.09896, 0.37136],
							"uv": {
								"north": {"uv": [29, 24], "uv_size": [0.5, 0.5]},
								"east": {"uv": [25, 29], "uv_size": [0.5, 0.5]},
								"south": {"uv": [29, 25], "uv_size": [0.5, 0.5]},
								"west": {"uv": [26, 29], "uv_size": [0.5, 0.5]},
								"up": {"uv": [29, 26], "uv_size": [0.5, 0.5]},
								"down": {"uv": [27, 29.5], "uv_size": [0.5, -0.5]}
							}
						},
						{
							"origin": [0.39584, -0.20495, 1.82979],
							"size": [0.09896, 0.40991, 0.37136],
							"pivot": [0, 0, 1.59375],
							"rotation": [0, 0, 45],
							"uv": {
								"north": {"uv": [29, 27], "uv_size": [0.5, 0.5]},
								"east": {"uv": [28, 29], "uv_size": [0.5, 0.5]},
								"south": {"uv": [29, 28], "uv_size": [0.5, 0.5]},
								"west": {"uv": [29, 29], "uv_size": [0.5, 0.5]},
								"up": {"uv": [0, 30], "uv_size": [0.5, 0.5]},
								"down": {"uv": [30, 0.5], "uv_size": [0.5, -0.5]}
							}
						},
						{
							"origin": [0.39584, -0.20495, 1.82979],
							"size": [0.09896, 0.40991, 0.37136],
							"uv": {
								"north": {"uv": [1, 30], "uv_size": [0.5, 0.5]},
								"east": {"uv": [30, 1], "uv_size": [0.5, 0.5]},
								"south": {"uv": [2, 30], "uv_size": [0.5, 0.5]},
								"west": {"uv": [30, 2], "uv_size": [0.5, 0.5]},
								"up": {"uv": [3, 30], "uv_size": [0.5, 0.5]},
								"down": {"uv": [30, 3.5], "uv_size": [0.5, -0.5]}
							}
						},
						{
							"origin": [-0.4948, -0.20495, 1.82979],
							"size": [0.09896, 0.40991, 0.37136],
							"pivot": [0, 0, 1.59375],
							"rotation": [0, 0, 45],
							"uv": {
								"north": {"uv": [30, 4], "uv_size": [0.5, 0.5]},
								"east": {"uv": [30, 5], "uv_size": [0.5, 0.5]},
								"south": {"uv": [16, 30], "uv_size": [0.5, 0.5]},
								"west": {"uv": [30, 16], "uv_size": [0.5, 0.5]},
								"up": {"uv": [17, 30], "uv_size": [0.5, 0.5]},
								"down": {"uv": [30, 17.5], "uv_size": [0.5, -0.5]}
							}
						},
						{
							"origin": [-0.4948, -0.20495, 1.82979],
							"size": [0.09896, 0.40991, 0.37136],
							"uv": {
								"north": {"uv": [18, 30], "uv_size": [0.5, 0.5]},
								"east": {"uv": [30, 18], "uv_size": [0.5, 0.5]},
								"south": {"uv": [19, 30], "uv_size": [0.5, 0.5]},
								"west": {"uv": [30, 19], "uv_size": [0.5, 0.5]},
								"up": {"uv": [20, 30], "uv_size": [0.5, 0.5]},
								"down": {"uv": [30, 20.5], "uv_size": [0.5, -0.5]}
							}
						}
					]
				},
				{
					"name": "octagon5",
					"parent": "octagon3",
					"pivot": [0, 0, 2.84375],
					"cubes": [
						{
							"origin": [-0.20495, -0.4948, 3.07979],
							"size": [0.40991, 0.09896, 0.37136],
							"pivot": [0, 0, 2.84375],
							"rotation": [0, 0, 45],
							"uv": {
								"north": {"uv": [31, 2], "uv_size": [0.5, 0.5]},
								"east": {"uv": [3, 31], "uv_size": [0.5, 0.5]},
								"south": {"uv": [31, 3], "uv_size": [0.5, 0.5]},
								"west": {"uv": [31, 4], "uv_size": [0.5, 0.5]},
								"up": {"uv": [31, 5], "uv_size": [0.5, 0.5]},
								"down": {"uv": [16, 31.5], "uv_size": [0.5, -0.5]}
							}
						},
						{
							"origin": [-0.20495, -0.4948, 3.07979],
							"size": [0.40991, 0.09896, 0.37136],
							"uv": {
								"north": {"uv": [31, 16], "uv_size": [0.5, 0.5]},
								"east": {"uv": [17, 31], "uv_size": [0.5, 0.5]},
								"south": {"uv": [31, 17], "uv_size": [0.5, 0.5]},
								"west": {"uv": [18, 31], "uv_size": [0.5, 0.5]},
								"up": {"uv": [31, 18], "uv_size": [0.5, 0.5]},
								"down": {"uv": [19, 31.5], "uv_size": [0.5, -0.5]}
							}
						},
						{
							"origin": [-0.20495, 0.39584, 3.07979],
							"size": [0.40991, 0.09896, 0.37136],
							"pivot": [0, 0, 2.84375],
							"rotation": [0, 0, 45],
							"uv": {
								"north": {"uv": [31, 19], "uv_size": [0.5, 0.5]},
								"east": {"uv": [20, 31], "uv_size": [0.5, 0.5]},
								"south": {"uv": [31, 20], "uv_size": [0.5, 0.5]},
								"west": {"uv": [21, 31], "uv_size": [0.5, 0.5]},
								"up": {"uv": [31, 21], "uv_size": [0.5, 0.5]},
								"down": {"uv": [22, 31.5], "uv_size": [0.5, -0.5]}
							}
						},
						{
							"origin": [-0.01745, 0.39584, 3.07979],
							"size": [0.22241, 0.09896, 0.37136],
							"uv": {
								"north": {"uv": [31, 22], "uv_size": [0.5, 0.5]},
								"east": {"uv": [23, 31], "uv_size": [0.5, 0.5]},
								"south": {"uv": [31, 23], "uv_size": [0.5, 0.5]},
								"west": {"uv": [24, 31], "uv_size": [0.5, 0.5]},
								"up": {"uv": [31, 24], "uv_size": [0.5, 0.5]},
								"down": {"uv": [25, 31.5], "uv_size": [0.5, -0.5]}
							}
						},
						{
							"origin": [0.39584, -0.20495, 3.07979],
							"size": [0.09896, 0.40991, 0.37136],
							"pivot": [0, 0, 2.84375],
							"rotation": [0, 0, 45],
							"uv": {
								"north": {"uv": [31, 25], "uv_size": [0.5, 0.5]},
								"east": {"uv": [26, 31], "uv_size": [0.5, 0.5]},
								"south": {"uv": [31, 26], "uv_size": [0.5, 0.5]},
								"west": {"uv": [27, 31], "uv_size": [0.5, 0.5]},
								"up": {"uv": [31, 27], "uv_size": [0.5, 0.5]},
								"down": {"uv": [28, 31.5], "uv_size": [0.5, -0.5]}
							}
						},
						{
							"origin": [0.39584, -0.20495, 3.07979],
							"size": [0.09896, 0.40991, 0.37136],
							"uv": {
								"north": {"uv": [31, 28], "uv_size": [0.5, 0.5]},
								"east": {"uv": [29, 31], "uv_size": [0.5, 0.5]},
								"south": {"uv": [31, 29], "uv_size": [0.5, 0.5]},
								"west": {"uv": [30, 31], "uv_size": [0.5, 0.5]},
								"up": {"uv": [31, 30], "uv_size": [0.5, 0.5]},
								"down": {"uv": [31, 31.5], "uv_size": [0.5, -0.5]}
							}
						},
						{
							"origin": [-0.4948, -0.20495, 3.07979],
							"size": [0.09896, 0.19116, 0.37136],
							"pivot": [0, 0, 2.84375],
							"rotation": [0, 0, 45],
							"uv": {
								"north": {"uv": [0, 32], "uv_size": [0.5, 0.5]},
								"east": {"uv": [32, 0], "uv_size": [0.5, 0.5]},
								"south": {"uv": [1, 32], "uv_size": [0.5, 0.5]},
								"west": {"uv": [32, 1], "uv_size": [0.5, 0.5]},
								"up": {"uv": [2, 32], "uv_size": [0.5, 0.5]},
								"down": {"uv": [32, 2.5], "uv_size": [0.5, -0.5]}
							}
						},
						{
							"origin": [-0.4948, -0.20495, 3.07979],
							"size": [0.09896, 0.40991, 0.37136],
							"uv": {
								"north": {"uv": [3, 32], "uv_size": [0.5, 0.5]},
								"east": {"uv": [32, 3], "uv_size": [0.5, 0.5]},
								"south": {"uv": [4, 32], "uv_size": [0.5, 0.5]},
								"west": {"uv": [32, 4], "uv_size": [0.5, 0.5]},
								"up": {"uv": [5, 32], "uv_size": [0.5, 0.5]},
								"down": {"uv": [32, 5.5], "uv_size": [0.5, -0.5]}
							}
						}
					]
				},
				{
					"name": "octagon4",
					"parent": "octagon3",
					"pivot": [0, 0, 1.25],
					"cubes": [
						{
							"origin": [-0.17223, -0.4158, 0.44835],
							"size": [0.34446, 0.08316, 1.38455],
							"pivot": [0, 0, 1.25],
							"rotation": [0, 0, 45],
							"uv": {
								"north": {"uv": [23, 28], "uv_size": [0.5, 0.5]},
								"east": {"uv": [24, 16], "uv_size": [1.5, 0.5]},
								"south": {"uv": [28, 23], "uv_size": [0.5, 0.5]},
								"west": {"uv": [24, 17], "uv_size": [1.5, 0.5]},
								"up": {"uv": [24, 18], "uv_size": [0.5, 1.5]},
								"down": {"uv": [20, 25.5], "uv_size": [0.5, -1.5]}
							}
						},
						{
							"origin": [-0.17223, -0.4158, 0.44835],
							"size": [0.34446, 0.08316, 1.38455],
							"uv": {
								"north": {"uv": [24, 28], "uv_size": [0.5, 0.5]},
								"east": {"uv": [21, 24], "uv_size": [1.5, 0.5]},
								"south": {"uv": [28, 24], "uv_size": [0.5, 0.5]},
								"west": {"uv": [23, 24], "uv_size": [1.5, 0.5]},
								"up": {"uv": [16, 25], "uv_size": [0.5, 1.5]},
								"down": {"uv": [17, 26.5], "uv_size": [0.5, -1.5]}
							}
						},
						{
							"origin": [-0.17223, 0.33264, 0.44835],
							"size": [0.34446, 0.08316, 1.38455],
							"pivot": [0, 0, 1.25],
							"rotation": [0, 0, 45],
							"uv": {
								"north": {"uv": [25, 28], "uv_size": [0.5, 0.5]},
								"east": {"uv": [18, 25], "uv_size": [1.5, 0.5]},
								"south": {"uv": [28, 25], "uv_size": [0.5, 0.5]},
								"west": {"uv": [25, 18], "uv_size": [1.5, 0.5]},
								"up": {"uv": [25, 19], "uv_size": [0.5, 1.5]},
								"down": {"uv": [21, 26.5], "uv_size": [0.5, -1.5]}
							}
						},
						{
							"origin": [-0.17223, 0.33264, 0.44835],
							"size": [0.34446, 0.08316, 1.38455],
							"uv": {
								"north": {"uv": [26, 28], "uv_size": [0.5, 0.5]},
								"east": {"uv": [25, 21], "uv_size": [1.5, 0.5]},
								"south": {"uv": [28, 26], "uv_size": [0.5, 0.5]},
								"west": {"uv": [22, 25], "uv_size": [1.5, 0.5]},
								"up": {"uv": [25, 22], "uv_size": [0.5, 1.5]},
								"down": {"uv": [24, 26.5], "uv_size": [0.5, -1.5]}
							}
						},
						{
							"origin": [0.33264, -0.17223, 0.44835],
							"size": [0.08316, 0.34446, 1.38455],
							"pivot": [0, 0, 1.25],
							"rotation": [0, 0, 45],
							"uv": {
								"north": {"uv": [27, 28], "uv_size": [0.5, 0.5]},
								"east": {"uv": [25, 24], "uv_size": [1.5, 0.5]},
								"south": {"uv": [28, 27], "uv_size": [0.5, 0.5]},
								"west": {"uv": [25, 25], "uv_size": [1.5, 0.5]},
								"up": {"uv": [26, 0], "uv_size": [0.5, 1.5]},
								"down": {"uv": [26, 17.5], "uv_size": [0.5, -1.5]}
							}
						},
						{
							"origin": [0.33264, -0.17223, 0.44835],
							"size": [0.08316, 0.34446, 1.38455],
							"uv": {
								"north": {"uv": [28, 28], "uv_size": [0.5, 0.5]},
								"east": {"uv": [18, 26], "uv_size": [1.5, 0.5]},
								"south": {"uv": [0, 29], "uv_size": [0.5, 0.5]},
								"west": {"uv": [26, 19], "uv_size": [1.5, 0.5]},
								"up": {"uv": [20, 26], "uv_size": [0.5, 1.5]},
								"down": {"uv": [22, 27.5], "uv_size": [0.5, -1.5]}
							}
						},
						{
							"origin": [-0.4158, -0.17223, 0.44835],
							"size": [0.08316, 0.34446, 1.38455],
							"pivot": [0, 0, 1.25],
							"rotation": [0, 0, 45],
							"uv": {
								"north": {"uv": [29, 0], "uv_size": [0.5, 0.5]},
								"east": {"uv": [26, 20], "uv_size": [1.5, 0.5]},
								"south": {"uv": [1, 29], "uv_size": [0.5, 0.5]},
								"west": {"uv": [26, 22], "uv_size": [1.5, 0.5]},
								"up": {"uv": [23, 26], "uv_size": [0.5, 1.5]},
								"down": {"uv": [25, 27.5], "uv_size": [0.5, -1.5]}
							}
						},
						{
							"origin": [-0.9783, -0.25035, 0.44835],
							"size": [0.66128, 0.50071, 1.38455],
							"uv": {
								"north": {"uv": [29, 1], "uv_size": [0.5, 0.5]},
								"east": {"uv": [26, 23], "uv_size": [1.5, 0.5]},
								"south": {"uv": [29, 2], "uv_size": [0.5, 0.5]},
								"west": {"uv": [26, 26], "uv_size": [1.5, 0.5]},
								"up": {"uv": [27, 0], "uv_size": [0.5, 1.5]},
								"down": {"uv": [16, 28.5], "uv_size": [0.5, -1.5]}
							}
						}
					]
				},
				{
					"name": "octagon8",
					"parent": "octagon3",
					"pivot": [0, 0, 3],
					"cubes": [
						{
							"origin": [-0.17223, -0.4158, 2.19835],
							"size": [0.34446, 0.08316, 0.88455],
							"pivot": [0, 0, 3],
							"rotation": [0, 0, 45],
							"uv": {
								"north": {"uv": [21, 30], "uv_size": [0.5, 0.5]},
								"east": {"uv": [27, 16], "uv_size": [1, 0.5]},
								"south": {"uv": [30, 21], "uv_size": [0.5, 0.5]},
								"west": {"uv": [17, 27], "uv_size": [1, 0.5]},
								"up": {"uv": [27, 17], "uv_size": [0.5, 1]},
								"down": {"uv": [18, 28], "uv_size": [0.5, -1]}
							}
						},
						{
							"origin": [-0.17223, -0.4158, 2.19835],
							"size": [0.34446, 0.08316, 0.88455],
							"uv": {
								"north": {"uv": [22, 30], "uv_size": [0.5, 0.5]},
								"east": {"uv": [27, 18], "uv_size": [1, 0.5]},
								"south": {"uv": [30, 22], "uv_size": [0.5, 0.5]},
								"west": {"uv": [19, 27], "uv_size": [1, 0.5]},
								"up": {"uv": [21, 27], "uv_size": [0.5, 1]},
								"down": {"uv": [27, 22], "uv_size": [0.5, -1]}
							}
						},
						{
							"origin": [-0.17223, 0.33264, 2.19835],
							"size": [0.34446, 0.08316, 0.88455],
							"pivot": [0, 0, 3],
							"rotation": [0, 0, 45],
							"uv": {
								"north": {"uv": [23, 30], "uv_size": [0.5, 0.5]},
								"east": {"uv": [24, 27], "uv_size": [1, 0.5]},
								"south": {"uv": [30, 23], "uv_size": [0.5, 0.5]},
								"west": {"uv": [27, 24], "uv_size": [1, 0.5]},
								"up": {"uv": [27, 25], "uv_size": [0.5, 1]},
								"down": {"uv": [26, 28], "uv_size": [0.5, -1]}
							}
						},
						{
							"origin": [0.33264, -0.17223, 2.19835],
							"size": [0.08316, 0.34446, 0.88455],
							"pivot": [0, 0, 3],
							"rotation": [0, 0, 45],
							"uv": {
								"north": {"uv": [24, 30], "uv_size": [0.5, 0.5]},
								"east": {"uv": [27, 27], "uv_size": [1, 0.5]},
								"south": {"uv": [30, 24], "uv_size": [0.5, 0.5]},
								"west": {"uv": [0, 28], "uv_size": [1, 0.5]},
								"up": {"uv": [28, 0], "uv_size": [0.5, 1]},
								"down": {"uv": [1, 29], "uv_size": [0.5, -1]}
							}
						},
						{
							"origin": [0.33264, -0.17223, 2.19835],
							"size": [0.08316, 0.34446, 0.88455],
							"uv": {
								"north": {"uv": [25, 30], "uv_size": [0.5, 0.5]},
								"east": {"uv": [28, 1], "uv_size": [1, 0.5]},
								"south": {"uv": [30, 25], "uv_size": [0.5, 0.5]},
								"west": {"uv": [28, 2], "uv_size": [1, 0.5]},
								"up": {"uv": [28, 3], "uv_size": [0.5, 1]},
								"down": {"uv": [28, 17], "uv_size": [0.5, -1]}
							}
						},
						{
							"origin": [-0.4158, -0.17223, 2.57335],
							"size": [0.08316, 0.15696, 0.50955],
							"pivot": [0, 0, 3],
							"rotation": [0, 0, 45],
							"uv": {
								"north": {"uv": [26, 30], "uv_size": [0.5, 0.5]},
								"east": {"uv": [30, 26], "uv_size": [0.5, 0.5]},
								"south": {"uv": [27, 30], "uv_size": [0.5, 0.5]},
								"west": {"uv": [30, 27], "uv_size": [0.5, 0.5]},
								"up": {"uv": [28, 30], "uv_size": [0.5, 0.5]},
								"down": {"uv": [30, 28.5], "uv_size": [0.5, -0.5]}
							}
						},
						{
							"origin": [-0.4158, -0.17223, 2.19835],
							"size": [0.08316, 0.34446, 0.38455],
							"pivot": [0, 0, 3],
							"rotation": [0, 0, 45],
							"uv": {
								"north": {"uv": [30, 30], "uv_size": [0.5, 0.5]},
								"east": {"uv": [0, 31], "uv_size": [0.5, 0.5]},
								"south": {"uv": [31, 0], "uv_size": [0.5, 0.5]},
								"west": {"uv": [1, 31], "uv_size": [0.5, 0.5]},
								"up": {"uv": [31, 1], "uv_size": [0.5, 0.5]},
								"down": {"uv": [2, 31.5], "uv_size": [0.5, -0.5]}
							}
						},
						{
							"origin": [-0.4158, -0.17223, 2.19835],
							"size": [0.08316, 0.34446, 0.88455],
							"uv": {
								"north": {"uv": [29, 30], "uv_size": [0.5, 0.5]},
								"east": {"uv": [17, 28], "uv_size": [1, 0.5]},
								"south": {"uv": [30, 29], "uv_size": [0.5, 0.5]},
								"west": {"uv": [28, 17], "uv_size": [1, 0.5]},
								"up": {"uv": [18, 28], "uv_size": [0.5, 1]},
								"down": {"uv": [28, 19], "uv_size": [0.5, -1]}
							}
						}
					]
				}
			]
		}
	]
}