{
	"format_version": "1.12.0",
	"minecraft:geometry": [
		{
			"description": {
				"identifier": "geometry.unknown",
				"texture_width": 256,
				"texture_height": 512,
				"visible_bounds_width": 8,
				"visible_bounds_height": 5,
				"visible_bounds_offset": [0, 0.5, 0]
			},
			"bones": [
				{
					"name": "scope_view",
					"pivot": [0, 0, 7.15]
				},
				{
					"name": "ocular",
					"pivot": [0, 0.01563, 5.21925],
					"cubes": [
						{
							"origin": [0.07203, -0.58494, 5.15625],
							"size": [0.21304, 1.071, 0.126],
							"pivot": [0.01074, -0.23244, 3.41588],
							"rotation": [0, 0, -45],
							"uv": {
								"south": {"uv": [61, 84], "uv_size": [0.5, 1]}
							}
						},
						{
							"origin": [-0.01077, -0.53465, 5.15625],
							"size": [0.21304, 1.071, 0.126],
							"pivot": [0.01074, -0.23244, 3.41588],
							"rotation": [0, 0, -22.5],
							"uv": {
								"south": {"uv": [63, 84], "uv_size": [0.5, 1]}
							}
						},
						{
							"origin": [-0.10652, -0.51988, 5.15625],
							"size": [0.21304, 1.071, 0.126],
							"uv": {
								"south": {"uv": [64, 84], "uv_size": [0.5, 1]}
							}
						},
						{
							"origin": [-0.20063, -0.54286, 5.15625],
							"size": [0.21304, 1.071, 0.126],
							"pivot": [0.01074, -0.23244, 3.41588],
							"rotation": [0, 0, 22.5],
							"uv": {
								"south": {"uv": [65, 84], "uv_size": [0.5, 1]}
							}
						},
						{
							"origin": [-0.27878, -0.60012, 5.15625],
							"size": [0.21304, 1.071, 0.126],
							"pivot": [0.01074, -0.23244, 3.41588],
							"rotation": [0, 0, 45],
							"uv": {
								"south": {"uv": [66, 84], "uv_size": [0.5, 1]}
							}
						},
						{
							"origin": [-0.43975, -0.10567, 5.15625],
							"size": [1.071, 0.21304, 0.126],
							"pivot": [0.01074, -0.23244, 3.41588],
							"rotation": [0, 0, -22.5],
							"uv": {
								"south": {"uv": [69, 84], "uv_size": [1, 0.5]}
							}
						},
						{
							"origin": [-0.5355, -0.09089, 5.15625],
							"size": [1.071, 0.21304, 0.126],
							"uv": {
								"south": {"uv": [70, 84], "uv_size": [1, 0.5]}
							}
						},
						{
							"origin": [-0.62961, -0.11388, 5.15625],
							"size": [1.071, 0.21304, 0.126],
							"pivot": [0.01074, -0.23244, 3.41588],
							"rotation": [0, 0, 22.5],
							"uv": {
								"south": {"uv": [71, 84], "uv_size": [1, 0.5]}
							}
						}
					]
				},
				{
					"name": "ocular_ring",
					"pivot": [-0.00001, 0, 5.20764],
					"cubes": [
						{
							"origin": [0.05766, -0.6433, 5.11942],
							"size": [0.23083, 0.06108, 0.17644],
							"pivot": [0.01039, -0.24049, 3.34057],
							"rotation": [0, 0, -45],
							"uv": {
								"north": {"uv": [85, 73], "uv_size": [0.5, 0.5]},
								"east": {"uv": [74, 85], "uv_size": [0.5, 0.5]},
								"south": {"uv": [85, 74], "uv_size": [0.5, 0.5]},
								"west": {"uv": [75, 85], "uv_size": [0.5, 0.5]},
								"up": {"uv": [85, 75], "uv_size": [0.5, 0.5]},
								"down": {"uv": [76, 85.5], "uv_size": [0.5, -0.5]}
							}
						},
						{
							"origin": [-0.02261, -0.59455, 5.11942],
							"size": [0.23082, 0.06108, 0.17644],
							"pivot": [0.01039, -0.24049, 3.34057],
							"rotation": [0, 0, -22.5],
							"uv": {
								"north": {"uv": [85, 76], "uv_size": [0.5, 0.5]},
								"east": {"uv": [77, 85], "uv_size": [0.5, 0.5]},
								"south": {"uv": [85, 77], "uv_size": [0.5, 0.5]},
								"west": {"uv": [78, 85], "uv_size": [0.5, 0.5]},
								"up": {"uv": [85, 78], "uv_size": [0.5, 0.5]},
								"down": {"uv": [79, 85.5], "uv_size": [0.5, -0.5]}
							}
						},
						{
							"origin": [-0.11544, -0.58023, 5.11942],
							"size": [0.23083, 0.06108, 0.17644],
							"uv": {
								"north": {"uv": [85, 79], "uv_size": [0.5, 0.5]},
								"east": {"uv": [80, 85], "uv_size": [0.5, 0.5]},
								"south": {"uv": [85, 80], "uv_size": [0.5, 0.5]},
								"west": {"uv": [81, 85], "uv_size": [0.5, 0.5]},
								"up": {"uv": [85, 81], "uv_size": [0.5, 0.5]},
								"down": {"uv": [82, 85.5], "uv_size": [0.5, -0.5]}
							}
						},
						{
							"origin": [-0.20667, -0.60251, 5.11942],
							"size": [0.23082, 0.06108, 0.17644],
							"pivot": [0.01039, -0.24049, 3.34057],
							"rotation": [0, 0, 22.5],
							"uv": {
								"north": {"uv": [85, 82], "uv_size": [0.5, 0.5]},
								"east": {"uv": [83, 85], "uv_size": [0.5, 0.5]},
								"south": {"uv": [85, 83], "uv_size": [0.5, 0.5]},
								"west": {"uv": [84, 85], "uv_size": [0.5, 0.5]},
								"up": {"uv": [85, 84], "uv_size": [0.5, 0.5]},
								"down": {"uv": [85, 85.5], "uv_size": [0.5, -0.5]}
							}
						},
						{
							"origin": [-0.28244, -0.65802, 5.11942],
							"size": [0.23083, 0.06108, 0.17644],
							"pivot": [0.01039, -0.24049, 3.34057],
							"rotation": [0, 0, 45],
							"uv": {
								"north": {"uv": [0, 86], "uv_size": [0.5, 0.5]},
								"east": {"uv": [1, 86], "uv_size": [0.5, 0.5]},
								"south": {"uv": [2, 86], "uv_size": [0.5, 0.5]},
								"west": {"uv": [3, 86], "uv_size": [0.5, 0.5]},
								"up": {"uv": [4, 86], "uv_size": [0.5, 0.5]},
								"down": {"uv": [5, 86.5], "uv_size": [0.5, -0.5]}
							}
						},
						{
							"origin": [0.05766, 0.45607, 5.11942],
							"size": [0.23083, 0.06108, 0.17644],
							"pivot": [0.01039, -0.24049, 3.34057],
							"rotation": [0, 0, -45],
							"uv": {
								"north": {"uv": [6, 86], "uv_size": [0.5, 0.5]},
								"east": {"uv": [7, 86], "uv_size": [0.5, 0.5]},
								"south": {"uv": [8, 86], "uv_size": [0.5, 0.5]},
								"west": {"uv": [9, 86], "uv_size": [0.5, 0.5]},
								"up": {"uv": [10, 86], "uv_size": [0.5, 0.5]},
								"down": {"uv": [11, 86.5], "uv_size": [0.5, -0.5]}
							}
						},
						{
							"origin": [-0.02261, 0.50483, 5.11942],
							"size": [0.23082, 0.06108, 0.17644],
							"pivot": [0.01039, -0.24049, 3.34057],
							"rotation": [0, 0, -22.5],
							"uv": {
								"north": {"uv": [13, 86], "uv_size": [0.5, 0.5]},
								"east": {"uv": [14, 86], "uv_size": [0.5, 0.5]},
								"south": {"uv": [15, 86], "uv_size": [0.5, 0.5]},
								"west": {"uv": [16, 86], "uv_size": [0.5, 0.5]},
								"up": {"uv": [17, 86], "uv_size": [0.5, 0.5]},
								"down": {"uv": [18, 86.5], "uv_size": [0.5, -0.5]}
							}
						},
						{
							"origin": [-0.11544, 0.51915, 5.11942],
							"size": [0.23083, 0.06108, 0.17644],
							"uv": {
								"north": {"uv": [19, 86], "uv_size": [0.5, 0.5]},
								"east": {"uv": [20, 86], "uv_size": [0.5, 0.5]},
								"south": {"uv": [21, 86], "uv_size": [0.5, 0.5]},
								"west": {"uv": [22, 86], "uv_size": [0.5, 0.5]},
								"up": {"uv": [23, 86], "uv_size": [0.5, 0.5]},
								"down": {"uv": [24, 86.5], "uv_size": [0.5, -0.5]}
							}
						},
						{
							"origin": [-0.20667, 0.49686, 5.11942],
							"size": [0.23082, 0.06108, 0.17644],
							"pivot": [0.01039, -0.24049, 3.34057],
							"rotation": [0, 0, 22.5],
							"uv": {
								"north": {"uv": [25, 86], "uv_size": [0.5, 0.5]},
								"east": {"uv": [26, 86], "uv_size": [0.5, 0.5]},
								"south": {"uv": [27, 86], "uv_size": [0.5, 0.5]},
								"west": {"uv": [28, 86], "uv_size": [0.5, 0.5]},
								"up": {"uv": [29, 86], "uv_size": [0.5, 0.5]},
								"down": {"uv": [30, 86.5], "uv_size": [0.5, -0.5]}
							}
						},
						{
							"origin": [-0.28244, 0.44135, 5.11942],
							"size": [0.23083, 0.06108, 0.17644],
							"pivot": [0.01039, -0.24049, 3.34057],
							"rotation": [0, 0, 45],
							"uv": {
								"north": {"uv": [31, 86], "uv_size": [0.5, 0.5]},
								"east": {"uv": [32, 86], "uv_size": [0.5, 0.5]},
								"south": {"uv": [33, 86], "uv_size": [0.5, 0.5]},
								"west": {"uv": [34, 86], "uv_size": [0.5, 0.5]},
								"up": {"uv": [35, 86], "uv_size": [0.5, 0.5]},
								"down": {"uv": [36, 86.5], "uv_size": [0.5, -0.5]}
							}
						},
						{
							"origin": [0.61197, -0.12974, 5.11942],
							"size": [0.06108, 0.23083, 0.17644],
							"pivot": [0.01039, -0.24049, 3.34057],
							"rotation": [0, 0, -22.5],
							"uv": {
								"north": {"uv": [37, 86], "uv_size": [0.5, 0.5]},
								"east": {"uv": [38, 86], "uv_size": [0.5, 0.5]},
								"south": {"uv": [39, 86], "uv_size": [0.5, 0.5]},
								"west": {"uv": [40, 86], "uv_size": [0.5, 0.5]},
								"up": {"uv": [41, 86], "uv_size": [0.5, 0.5]},
								"down": {"uv": [42, 86.5], "uv_size": [0.5, -0.5]}
							}
						},
						{
							"origin": [0.51915, -0.11542, 5.11942],
							"size": [0.06108, 0.23083, 0.17644],
							"uv": {
								"north": {"uv": [43, 86], "uv_size": [0.5, 0.5]},
								"east": {"uv": [44, 86], "uv_size": [0.5, 0.5]},
								"south": {"uv": [45, 86], "uv_size": [0.5, 0.5]},
								"west": {"uv": [46, 86], "uv_size": [0.5, 0.5]},
								"up": {"uv": [47, 86], "uv_size": [0.5, 0.5]},
								"down": {"uv": [48, 86.5], "uv_size": [0.5, -0.5]}
							}
						},
						{
							"origin": [0.42791, -0.1377, 5.11942],
							"size": [0.06108, 0.23082, 0.17644],
							"pivot": [0.01039, -0.24049, 3.34057],
							"rotation": [0, 0, 22.5],
							"uv": {
								"north": {"uv": [49, 86], "uv_size": [0.5, 0.5]},
								"east": {"uv": [50, 86], "uv_size": [0.5, 0.5]},
								"south": {"uv": [51, 86], "uv_size": [0.5, 0.5]},
								"west": {"uv": [52, 86], "uv_size": [0.5, 0.5]},
								"up": {"uv": [53, 86], "uv_size": [0.5, 0.5]},
								"down": {"uv": [54, 86.5], "uv_size": [0.5, -0.5]}
							}
						},
						{
							"origin": [-0.4874, -0.12974, 5.11942],
							"size": [0.06108, 0.23083, 0.17644],
							"pivot": [0.01039, -0.24049, 3.34057],
							"rotation": [0, 0, -22.5],
							"uv": {
								"north": {"uv": [55, 86], "uv_size": [0.5, 0.5]},
								"east": {"uv": [56, 86], "uv_size": [0.5, 0.5]},
								"south": {"uv": [57, 86], "uv_size": [0.5, 0.5]},
								"west": {"uv": [58, 86], "uv_size": [0.5, 0.5]},
								"up": {"uv": [59, 86], "uv_size": [0.5, 0.5]},
								"down": {"uv": [60, 86.5], "uv_size": [0.5, -0.5]}
							}
						},
						{
							"origin": [-0.58022, -0.11542, 5.11942],
							"size": [0.06108, 0.23083, 0.17644],
							"uv": {
								"north": {"uv": [61, 86], "uv_size": [0.5, 0.5]},
								"east": {"uv": [62, 86], "uv_size": [0.5, 0.5]},
								"south": {"uv": [63, 86], "uv_size": [0.5, 0.5]},
								"west": {"uv": [64, 86], "uv_size": [0.5, 0.5]},
								"up": {"uv": [65, 86], "uv_size": [0.5, 0.5]},
								"down": {"uv": [66, 86.5], "uv_size": [0.5, -0.5]}
							}
						},
						{
							"origin": [-0.67146, -0.1377, 5.11942],
							"size": [0.06108, 0.23082, 0.17644],
							"pivot": [0.01039, -0.24049, 3.34057],
							"rotation": [0, 0, 22.5],
							"uv": {
								"north": {"uv": [67, 86], "uv_size": [0.5, 0.5]},
								"east": {"uv": [68, 86], "uv_size": [0.5, 0.5]},
								"south": {"uv": [69, 86], "uv_size": [0.5, 0.5]},
								"west": {"uv": [70, 86], "uv_size": [0.5, 0.5]},
								"up": {"uv": [71, 86], "uv_size": [0.5, 0.5]},
								"down": {"uv": [72, 86.5], "uv_size": [0.5, -0.5]}
							}
						}
					]
				},
				{
					"name": "division",
					"pivot": [0, -1.68421, -41.75724],
					"cubes": [
						{
							"origin": [-50, -36, -43.45],
							"size": [100, 20, 2],
							"uv": {
								"south": {"uv": [12.5, 270.5], "uv_size": [8, -6]}
							}
						},
						{
							"origin": [-50, 16, -43.45],
							"size": [100, 20, 2],
							"uv": {
								"south": {"uv": [15, 267.5], "uv_size": [0, 4]}
							}
						},
						{
							"origin": [16, -16, -43.45],
							"size": [34, 32, 2],
							"uv": {
								"south": {"uv": [0, 267], "uv_size": [13.5, 9.5]}
							}
						},
						{
							"origin": [-50, -16, -43.45],
							"size": [34, 32, 2],
							"uv": {
								"south": {"uv": [7, 261], "uv_size": [6.5, 12]}
							}
						},
						{
							"origin": [-16, -16, -43.45],
							"size": [32, 32, 2],
							"uv": {
								"south": {"uv": [0, 256], "uv_size": [256, 256]}
							}
						},
						{
							"origin": [-16, -0.0625, -41.4375],
							"size": [32, 0.125, 0],
							"uv": {
								"south": {"uv": [0, 72], "uv_size": [32, 0.5]}
							}
						},
						{
							"origin": [-16, -0.30469, -41.4365],
							"size": [16.43428, 0.60938, -0.001],
							"pivot": [0, 0, -41.4375],
							"rotation": [0, 0, -90],
							"uv": {
								"south": {"uv": [32, 72], "uv_size": [16.5, 0.5]}
							}
						},
						{
							"origin": [0.57813, -0.375, -41.4375],
							"size": [0.10938, 0.50001, 0],
							"pivot": [0.01563, -0.14062, -41.4375],
							"rotation": [0, 0, -90],
							"uv": {
								"south": {"uv": [86, 72], "uv_size": [0.5, 0.5]}
							}
						},
						{
							"origin": [0.57813, -0.20312, -41.4375],
							"size": [0.10938, 0.37501, 0],
							"pivot": [0.01563, -0.03125, -41.4375],
							"rotation": [0, 0, -90],
							"uv": {
								"south": {"uv": [73, 86], "uv_size": [0.5, 0.5]}
							}
						},
						{
							"origin": [0.57813, -0.07812, -41.4375],
							"size": [0.03126, 0.29688, 0],
							"pivot": [0.01563, 0.07813, -41.4375],
							"rotation": [0, 0, -90],
							"uv": {
								"south": {"uv": [86, 73], "uv_size": [0.5, 0.5]}
							}
						},
						{
							"origin": [0.57813, 0, -41.4375],
							"size": [0.03126, 0.25001, 0],
							"pivot": [0.01563, 0.10938, -41.4375],
							"rotation": [0, 0, -90],
							"uv": {
								"south": {"uv": [74, 86], "uv_size": [0.5, 0.5]}
							}
						},
						{
							"origin": [0.57813, 0.04688, -41.4375],
							"size": [0.03126, 0.21876, 0],
							"pivot": [0.01563, 0.14063, -41.4375],
							"rotation": [0, 0, -90],
							"uv": {
								"south": {"uv": [86, 74], "uv_size": [0.5, 0.5]}
							}
						},
						{
							"origin": [0.57813, 0.10938, -41.4375],
							"size": [0.07813, 0.15626, 0],
							"pivot": [0.01563, 0.17188, -41.4375],
							"rotation": [0, 0, -90],
							"uv": {
								"south": {"uv": [75, 86], "uv_size": [0.5, 0.5]}
							}
						},
						{
							"origin": [0.57813, 0.15625, -41.4375],
							"size": [0.15626, 0.06251, 0],
							"pivot": [0.01563, 0.17188, -41.4375],
							"rotation": [0, 0, -90],
							"uv": {
								"south": {"uv": [86, 75], "uv_size": [0.5, 0.5]}
							}
						},
						{
							"origin": [0.51563, 0.32813, -41.4375],
							"size": [0.54688, 0.04688, 0],
							"pivot": [0.375, 0.3125, -41.4365],
							"rotation": [0, 0, -120],
							"uv": {
								"south": {"uv": [76, 86], "uv_size": [0.5, 0.5]}
							}
						},
						{
							"origin": [0.51563, 0.3125, -41.4375],
							"size": [0.59376, 0.01563, 0],
							"pivot": [0.375, 0.3125, -41.4365],
							"rotation": [0, 0, -120],
							"uv": {
								"south": {"uv": [86, 76], "uv_size": [0.5, 0.5]}
							}
						},
						{
							"origin": [0.32813, 1.14002, -41.4375],
							"size": [0.56251, 0.04688, 0],
							"pivot": [0.09375, 1.1244, -41.4365],
							"rotation": [0, 0, 120],
							"uv": {
								"south": {"uv": [77, 86], "uv_size": [0.5, 0.5]}
							}
						},
						{
							"origin": [0.3125, 1.14002, -41.4375],
							"size": [0.04688, 0.03126, 0],
							"pivot": [0.09375, 1.1244, -41.4365],
							"rotation": [0, 0, 120],
							"uv": {
								"south": {"uv": [86, 77], "uv_size": [0.5, 0.5]}
							}
						},
						{
							"origin": [0.29688, 1.1244, -41.4375],
							"size": [0.59376, 0.01563, 0],
							"pivot": [0.09375, 1.1244, -41.4365],
							"rotation": [0, 0, 120],
							"uv": {
								"south": {"uv": [78, 86], "uv_size": [0.5, 0.5]}
							}
						}
					]
				},
				{
					"name": "crosshair_illuminated",
					"parent": "division",
					"pivot": [0, -1.8125, -9]
				},
				{
					"name": "scope_body",
					"pivot": [-1.39062, -8.75, -1.125]
				},
				{
					"name": "hexadecagon2",
					"parent": "scope_body",
					"pivot": [0, 0, 1.3125],
					"cubes": [
						{
							"origin": [-0.09946, -0.5, -5.375],
							"size": [0.19891, 0.1, 9.25],
							"pivot": [0, 0, 1.3125],
							"rotation": [0, 0, -45],
							"uv": {
								"north": {"uv": [86, 78], "uv_size": [0.5, 0.5]},
								"east": {"uv": [49, 72], "uv_size": [9.5, 0.5]},
								"south": {"uv": [79, 86], "uv_size": [0.5, 0.5]},
								"west": {"uv": [59, 72], "uv_size": [9.5, 0.5]},
								"up": {"uv": [69, 72], "uv_size": [0.5, 9.5]},
								"down": {"uv": [70, 81.5], "uv_size": [0.5, -9.5]}
							}
						},
						{
							"origin": [-0.09946, -0.5, -5.375],
							"size": [0.19891, 0.1, 9.25],
							"pivot": [0, 0, 1.3125],
							"rotation": [0, 0, -22.5],
							"uv": {
								"north": {"uv": [86, 79], "uv_size": [0.5, 0.5]},
								"east": {"uv": [71, 72], "uv_size": [9.5, 0.5]},
								"south": {"uv": [80, 86], "uv_size": [0.5, 0.5]},
								"west": {"uv": [0, 73], "uv_size": [9.5, 0.5]},
								"up": {"uv": [10, 73], "uv_size": [0.5, 9.5]},
								"down": {"uv": [11, 82.5], "uv_size": [0.5, -9.5]}
							}
						},
						{
							"origin": [-0.09946, -0.5, -5.375],
							"size": [0.19891, 0.1, 9.25],
							"uv": {
								"north": {"uv": [86, 80], "uv_size": [0.5, 0.5]},
								"east": {"uv": [12, 73], "uv_size": [9.5, 0.5]},
								"south": {"uv": [81, 86], "uv_size": [0.5, 0.5]},
								"west": {"uv": [22, 73], "uv_size": [9.5, 0.5]},
								"up": {"uv": [32, 73], "uv_size": [0.5, 9.5]},
								"down": {"uv": [33, 82.5], "uv_size": [0.5, -9.5]}
							}
						},
						{
							"origin": [-0.09946, -0.5, -5.375],
							"size": [0.19891, 0.1, 9.25],
							"pivot": [0, 0, 1.3125],
							"rotation": [0, 0, 22.5],
							"uv": {
								"north": {"uv": [86, 81], "uv_size": [0.5, 0.5]},
								"east": {"uv": [34, 73], "uv_size": [9.5, 0.5]},
								"south": {"uv": [82, 86], "uv_size": [0.5, 0.5]},
								"west": {"uv": [44, 73], "uv_size": [9.5, 0.5]},
								"up": {"uv": [54, 73], "uv_size": [0.5, 9.5]},
								"down": {"uv": [55, 82.5], "uv_size": [0.5, -9.5]}
							}
						},
						{
							"origin": [-0.09946, -0.5, -5.375],
							"size": [0.19891, 0.1, 9.25],
							"pivot": [0, 0, 1.3125],
							"rotation": [0, 0, 45],
							"uv": {
								"north": {"uv": [86, 82], "uv_size": [0.5, 0.5]},
								"east": {"uv": [56, 73], "uv_size": [9.5, 0.5]},
								"south": {"uv": [83, 86], "uv_size": [0.5, 0.5]},
								"west": {"uv": [71, 73], "uv_size": [9.5, 0.5]},
								"up": {"uv": [66, 73], "uv_size": [0.5, 9.5]},
								"down": {"uv": [67, 82.5], "uv_size": [0.5, -9.5]}
							}
						},
						{
							"origin": [-0.09946, 0.4, -5.375],
							"size": [0.19891, 0.1, 9.25],
							"pivot": [0, 0, 1.3125],
							"rotation": [0, 0, -45],
							"uv": {
								"north": {"uv": [86, 83], "uv_size": [0.5, 0.5]},
								"east": {"uv": [0, 74], "uv_size": [9.5, 0.5]},
								"south": {"uv": [84, 86], "uv_size": [0.5, 0.5]},
								"west": {"uv": [12, 74], "uv_size": [9.5, 0.5]},
								"up": {"uv": [68, 73], "uv_size": [0.5, 9.5]},
								"down": {"uv": [22, 83.5], "uv_size": [0.5, -9.5]}
							}
						},
						{
							"origin": [-0.09946, 0.4, -5.375],
							"size": [0.19891, 0.1, 9.25],
							"pivot": [0, 0, 1.3125],
							"rotation": [0, 0, -22.5],
							"uv": {
								"north": {"uv": [86, 84], "uv_size": [0.5, 0.5]},
								"east": {"uv": [34, 74], "uv_size": [9.5, 0.5]},
								"south": {"uv": [85, 86], "uv_size": [0.5, 0.5]},
								"west": {"uv": [44, 74], "uv_size": [9.5, 0.5]},
								"up": {"uv": [23, 74], "uv_size": [0.5, 9.5]},
								"down": {"uv": [24, 83.5], "uv_size": [0.5, -9.5]}
							}
						},
						{
							"origin": [-0.09946, 0.4, -5.375],
							"size": [0.19891, 0.1, 9.25],
							"uv": {
								"north": {"uv": [86, 85], "uv_size": [0.5, 0.5]},
								"east": {"uv": [56, 74], "uv_size": [9.5, 0.5]},
								"south": {"uv": [86, 86], "uv_size": [0.5, 0.5]},
								"west": {"uv": [71, 74], "uv_size": [9.5, 0.5]},
								"up": {"uv": [25, 74], "uv_size": [0.5, 9.5]},
								"down": {"uv": [26, 83.5], "uv_size": [0.5, -9.5]}
							}
						},
						{
							"origin": [-0.38071, 0.38437, -4.375],
							"size": [0.76141, 0.24063, 1.625],
							"uv": {
								"north": {"uv": [31, 85], "uv_size": [1, 0.5]},
								"east": {"uv": [51, 84], "uv_size": [1.5, 0.5]},
								"south": {"uv": [34, 85], "uv_size": [1, 0.5]},
								"west": {"uv": [54, 84], "uv_size": [1.5, 0.5]},
								"up": {"uv": [39, 81], "uv_size": [1, 1.5]},
								"down": {"uv": [40, 82.5], "uv_size": [1, -1.5]}
							}
						},
						{
							"origin": [-0.94321, -0.11563, -4.375],
							"size": [0.76141, 0.24063, 1.625],
							"pivot": [-0.5625, 0.00469, -3.5625],
							"rotation": [0, 0, 90],
							"uv": {
								"north": {"uv": [35, 85], "uv_size": [1, 0.5]},
								"east": {"uv": [56, 84], "uv_size": [1.5, 0.5]},
								"south": {"uv": [36, 85], "uv_size": [1, 0.5]},
								"west": {"uv": [59, 84], "uv_size": [1.5, 0.5]},
								"up": {"uv": [41, 81], "uv_size": [1, 1.5]},
								"down": {"uv": [42, 82.5], "uv_size": [1, -1.5]}
							}
						},
						{
							"origin": [-0.09946, 0.4, -5.375],
							"size": [0.19891, 0.1, 9.25],
							"pivot": [0, 0, 1.3125],
							"rotation": [0, 0, 22.5],
							"uv": {
								"north": {"uv": [0, 87], "uv_size": [0.5, 0.5]},
								"east": {"uv": [0, 75], "uv_size": [9.5, 0.5]},
								"south": {"uv": [1, 87], "uv_size": [0.5, 0.5]},
								"west": {"uv": [12, 75], "uv_size": [9.5, 0.5]},
								"up": {"uv": [27, 74], "uv_size": [0.5, 9.5]},
								"down": {"uv": [28, 83.5], "uv_size": [0.5, -9.5]}
							}
						},
						{
							"origin": [-0.09946, 0.4, -5.375],
							"size": [0.19891, 0.1, 9.25],
							"pivot": [0, 0, 1.3125],
							"rotation": [0, 0, 45],
							"uv": {
								"north": {"uv": [2, 87], "uv_size": [0.5, 0.5]},
								"east": {"uv": [34, 75], "uv_size": [9.5, 0.5]},
								"south": {"uv": [3, 87], "uv_size": [0.5, 0.5]},
								"west": {"uv": [44, 75], "uv_size": [9.5, 0.5]},
								"up": {"uv": [29, 74], "uv_size": [0.5, 9.5]},
								"down": {"uv": [30, 83.5], "uv_size": [0.5, -9.5]}
							}
						},
						{
							"origin": [0.4, -0.09946, -5.375],
							"size": [0.1, 0.19891, 9.25],
							"pivot": [0, 0, 1.3125],
							"rotation": [0, 0, -22.5],
							"uv": {
								"north": {"uv": [4, 87], "uv_size": [0.5, 0.5]},
								"east": {"uv": [56, 75], "uv_size": [9.5, 0.5]},
								"south": {"uv": [5, 87], "uv_size": [0.5, 0.5]},
								"west": {"uv": [71, 75], "uv_size": [9.5, 0.5]},
								"up": {"uv": [31, 74], "uv_size": [0.5, 9.5]},
								"down": {"uv": [0, 85.5], "uv_size": [0.5, -9.5]}
							}
						},
						{
							"origin": [0.4, -0.09946, -5.375],
							"size": [0.1, 0.19891, 9.25],
							"uv": {
								"north": {"uv": [6, 87], "uv_size": [0.5, 0.5]},
								"east": {"uv": [12, 76], "uv_size": [9.5, 0.5]},
								"south": {"uv": [7, 87], "uv_size": [0.5, 0.5]},
								"west": {"uv": [34, 76], "uv_size": [9.5, 0.5]},
								"up": {"uv": [1, 76], "uv_size": [0.5, 9.5]},
								"down": {"uv": [2, 85.5], "uv_size": [0.5, -9.5]}
							}
						},
						{
							"origin": [0.4, -0.09946, -5.375],
							"size": [0.1, 0.19891, 9.25],
							"pivot": [0, 0, 1.3125],
							"rotation": [0, 0, 22.5],
							"uv": {
								"north": {"uv": [8, 87], "uv_size": [0.5, 0.5]},
								"east": {"uv": [44, 76], "uv_size": [9.5, 0.5]},
								"south": {"uv": [9, 87], "uv_size": [0.5, 0.5]},
								"west": {"uv": [56, 76], "uv_size": [9.5, 0.5]},
								"up": {"uv": [3, 76], "uv_size": [0.5, 9.5]},
								"down": {"uv": [4, 85.5], "uv_size": [0.5, -9.5]}
							}
						},
						{
							"origin": [-0.5, -0.09946, -5.375],
							"size": [0.1, 0.19891, 9.25],
							"pivot": [0, 0, 1.3125],
							"rotation": [0, 0, -22.5],
							"uv": {
								"north": {"uv": [10, 87], "uv_size": [0.5, 0.5]},
								"east": {"uv": [71, 76], "uv_size": [9.5, 0.5]},
								"south": {"uv": [11, 87], "uv_size": [0.5, 0.5]},
								"west": {"uv": [12, 77], "uv_size": [9.5, 0.5]},
								"up": {"uv": [5, 76], "uv_size": [0.5, 9.5]},
								"down": {"uv": [6, 85.5], "uv_size": [0.5, -9.5]}
							}
						},
						{
							"origin": [-0.5, -0.09946, -5.375],
							"size": [0.1, 0.19891, 9.25],
							"uv": {
								"north": {"uv": [13, 87], "uv_size": [0.5, 0.5]},
								"east": {"uv": [34, 77], "uv_size": [9.5, 0.5]},
								"south": {"uv": [14, 87], "uv_size": [0.5, 0.5]},
								"west": {"uv": [44, 77], "uv_size": [9.5, 0.5]},
								"up": {"uv": [7, 76], "uv_size": [0.5, 9.5]},
								"down": {"uv": [8, 85.5], "uv_size": [0.5, -9.5]}
							}
						},
						{
							"origin": [-0.5, -0.09946, -5.375],
							"size": [0.1, 0.19891, 9.25],
							"pivot": [0, 0, 1.3125],
							"rotation": [0, 0, 22.5],
							"uv": {
								"north": {"uv": [15, 87], "uv_size": [0.5, 0.5]},
								"east": {"uv": [56, 77], "uv_size": [9.5, 0.5]},
								"south": {"uv": [16, 87], "uv_size": [0.5, 0.5]},
								"west": {"uv": [71, 77], "uv_size": [9.5, 0.5]},
								"up": {"uv": [9, 76], "uv_size": [0.5, 9.5]},
								"down": {"uv": [12, 87.5], "uv_size": [0.5, -9.5]}
							}
						}
					]
				},
				{
					"name": "hexadecagon4",
					"parent": "scope_body",
					"pivot": [0, 0, -10.875],
					"cubes": [
						{
							"origin": [-0.1104, -0.555, -8.39031],
							"size": [0.22079, 0.111, 3.03063],
							"pivot": [0, 0, -8.96719],
							"rotation": [0, 0, -45],
							"uv": {
								"north": {"uv": [17, 87], "uv_size": [0.5, 0.5]},
								"east": {"uv": [13, 78], "uv_size": [3, 0.5]},
								"south": {"uv": [18, 87], "uv_size": [0.5, 0.5]},
								"west": {"uv": [16, 78], "uv_size": [3, 0.5]},
								"up": {"uv": [19, 78], "uv_size": [0.5, 3]},
								"down": {"uv": [20, 81], "uv_size": [0.5, -3]}
							}
						},
						{
							"origin": [-0.1104, -0.555, -8.39031],
							"size": [0.22079, 0.111, 3.03063],
							"pivot": [0, 0, -8.96719],
							"rotation": [0, 0, -22.5],
							"uv": {
								"north": {"uv": [19, 87], "uv_size": [0.5, 0.5]},
								"east": {"uv": [34, 78], "uv_size": [3, 0.5]},
								"south": {"uv": [20, 87], "uv_size": [0.5, 0.5]},
								"west": {"uv": [37, 78], "uv_size": [3, 0.5]},
								"up": {"uv": [21, 78], "uv_size": [0.5, 3]},
								"down": {"uv": [40, 81], "uv_size": [0.5, -3]}
							}
						},
						{
							"origin": [-0.1104, -0.555, -8.39031],
							"size": [0.22079, 0.111, 3.03063],
							"uv": {
								"north": {"uv": [21, 87], "uv_size": [0.5, 0.5]},
								"east": {"uv": [41, 78], "uv_size": [3, 0.5]},
								"south": {"uv": [22, 87], "uv_size": [0.5, 0.5]},
								"west": {"uv": [44, 78], "uv_size": [3, 0.5]},
								"up": {"uv": [47, 78], "uv_size": [0.5, 3]},
								"down": {"uv": [48, 81], "uv_size": [0.5, -3]}
							}
						},
						{
							"origin": [-0.1104, -0.555, -8.39031],
							"size": [0.22079, 0.111, 3.03063],
							"pivot": [0, 0, -8.96719],
							"rotation": [0, 0, 22.5],
							"uv": {
								"north": {"uv": [23, 87], "uv_size": [0.5, 0.5]},
								"east": {"uv": [49, 78], "uv_size": [3, 0.5]},
								"south": {"uv": [24, 87], "uv_size": [0.5, 0.5]},
								"west": {"uv": [56, 78], "uv_size": [3, 0.5]},
								"up": {"uv": [52, 78], "uv_size": [0.5, 3]},
								"down": {"uv": [53, 81], "uv_size": [0.5, -3]}
							}
						},
						{
							"origin": [-0.1104, -0.555, -8.39031],
							"size": [0.22079, 0.111, 3.03063],
							"pivot": [0, 0, -8.96719],
							"rotation": [0, 0, 45],
							"uv": {
								"north": {"uv": [25, 87], "uv_size": [0.5, 0.5]},
								"east": {"uv": [59, 78], "uv_size": [3, 0.5]},
								"south": {"uv": [26, 87], "uv_size": [0.5, 0.5]},
								"west": {"uv": [62, 78], "uv_size": [3, 0.5]},
								"up": {"uv": [65, 78], "uv_size": [0.5, 3]},
								"down": {"uv": [71, 81], "uv_size": [0.5, -3]}
							}
						},
						{
							"origin": [-0.1104, 0.444, -8.39031],
							"size": [0.22079, 0.111, 3.03063],
							"pivot": [0, 0, -8.96719],
							"rotation": [0, 0, -45],
							"uv": {
								"north": {"uv": [27, 87], "uv_size": [0.5, 0.5]},
								"east": {"uv": [72, 78], "uv_size": [3, 0.5]},
								"south": {"uv": [28, 87], "uv_size": [0.5, 0.5]},
								"west": {"uv": [75, 78], "uv_size": [3, 0.5]},
								"up": {"uv": [78, 78], "uv_size": [0.5, 3]},
								"down": {"uv": [13, 82], "uv_size": [0.5, -3]}
							}
						},
						{
							"origin": [-0.1104, 0.444, -8.39031],
							"size": [0.22079, 0.111, 3.03063],
							"pivot": [0, 0, -8.96719],
							"rotation": [0, 0, -22.5],
							"uv": {
								"north": {"uv": [29, 87], "uv_size": [0.5, 0.5]},
								"east": {"uv": [14, 79], "uv_size": [3, 0.5]},
								"south": {"uv": [30, 87], "uv_size": [0.5, 0.5]},
								"west": {"uv": [34, 79], "uv_size": [3, 0.5]},
								"up": {"uv": [17, 79], "uv_size": [0.5, 3]},
								"down": {"uv": [18, 82], "uv_size": [0.5, -3]}
							}
						},
						{
							"origin": [-0.1104, 0.444, -8.39031],
							"size": [0.22079, 0.111, 3.03063],
							"uv": {
								"north": {"uv": [31, 87], "uv_size": [0.5, 0.5]},
								"east": {"uv": [37, 79], "uv_size": [3, 0.5]},
								"south": {"uv": [32, 87], "uv_size": [0.5, 0.5]},
								"west": {"uv": [41, 79], "uv_size": [3, 0.5]},
								"up": {"uv": [44, 79], "uv_size": [0.5, 3]},
								"down": {"uv": [45, 82], "uv_size": [0.5, -3]}
							}
						},
						{
							"origin": [-0.1104, 0.444, -8.39031],
							"size": [0.22079, 0.111, 3.03063],
							"pivot": [0, 0, -8.96719],
							"rotation": [0, 0, 22.5],
							"uv": {
								"north": {"uv": [33, 87], "uv_size": [0.5, 0.5]},
								"east": {"uv": [49, 79], "uv_size": [3, 0.5]},
								"south": {"uv": [34, 87], "uv_size": [0.5, 0.5]},
								"west": {"uv": [56, 79], "uv_size": [3, 0.5]},
								"up": {"uv": [46, 79], "uv_size": [0.5, 3]},
								"down": {"uv": [59, 82], "uv_size": [0.5, -3]}
							}
						},
						{
							"origin": [-0.1104, 0.444, -8.39031],
							"size": [0.22079, 0.111, 3.03063],
							"pivot": [0, 0, -8.96719],
							"rotation": [0, 0, 45],
							"uv": {
								"north": {"uv": [35, 87], "uv_size": [0.5, 0.5]},
								"east": {"uv": [60, 79], "uv_size": [3, 0.5]},
								"south": {"uv": [36, 87], "uv_size": [0.5, 0.5]},
								"west": {"uv": [72, 79], "uv_size": [3, 0.5]},
								"up": {"uv": [63, 79], "uv_size": [0.5, 3]},
								"down": {"uv": [64, 82], "uv_size": [0.5, -3]}
							}
						},
						{
							"origin": [0.444, -0.1104, -8.39031],
							"size": [0.111, 0.22079, 3.03063],
							"pivot": [0, 0, -8.96719],
							"rotation": [0, 0, -22.5],
							"uv": {
								"north": {"uv": [37, 87], "uv_size": [0.5, 0.5]},
								"east": {"uv": [75, 79], "uv_size": [3, 0.5]},
								"south": {"uv": [38, 87], "uv_size": [0.5, 0.5]},
								"west": {"uv": [79, 78], "uv_size": [3, 0.5]},
								"up": {"uv": [79, 79], "uv_size": [0.5, 3]},
								"down": {"uv": [14, 83], "uv_size": [0.5, -3]}
							}
						},
						{
							"origin": [0.444, -0.1104, -8.39031],
							"size": [0.111, 0.22079, 3.03063],
							"uv": {
								"north": {"uv": [39, 87], "uv_size": [0.5, 0.5]},
								"east": {"uv": [34, 80], "uv_size": [3, 0.5]},
								"south": {"uv": [40, 87], "uv_size": [0.5, 0.5]},
								"west": {"uv": [37, 80], "uv_size": [3, 0.5]},
								"up": {"uv": [15, 80], "uv_size": [0.5, 3]},
								"down": {"uv": [16, 83], "uv_size": [0.5, -3]}
							}
						},
						{
							"origin": [0.444, -0.1104, -8.39031],
							"size": [0.111, 0.22079, 3.03063],
							"pivot": [0, 0, -8.96719],
							"rotation": [0, 0, 22.5],
							"uv": {
								"north": {"uv": [41, 87], "uv_size": [0.5, 0.5]},
								"east": {"uv": [41, 80], "uv_size": [3, 0.5]},
								"south": {"uv": [42, 87], "uv_size": [0.5, 0.5]},
								"west": {"uv": [49, 80], "uv_size": [3, 0.5]},
								"up": {"uv": [56, 80], "uv_size": [0.5, 3]},
								"down": {"uv": [57, 83], "uv_size": [0.5, -3]}
							}
						},
						{
							"origin": [-0.555, -0.1104, -8.39031],
							"size": [0.111, 0.22079, 3.03063],
							"pivot": [0, 0, -8.96719],
							"rotation": [0, 0, -22.5],
							"uv": {
								"north": {"uv": [43, 87], "uv_size": [0.5, 0.5]},
								"east": {"uv": [60, 80], "uv_size": [3, 0.5]},
								"south": {"uv": [44, 87], "uv_size": [0.5, 0.5]},
								"west": {"uv": [72, 80], "uv_size": [3, 0.5]},
								"up": {"uv": [58, 80], "uv_size": [0.5, 3]},
								"down": {"uv": [75, 83], "uv_size": [0.5, -3]}
							}
						},
						{
							"origin": [-0.555, -0.1104, -8.39031],
							"size": [0.111, 0.22079, 3.03063],
							"uv": {
								"north": {"uv": [45, 87], "uv_size": [0.5, 0.5]},
								"east": {"uv": [80, 79], "uv_size": [3, 0.5]},
								"south": {"uv": [46, 87], "uv_size": [0.5, 0.5]},
								"west": {"uv": [80, 80], "uv_size": [3, 0.5]},
								"up": {"uv": [76, 80], "uv_size": [0.5, 3]},
								"down": {"uv": [77, 83], "uv_size": [0.5, -3]}
							}
						},
						{
							"origin": [-0.555, -0.1104, -8.39031],
							"size": [0.111, 0.22079, 3.03063],
							"pivot": [0, 0, -8.96719],
							"rotation": [0, 0, 22.5],
							"uv": {
								"north": {"uv": [47, 87], "uv_size": [0.5, 0.5]},
								"east": {"uv": [19, 81], "uv_size": [3, 0.5]},
								"south": {"uv": [48, 87], "uv_size": [0.5, 0.5]},
								"west": {"uv": [34, 81], "uv_size": [3, 0.5]},
								"up": {"uv": [37, 81], "uv_size": [0.5, 3]},
								"down": {"uv": [38, 84], "uv_size": [0.5, -3]}
							}
						}
					]
				},
				{
					"name": "hexadecagon5",
					"parent": "scope_body",
					"pivot": [0, 0, 0.98438],
					"cubes": [
						{
							"origin": [-0.12872, -0.64713, 3.88152],
							"size": [0.25744, 0.12943, 1.42033],
							"pivot": [0, 0, 3.20889],
							"rotation": [0, 0, -45],
							"uv": {
								"north": {"uv": [49, 87], "uv_size": [0.5, 0.5]},
								"east": {"uv": [44, 82], "uv_size": [1.5, 0.5]},
								"south": {"uv": [50, 87], "uv_size": [0.5, 0.5]},
								"west": {"uv": [46, 82], "uv_size": [1.5, 0.5]},
								"up": {"uv": [36, 82], "uv_size": [0.5, 1.5]},
								"down": {"uv": [48, 83.5], "uv_size": [0.5, -1.5]}
							}
						},
						{
							"origin": [-0.12872, -0.64713, 3.88152],
							"size": [0.25744, 0.12943, 1.42033],
							"pivot": [0, 0, 3.20889],
							"rotation": [0, 0, -22.5],
							"uv": {
								"north": {"uv": [51, 87], "uv_size": [0.5, 0.5]},
								"east": {"uv": [49, 82], "uv_size": [1.5, 0.5]},
								"south": {"uv": [52, 87], "uv_size": [0.5, 0.5]},
								"west": {"uv": [52, 82], "uv_size": [1.5, 0.5]},
								"up": {"uv": [59, 82], "uv_size": [0.5, 1.5]},
								"down": {"uv": [60, 83.5], "uv_size": [0.5, -1.5]}
							}
						},
						{
							"origin": [-0.12872, -0.64713, 3.88152],
							"size": [0.25744, 0.12943, 1.42033],
							"uv": {
								"north": {"uv": [53, 87], "uv_size": [0.5, 0.5]},
								"east": {"uv": [63, 82], "uv_size": [1.5, 0.5]},
								"south": {"uv": [54, 87], "uv_size": [0.5, 0.5]},
								"west": {"uv": [69, 82], "uv_size": [1.5, 0.5]},
								"up": {"uv": [61, 82], "uv_size": [0.5, 1.5]},
								"down": {"uv": [71, 83.5], "uv_size": [0.5, -1.5]}
							}
						},
						{
							"origin": [-0.12872, -0.64713, 3.88152],
							"size": [0.25744, 0.12943, 1.42033],
							"pivot": [0, 0, 3.20889],
							"rotation": [0, 0, 22.5],
							"uv": {
								"north": {"uv": [55, 87], "uv_size": [0.5, 0.5]},
								"east": {"uv": [82, 73], "uv_size": [1.5, 0.5]},
								"south": {"uv": [56, 87], "uv_size": [0.5, 0.5]},
								"west": {"uv": [82, 74], "uv_size": [1.5, 0.5]},
								"up": {"uv": [72, 82], "uv_size": [0.5, 1.5]},
								"down": {"uv": [79, 83.5], "uv_size": [0.5, -1.5]}
							}
						},
						{
							"origin": [-0.12872, -0.64713, 3.88152],
							"size": [0.25744, 0.12943, 1.42033],
							"pivot": [0, 0, 3.20889],
							"rotation": [0, 0, 45],
							"uv": {
								"north": {"uv": [57, 87], "uv_size": [0.5, 0.5]},
								"east": {"uv": [82, 78], "uv_size": [1.5, 0.5]},
								"south": {"uv": [58, 87], "uv_size": [0.5, 0.5]},
								"west": {"uv": [80, 82], "uv_size": [1.5, 0.5]},
								"up": {"uv": [82, 81], "uv_size": [0.5, 1.5]},
								"down": {"uv": [10, 84.5], "uv_size": [0.5, -1.5]}
							}
						},
						{
							"origin": [-0.12872, 0.5177, 3.88152],
							"size": [0.25744, 0.12943, 1.42033],
							"pivot": [0, 0, 3.20889],
							"rotation": [0, 0, -45],
							"uv": {
								"north": {"uv": [59, 87], "uv_size": [0.5, 0.5]},
								"east": {"uv": [14, 83], "uv_size": [1.5, 0.5]},
								"south": {"uv": [60, 87], "uv_size": [0.5, 0.5]},
								"west": {"uv": [18, 83], "uv_size": [1.5, 0.5]},
								"up": {"uv": [11, 83], "uv_size": [0.5, 1.5]},
								"down": {"uv": [16, 84.5], "uv_size": [0.5, -1.5]}
							}
						},
						{
							"origin": [-0.12872, 0.5177, 3.88152],
							"size": [0.25744, 0.12943, 1.42033],
							"pivot": [0, 0, 3.20889],
							"rotation": [0, 0, -22.5],
							"uv": {
								"north": {"uv": [61, 87], "uv_size": [0.5, 0.5]},
								"east": {"uv": [20, 83], "uv_size": [1.5, 0.5]},
								"south": {"uv": [62, 87], "uv_size": [0.5, 0.5]},
								"west": {"uv": [32, 83], "uv_size": [1.5, 0.5]},
								"up": {"uv": [39, 83], "uv_size": [0.5, 1.5]},
								"down": {"uv": [40, 84.5], "uv_size": [0.5, -1.5]}
							}
						},
						{
							"origin": [-0.12872, 0.5177, 3.88152],
							"size": [0.25744, 0.12943, 1.42033],
							"uv": {
								"north": {"uv": [63, 87], "uv_size": [0.5, 0.5]},
								"east": {"uv": [41, 83], "uv_size": [1.5, 0.5]},
								"south": {"uv": [64, 87], "uv_size": [0.5, 0.5]},
								"west": {"uv": [43, 83], "uv_size": [1.5, 0.5]},
								"up": {"uv": [45, 83], "uv_size": [0.5, 1.5]},
								"down": {"uv": [46, 84.5], "uv_size": [0.5, -1.5]}
							}
						},
						{
							"origin": [-0.12872, 0.5177, 3.88152],
							"size": [0.25744, 0.12943, 1.42033],
							"pivot": [0, 0, 3.20889],
							"rotation": [0, 0, 22.5],
							"uv": {
								"north": {"uv": [65, 87], "uv_size": [0.5, 0.5]},
								"east": {"uv": [49, 83], "uv_size": [1.5, 0.5]},
								"south": {"uv": [66, 87], "uv_size": [0.5, 0.5]},
								"west": {"uv": [51, 83], "uv_size": [1.5, 0.5]},
								"up": {"uv": [47, 83], "uv_size": [0.5, 1.5]},
								"down": {"uv": [53, 84.5], "uv_size": [0.5, -1.5]}
							}
						},
						{
							"origin": [-0.12872, 0.5177, 3.88152],
							"size": [0.25744, 0.12943, 1.42033],
							"pivot": [0, 0, 3.20889],
							"rotation": [0, 0, 45],
							"uv": {
								"north": {"uv": [67, 87], "uv_size": [0.5, 0.5]},
								"east": {"uv": [54, 83], "uv_size": [1.5, 0.5]},
								"south": {"uv": [68, 87], "uv_size": [0.5, 0.5]},
								"west": {"uv": [56, 83], "uv_size": [1.5, 0.5]},
								"up": {"uv": [58, 83], "uv_size": [0.5, 1.5]},
								"down": {"uv": [62, 84.5], "uv_size": [0.5, -1.5]}
							}
						},
						{
							"origin": [0.5177, -0.12872, 3.88152],
							"size": [0.12943, 0.25744, 1.42033],
							"pivot": [0, 0, 3.20889],
							"rotation": [0, 0, -22.5],
							"uv": {
								"north": {"uv": [69, 87], "uv_size": [0.5, 0.5]},
								"east": {"uv": [63, 83], "uv_size": [1.5, 0.5]},
								"south": {"uv": [70, 87], "uv_size": [0.5, 0.5]},
								"west": {"uv": [65, 83], "uv_size": [1.5, 0.5]},
								"up": {"uv": [67, 83], "uv_size": [0.5, 1.5]},
								"down": {"uv": [68, 84.5], "uv_size": [0.5, -1.5]}
							}
						},
						{
							"origin": [0.5177, -0.12872, 3.88152],
							"size": [0.12943, 0.25744, 1.42033],
							"uv": {
								"north": {"uv": [71, 87], "uv_size": [0.5, 0.5]},
								"east": {"uv": [69, 83], "uv_size": [1.5, 0.5]},
								"south": {"uv": [72, 87], "uv_size": [0.5, 0.5]},
								"west": {"uv": [83, 72], "uv_size": [1.5, 0.5]},
								"up": {"uv": [73, 83], "uv_size": [0.5, 1.5]},
								"down": {"uv": [74, 84.5], "uv_size": [0.5, -1.5]}
							}
						},
						{
							"origin": [0.5177, -0.12872, 3.88152],
							"size": [0.12943, 0.25744, 1.42033],
							"pivot": [0, 0, 3.20889],
							"rotation": [0, 0, 22.5],
							"uv": {
								"north": {"uv": [87, 72], "uv_size": [0.5, 0.5]},
								"east": {"uv": [75, 83], "uv_size": [1.5, 0.5]},
								"south": {"uv": [73, 87], "uv_size": [0.5, 0.5]},
								"west": {"uv": [83, 75], "uv_size": [1.5, 0.5]},
								"up": {"uv": [83, 76], "uv_size": [0.5, 1.5]},
								"down": {"uv": [77, 84.5], "uv_size": [0.5, -1.5]}
							}
						},
						{
							"origin": [-0.64713, -0.12872, 3.88152],
							"size": [0.12943, 0.25744, 1.42033],
							"pivot": [0, 0, 3.20889],
							"rotation": [0, 0, -22.5],
							"uv": {
								"north": {"uv": [87, 73], "uv_size": [0.5, 0.5]},
								"east": {"uv": [83, 79], "uv_size": [1.5, 0.5]},
								"south": {"uv": [74, 87], "uv_size": [0.5, 0.5]},
								"west": {"uv": [80, 83], "uv_size": [1.5, 0.5]},
								"up": {"uv": [78, 83], "uv_size": [0.5, 1.5]},
								"down": {"uv": [83, 81.5], "uv_size": [0.5, -1.5]}
							}
						},
						{
							"origin": [-0.64713, -0.12872, 3.88152],
							"size": [0.12943, 0.25744, 1.42033],
							"uv": {
								"north": {"uv": [87, 74], "uv_size": [0.5, 0.5]},
								"east": {"uv": [82, 83], "uv_size": [1.5, 0.5]},
								"south": {"uv": [75, 87], "uv_size": [0.5, 0.5]},
								"west": {"uv": [83, 82], "uv_size": [1.5, 0.5]},
								"up": {"uv": [13, 84], "uv_size": [0.5, 1.5]},
								"down": {"uv": [14, 85.5], "uv_size": [0.5, -1.5]}
							}
						},
						{
							"origin": [-0.64713, -0.12872, 3.88152],
							"size": [0.12943, 0.25744, 1.42033],
							"pivot": [0, 0, 3.20889],
							"rotation": [0, 0, 22.5],
							"uv": {
								"north": {"uv": [87, 75], "uv_size": [0.5, 0.5]},
								"east": {"uv": [17, 84], "uv_size": [1.5, 0.5]},
								"south": {"uv": [76, 87], "uv_size": [0.5, 0.5]},
								"west": {"uv": [19, 84], "uv_size": [1.5, 0.5]},
								"up": {"uv": [15, 84], "uv_size": [0.5, 1.5]},
								"down": {"uv": [21, 85.5], "uv_size": [0.5, -1.5]}
							}
						}
					]
				},
				{
					"name": "octagon",
					"parent": "scope_body",
					"pivot": [0, 0.75, -3.5625],
					"cubes": [
						{
							"origin": [-0.15533, 0.625, -3.9375],
							"size": [0.31066, 0.25, 0.75],
							"pivot": [0, 0.8125, -3.5625],
							"rotation": [0, -45, 0],
							"uv": {
								"north": {"uv": [89, 82], "uv_size": [0.5, 0.5]},
								"east": {"uv": [37, 85], "uv_size": [1, 0.5]},
								"south": {"uv": [83, 89], "uv_size": [0.5, 0.5]},
								"west": {"uv": [39, 85], "uv_size": [1, 0.5]},
								"up": {"uv": [40, 85], "uv_size": [0.5, 1]},
								"down": {"uv": [42, 86], "uv_size": [0.5, -1]}
							}
						},
						{
							"origin": [-0.15533, 0.625, -3.9375],
							"size": [0.31066, 0.25, 0.75],
							"uv": {
								"north": {"uv": [89, 83], "uv_size": [0.5, 0.5]},
								"east": {"uv": [43, 85], "uv_size": [1, 0.5]},
								"south": {"uv": [84, 89], "uv_size": [0.5, 0.5]},
								"west": {"uv": [45, 85], "uv_size": [1, 0.5]},
								"up": {"uv": [46, 85], "uv_size": [0.5, 1]},
								"down": {"uv": [47, 86], "uv_size": [0.5, -1]}
							}
						},
						{
							"origin": [-0.375, 0.625, -3.71783],
							"size": [0.75, 0.25, 0.31066],
							"pivot": [0, 0.8125, -3.5625],
							"rotation": [0, -45, 0],
							"uv": {
								"north": {"uv": [48, 85], "uv_size": [1, 0.5]},
								"east": {"uv": [89, 84], "uv_size": [0.5, 0.5]},
								"south": {"uv": [49, 85], "uv_size": [1, 0.5]},
								"west": {"uv": [85, 89], "uv_size": [0.5, 0.5]},
								"up": {"uv": [51, 85], "uv_size": [1, 0.5]},
								"down": {"uv": [52, 85.5], "uv_size": [1, -0.5]}
							}
						},
						{
							"origin": [-0.375, 0.625, -3.71783],
							"size": [0.75, 0.25, 0.31066],
							"uv": {
								"north": {"uv": [53, 85], "uv_size": [1, 0.5]},
								"east": {"uv": [89, 85], "uv_size": [0.5, 0.5]},
								"south": {"uv": [54, 85], "uv_size": [1, 0.5]},
								"west": {"uv": [86, 89], "uv_size": [0.5, 0.5]},
								"up": {"uv": [55, 85], "uv_size": [1, 0.5]},
								"down": {"uv": [56, 85.5], "uv_size": [1, -0.5]}
							}
						}
					]
				},
				{
					"name": "octagon2",
					"parent": "scope_body",
					"pivot": [-0.79687, 0, -3.5625],
					"rotation": [0, 0, -90],
					"cubes": [
						{
							"origin": [-0.95221, -0.125, -3.9375],
							"size": [0.31066, 0.25, 0.75],
							"pivot": [-0.79687, 0.0625, -3.5625],
							"rotation": [0, -45, 0],
							"uv": {
								"north": {"uv": [89, 86], "uv_size": [0.5, 0.5]},
								"east": {"uv": [57, 85], "uv_size": [1, 0.5]},
								"south": {"uv": [87, 89], "uv_size": [0.5, 0.5]},
								"west": {"uv": [58, 85], "uv_size": [1, 0.5]},
								"up": {"uv": [59, 85], "uv_size": [0.5, 1]},
								"down": {"uv": [60, 86], "uv_size": [0.5, -1]}
							}
						},
						{
							"origin": [-0.95221, -0.125, -3.9375],
							"size": [0.31066, 0.25, 0.75],
							"uv": {
								"north": {"uv": [89, 87], "uv_size": [0.5, 0.5]},
								"east": {"uv": [61, 85], "uv_size": [1, 0.5]},
								"south": {"uv": [88, 89], "uv_size": [0.5, 0.5]},
								"west": {"uv": [62, 85], "uv_size": [1, 0.5]},
								"up": {"uv": [63, 85], "uv_size": [0.5, 1]},
								"down": {"uv": [64, 86], "uv_size": [0.5, -1]}
							}
						},
						{
							"origin": [-1.17187, -0.125, -3.71783],
							"size": [0.75, 0.25, 0.31066],
							"pivot": [-0.79687, 0.0625, -3.5625],
							"rotation": [0, -45, 0],
							"uv": {
								"north": {"uv": [65, 85], "uv_size": [1, 0.5]},
								"east": {"uv": [89, 88], "uv_size": [0.5, 0.5]},
								"south": {"uv": [66, 85], "uv_size": [1, 0.5]},
								"west": {"uv": [89, 89], "uv_size": [0.5, 0.5]},
								"up": {"uv": [67, 85], "uv_size": [1, 0.5]},
								"down": {"uv": [68, 85.5], "uv_size": [1, -0.5]}
							}
						},
						{
							"origin": [-1.17187, -0.125, -3.71783],
							"size": [0.75, 0.25, 0.31066],
							"uv": {
								"north": {"uv": [69, 85], "uv_size": [1, 0.5]},
								"east": {"uv": [0, 90], "uv_size": [0.5, 0.5]},
								"south": {"uv": [70, 85], "uv_size": [1, 0.5]},
								"west": {"uv": [1, 90], "uv_size": [0.5, 0.5]},
								"up": {"uv": [71, 85], "uv_size": [1, 0.5]},
								"down": {"uv": [72, 85.5], "uv_size": [1, -0.5]}
							}
						}
					]
				}
			]
		}
	]
}