{
	"format_version": "1.12.0",
	"minecraft:geometry": [
		{
			"description": {
				"identifier": "geometry.scope_elcan_4x",
				"texture_width": 128,
				"texture_height": 128,
				"visible_bounds_width": 20,
				"visible_bounds_height": 7,
				"visible_bounds_offset": [0, 0.5, 0]
			},
			"bones": [
				{
					"name": "scope_body",
					"pivot": [0, -11.75, -4.125],
					"cubes": [
						{
							"origin": [-0.5, 0.75, -5.025],
							"size": [1.2, 1.3, 1],
							"uv": {
								"north": {"uv": [28, 90], "uv_size": [1, 1.5]},
								"east": {"uv": [29, 90], "uv_size": [1, 1.5]},
								"south": {"uv": [92, 30], "uv_size": [1, 1.5]},
								"west": {"uv": [23, 93], "uv_size": [1, 1.5]},
								"up": {"uv": [96, 20], "uv_size": [1, 1]},
								"down": {"uv": [96, 22], "uv_size": [1, -1]}
							}
						},
						{
							"origin": [-0.2, 0.65, -5.425],
							"size": [1.2, 1.1, 1],
							"uv": {
								"north": {"uv": [22, 96], "uv_size": [1, 1]},
								"east": {"uv": [96, 22], "uv_size": [1, 1]},
								"south": {"uv": [23, 96], "uv_size": [1, 1]},
								"west": {"uv": [96, 23], "uv_size": [1, 1]},
								"up": {"uv": [24, 96], "uv_size": [1, 1]},
								"down": {"uv": [25, 97], "uv_size": [1, -1]}
							}
						}
					]
				},
				{
					"name": "mount",
					"parent": "scope_body",
					"pivot": [0, 1.375, -0.375]
				},
				{
					"name": "1",
					"parent": "mount",
					"pivot": [-0.92207, 1.07609, -0.28125],
					"cubes": [
						{
							"origin": [-0.31066, 0.625, -0.875],
							"size": [0.62132, 1.5, 0.75],
							"pivot": [0, 1.375, -0.375],
							"rotation": [0, 0, 45],
							"uv": {
								"north": {"uv": [80, 96], "uv_size": [0.5, 1.5]},
								"east": {"uv": [24, 93], "uv_size": [1, 1.5]},
								"south": {"uv": [81, 96], "uv_size": [0.5, 1.5]},
								"west": {"uv": [25, 93], "uv_size": [1, 1.5]},
								"up": {"uv": [98, 89], "uv_size": [0.5, 1]},
								"down": {"uv": [90, 99], "uv_size": [0.5, -1]}
							}
						},
						{
							"origin": [-0.31066, 0.625, -0.875],
							"size": [0.62132, 1.5, 0.75],
							"uv": {
								"north": {"uv": [82, 96], "uv_size": [0.5, 1.5]},
								"east": {"uv": [26, 93], "uv_size": [1, 1.5]},
								"south": {"uv": [83, 96], "uv_size": [0.5, 1.5]},
								"west": {"uv": [27, 93], "uv_size": [1, 1.5]},
								"up": {"uv": [98, 90], "uv_size": [0.5, 1]},
								"down": {"uv": [91, 99], "uv_size": [0.5, -1]}
							}
						},
						{
							"origin": [-0.75, 1.06434, -0.875],
							"size": [1.5, 0.62132, 0.75],
							"pivot": [0, 1.375, -0.375],
							"rotation": [0, 0, 45],
							"uv": {
								"north": {"uv": [84, 96], "uv_size": [1.5, 0.5]},
								"east": {"uv": [98, 91], "uv_size": [1, 0.5]},
								"south": {"uv": [96, 84], "uv_size": [1.5, 0.5]},
								"west": {"uv": [92, 98], "uv_size": [1, 0.5]},
								"up": {"uv": [28, 93], "uv_size": [1.5, 1]},
								"down": {"uv": [30, 94], "uv_size": [1.5, -1]}
							}
						},
						{
							"origin": [-0.75, 1.06434, -0.875],
							"size": [1.5, 0.62132, 0.75],
							"uv": {
								"north": {"uv": [86, 96], "uv_size": [1.5, 0.5]},
								"east": {"uv": [98, 92], "uv_size": [1, 0.5]},
								"south": {"uv": [88, 96], "uv_size": [1.5, 0.5]},
								"west": {"uv": [93, 98], "uv_size": [1, 0.5]},
								"up": {"uv": [28, 94], "uv_size": [1.5, 1]},
								"down": {"uv": [30, 95], "uv_size": [1.5, -1]}
							}
						},
						{
							"origin": [0.625, 0.275, -3.7875],
							"size": [0.25, 0.375, 0.375],
							"pivot": [0.75, 0.4625, -3.6],
							"rotation": [-45, 0, 0],
							"uv": {
								"north": {"uv": [95, 99], "uv_size": [0.5, 0.5]},
								"east": {"uv": [99, 95], "uv_size": [0.5, 0.5]},
								"south": {"uv": [96, 99], "uv_size": [0.5, 0.5]},
								"west": {"uv": [99, 96], "uv_size": [0.5, 0.5]},
								"up": {"uv": [97, 99], "uv_size": [0.5, 0.5]},
								"down": {"uv": [99, 97.5], "uv_size": [0.5, -0.5]}
							}
						},
						{
							"origin": [0.625, -0.325, -0.1875],
							"size": [0.25, 0.375, 0.375],
							"pivot": [0.75, -0.1375, 0],
							"rotation": [-45, 0, 0],
							"uv": {
								"north": {"uv": [98, 99], "uv_size": [0.5, 0.5]},
								"east": {"uv": [99, 98], "uv_size": [0.5, 0.5]},
								"south": {"uv": [99, 99], "uv_size": [0.5, 0.5]},
								"west": {"uv": [100, 20], "uv_size": [0.5, 0.5]},
								"up": {"uv": [100, 21], "uv_size": [0.5, 0.5]},
								"down": {"uv": [22, 100.5], "uv_size": [0.5, -0.5]}
							}
						}
					]
				},
				{
					"name": "2",
					"parent": "mount",
					"pivot": [-0.92207, 1.07609, -3.86875],
					"cubes": [
						{
							"origin": [-0.31066, 0.625, -4.025],
							"size": [0.62132, 1.5, 0.75],
							"pivot": [0, 1.375, -3.525],
							"rotation": [0, 0, 45],
							"uv": {
								"north": {"uv": [90, 96], "uv_size": [0.5, 1.5]},
								"east": {"uv": [93, 30], "uv_size": [1, 1.5]},
								"south": {"uv": [91, 96], "uv_size": [0.5, 1.5]},
								"west": {"uv": [94, 60], "uv_size": [1, 1.5]},
								"up": {"uv": [98, 93], "uv_size": [0.5, 1]},
								"down": {"uv": [94, 99], "uv_size": [0.5, -1]}
							}
						},
						{
							"origin": [-0.31066, 0.625, -4.025],
							"size": [0.62132, 1.5, 0.75],
							"uv": {
								"north": {"uv": [92, 96], "uv_size": [0.5, 1.5]},
								"east": {"uv": [95, 20], "uv_size": [1, 1.5]},
								"south": {"uv": [93, 96], "uv_size": [0.5, 1.5]},
								"west": {"uv": [95, 22], "uv_size": [1, 1.5]},
								"up": {"uv": [98, 94], "uv_size": [0.5, 1]},
								"down": {"uv": [95, 99], "uv_size": [0.5, -1]}
							}
						},
						{
							"origin": [-0.75, 1.06434, -4.025],
							"size": [1.5, 0.62132, 0.75],
							"pivot": [0, 1.375, -3.525],
							"rotation": [0, 0, 45],
							"uv": {
								"north": {"uv": [94, 96], "uv_size": [1.5, 0.5]},
								"east": {"uv": [98, 95], "uv_size": [1, 0.5]},
								"south": {"uv": [96, 95], "uv_size": [1.5, 0.5]},
								"west": {"uv": [96, 98], "uv_size": [1, 0.5]},
								"up": {"uv": [23, 95], "uv_size": [1.5, 1]},
								"down": {"uv": [95, 25], "uv_size": [1.5, -1]}
							}
						},
						{
							"origin": [-0.75, 1.06434, -4.025],
							"size": [1.5, 0.62132, 0.75],
							"uv": {
								"north": {"uv": [96, 96], "uv_size": [1.5, 0.5]},
								"east": {"uv": [98, 96], "uv_size": [1, 0.5]},
								"south": {"uv": [97, 20], "uv_size": [1.5, 0.5]},
								"west": {"uv": [97, 98], "uv_size": [1, 0.5]},
								"up": {"uv": [25, 95], "uv_size": [1.5, 1]},
								"down": {"uv": [95, 26], "uv_size": [1.5, -1]}
							}
						},
						{
							"origin": [0.55, 0.16434, -4.025],
							"size": [0.2, 1.52132, 0.75],
							"uv": {
								"north": {"uv": [97, 21], "uv_size": [0.5, 1.5]},
								"east": {"uv": [95, 26], "uv_size": [1, 1.5]},
								"south": {"uv": [22, 97], "uv_size": [0.5, 1.5]},
								"west": {"uv": [27, 95], "uv_size": [1, 1.5]},
								"up": {"uv": [98, 97], "uv_size": [0.5, 1]},
								"down": {"uv": [98, 99], "uv_size": [0.5, -1]}
							}
						},
						{
							"origin": [0.55, 0.16434, -0.875],
							"size": [0.2, 1.52132, 0.75],
							"uv": {
								"north": {"uv": [23, 97], "uv_size": [0.5, 1.5]},
								"east": {"uv": [28, 95], "uv_size": [1, 1.5]},
								"south": {"uv": [97, 23], "uv_size": [0.5, 1.5]},
								"west": {"uv": [95, 28], "uv_size": [1, 1.5]},
								"up": {"uv": [99, 20], "uv_size": [0.5, 1]},
								"down": {"uv": [99, 22], "uv_size": [0.5, -1]}
							}
						},
						{
							"origin": [0.55, -2.93566, -2.075],
							"size": [0.2, 0.62132, 0.75],
							"pivot": [0, -3.1, 2.55],
							"rotation": [-45, 0, 0],
							"uv": {
								"north": {"uv": [100, 22], "uv_size": [0.5, 0.5]},
								"east": {"uv": [22, 99], "uv_size": [1, 0.5]},
								"south": {"uv": [23, 100], "uv_size": [0.5, 0.5]},
								"west": {"uv": [99, 22], "uv_size": [1, 0.5]},
								"up": {"uv": [23, 99], "uv_size": [0.5, 1]},
								"down": {"uv": [99, 24], "uv_size": [0.5, -1]}
							}
						},
						{
							"origin": [0.55, -4.23566, -5.075],
							"size": [0.2, 0.62132, 0.75],
							"pivot": [0, -4.4, -0.45],
							"rotation": [-90, 0, 0],
							"uv": {
								"north": {"uv": [100, 23], "uv_size": [0.5, 0.5]},
								"east": {"uv": [24, 99], "uv_size": [1, 0.5]},
								"south": {"uv": [24, 100], "uv_size": [0.5, 0.5]},
								"west": {"uv": [99, 24], "uv_size": [1, 0.5]},
								"up": {"uv": [25, 99], "uv_size": [0.5, 1]},
								"down": {"uv": [99, 26], "uv_size": [0.5, -1]}
							}
						},
						{
							"origin": [0.55, 0.16434, -3.275],
							"size": [0.2, 0.62132, 2.45],
							"uv": {
								"north": {"uv": [100, 24], "uv_size": [0.5, 0.5]},
								"east": {"uv": [29, 95], "uv_size": [2.5, 0.5]},
								"south": {"uv": [25, 100], "uv_size": [0.5, 0.5]},
								"west": {"uv": [95, 60], "uv_size": [2.5, 0.5]},
								"up": {"uv": [65, 95], "uv_size": [0.5, 2.5]},
								"down": {"uv": [66, 97.5], "uv_size": [0.5, -2.5]}
							}
						}
					]
				},
				{
					"name": "lens",
					"parent": "scope_body",
					"pivot": [0, 1.375, -7.375],
					"cubes": [
						{
							"origin": [-0.36244, 0.8, -7.875],
							"size": [0.72488, 1.15, 0],
							"pivot": [0, 1.375, -7.375],
							"rotation": [0, 0, 45],
							"uv": {
								"north": {"uv": [26, 99], "uv_size": [0.5, 1]}
							}
						},
						{
							"origin": [-0.36244, 0.8, -7.875],
							"size": [0.72488, 1.15, 0],
							"uv": {
								"north": {"uv": [99, 26], "uv_size": [0.5, 1]}
							}
						},
						{
							"origin": [-0.575, 1.01256, -7.875],
							"size": [1.15, 0.72488, 0],
							"pivot": [0, 1.375, -7.375],
							"rotation": [0, 0, 45],
							"uv": {
								"north": {"uv": [99, 27], "uv_size": [1, 0.5]}
							}
						},
						{
							"origin": [-0.575, 1.01256, -7.875],
							"size": [1.15, 0.72488, 0],
							"uv": {
								"north": {"uv": [99, 28], "uv_size": [1, 0.5]}
							}
						},
						{
							"origin": [-0.45, 0.925, -7.875],
							"size": [0.9, 0.9, 0],
							"inflate": 0.002,
							"pivot": [0, 1.375, -7.875],
							"rotation": [0, 0, -22.5],
							"uv": {
								"north": {"uv": [26, 96], "uv_size": [1, 1]}
							}
						}
					]
				},
				{
					"name": "bone2",
					"parent": "scope_body",
					"pivot": [0, 1.375, 1.25348],
					"cubes": [
						{
							"origin": [-0.25888, 0.75, -7.25],
							"size": [0.51776, 1.25, 7.75],
							"pivot": [0, 1.375, -4.75],
							"rotation": [0, 0, 45],
							"uv": {
								"north": {"uv": [24, 97], "uv_size": [0.5, 1.5]},
								"south": {"uv": [25, 97], "uv_size": [0.5, 1.5]},
								"up": {"uv": [22, 84], "uv_size": [0.5, 8]},
								"down": {"uv": [23, 92], "uv_size": [0.5, -8]}
							}
						},
						{
							"origin": [-0.35888, 1.85, -8.05],
							"size": [0.71776, 0.25, 2.65],
							"pivot": [0, 1.375, -10.65],
							"rotation": [0, 0, 45],
							"uv": {
								"north": {"uv": [100, 25], "uv_size": [0.5, 0.5]},
								"south": {"uv": [26, 100], "uv_size": [0.5, 0.5]},
								"up": {"uv": [67, 95], "uv_size": [0.5, 2.5]},
								"down": {"uv": [68, 97.5], "uv_size": [0.5, -2.5]}
							}
						},
						{
							"origin": [-0.35888, 0.65, -8.05],
							"size": [0.71776, 0.25, 2.65],
							"pivot": [0, 1.375, -10.65],
							"rotation": [0, 0, 45],
							"uv": {
								"north": {"uv": [100, 26], "uv_size": [0.5, 0.5]},
								"south": {"uv": [27, 100], "uv_size": [0.5, 0.5]},
								"up": {"uv": [69, 95], "uv_size": [0.5, 2.5]},
								"down": {"uv": [70, 97.5], "uv_size": [0.5, -2.5]}
							}
						},
						{
							"origin": [-0.25888, 0.75, -7.25],
							"size": [0.51776, 1.25, 7.75],
							"uv": {
								"north": {"uv": [97, 25], "uv_size": [0.5, 1.5]},
								"south": {"uv": [26, 97], "uv_size": [0.5, 1.5]},
								"up": {"uv": [24, 84], "uv_size": [0.5, 8]},
								"down": {"uv": [25, 92], "uv_size": [0.5, -8]}
							}
						},
						{
							"origin": [-0.35888, 1.85, -8.05],
							"size": [0.71776, 0.25, 2.65],
							"uv": {
								"north": {"uv": [100, 27], "uv_size": [0.5, 0.5]},
								"south": {"uv": [28, 100], "uv_size": [0.5, 0.5]},
								"up": {"uv": [71, 95], "uv_size": [0.5, 2.5]},
								"down": {"uv": [72, 97.5], "uv_size": [0.5, -2.5]}
							}
						},
						{
							"origin": [-0.35888, 0.65, -8.05],
							"size": [0.71776, 0.25, 2.65],
							"uv": {
								"north": {"uv": [100, 28], "uv_size": [0.5, 0.5]},
								"south": {"uv": [29, 100], "uv_size": [0.5, 0.5]},
								"up": {"uv": [73, 95], "uv_size": [0.5, 2.5]},
								"down": {"uv": [74, 97.5], "uv_size": [0.5, -2.5]}
							}
						},
						{
							"origin": [-0.625, 1.11612, -7.25],
							"size": [1.25, 0.51776, 7.75],
							"pivot": [0, 1.375, -4.75],
							"rotation": [0, 0, 45],
							"uv": {
								"north": {"uv": [27, 97], "uv_size": [1.5, 0.5]},
								"east": {"uv": [84, 30], "uv_size": [8, 0.5]},
								"south": {"uv": [97, 27], "uv_size": [1.5, 0.5]},
								"west": {"uv": [84, 31], "uv_size": [8, 0.5]}
							}
						},
						{
							"origin": [-0.725, 1.01612, -8.05],
							"size": [0.25, 0.71776, 2.65],
							"pivot": [0, 1.375, -10.65],
							"rotation": [0, 0, 45],
							"uv": {
								"north": {"uv": [100, 29], "uv_size": [0.5, 0.5]},
								"east": {"uv": [95, 61], "uv_size": [2.5, 0.5]},
								"south": {"uv": [30, 100], "uv_size": [0.5, 0.5]},
								"west": {"uv": [75, 95], "uv_size": [2.5, 0.5]}
							}
						},
						{
							"origin": [0.475, 1.01612, -8.05],
							"size": [0.25, 0.71776, 2.65],
							"pivot": [0, 1.375, -10.65],
							"rotation": [0, 0, 45],
							"uv": {
								"north": {"uv": [31, 100], "uv_size": [0.5, 0.5]},
								"east": {"uv": [78, 95], "uv_size": [2.5, 0.5]},
								"south": {"uv": [54, 100], "uv_size": [0.5, 0.5]},
								"west": {"uv": [81, 95], "uv_size": [2.5, 0.5]}
							}
						},
						{
							"origin": [-0.625, 1.11612, -7.25],
							"size": [1.25, 0.51776, 7.75],
							"uv": {
								"north": {"uv": [97, 28], "uv_size": [1.5, 0.5]},
								"east": {"uv": [88, 84], "uv_size": [8, 0.5]},
								"south": {"uv": [29, 97], "uv_size": [1.5, 0.5]},
								"west": {"uv": [22, 92], "uv_size": [8, 0.5]}
							}
						},
						{
							"origin": [-0.725, 1.01612, -8.05],
							"size": [0.25, 0.71776, 2.65],
							"uv": {
								"north": {"uv": [55, 100], "uv_size": [0.5, 0.5]},
								"east": {"uv": [84, 95], "uv_size": [2.5, 0.5]},
								"south": {"uv": [56, 100], "uv_size": [0.5, 0.5]},
								"west": {"uv": [87, 95], "uv_size": [2.5, 0.5]}
							}
						},
						{
							"origin": [0.475, 1.01612, -8.05],
							"size": [0.25, 0.71776, 2.65],
							"uv": {
								"north": {"uv": [57, 100], "uv_size": [0.5, 0.5]},
								"east": {"uv": [90, 95], "uv_size": [2.5, 0.5]},
								"south": {"uv": [58, 100], "uv_size": [0.5, 0.5]},
								"west": {"uv": [93, 95], "uv_size": [2.5, 0.5]}
							}
						},
						{
							"origin": [-0.5, 0.24662, 0.26999],
							"size": [1, 2.00997, 0.48624],
							"inflate": -0.24112,
							"pivot": [0, 1.375, 1.25348],
							"rotation": [80.5377, 0, 90],
							"uv": {
								"north": {"uv": [83, 62], "uv_size": [1, 2]}
							}
						},
						{
							"origin": [-0.2501, 0.02409, 0.06401],
							"size": [1, 2.42042, 0.8982],
							"inflate": -0.4481,
							"pivot": [0, 1.375, 1.25348],
							"rotation": [80.5162, 3.8425, 89.3586],
							"uv": {
								"north": {"uv": [65, 80], "uv_size": [1, 2.5]}
							}
						},
						{
							"origin": [-0.7499, 0.02409, 0.06401],
							"size": [1, 2.42042, 0.8982],
							"inflate": -0.4481,
							"pivot": [0, 1.375, 1.25348],
							"rotation": [80.5162, -3.8425, 90.6414],
							"uv": {
								"north": {"uv": [26, 84], "uv_size": [1, 2.5]}
							}
						},
						{
							"origin": [-0.5, 0.24662, 0.26999],
							"size": [1, 2.00997, 0.48624],
							"inflate": -0.24112,
							"pivot": [0, 1.375, 1.25348],
							"rotation": [80.5377, 0, 135],
							"uv": {
								"north": {"uv": [65, 83], "uv_size": [1, 2]}
							}
						},
						{
							"origin": [-0.2501, 0.02409, 0.06401],
							"size": [1, 2.42042, 0.8982],
							"inflate": -0.4481,
							"pivot": [0, 1.375, 1.25348],
							"rotation": [80.5162, 3.8425, 134.3586],
							"uv": {
								"north": {"uv": [27, 84], "uv_size": [1, 2.5]}
							}
						},
						{
							"origin": [-0.7499, 0.02409, 0.06401],
							"size": [1, 2.42042, 0.8982],
							"inflate": -0.4481,
							"pivot": [0, 1.375, 1.25348],
							"rotation": [80.5161, -3.8425, 135.6414],
							"uv": {
								"north": {"uv": [28, 84], "uv_size": [1, 2.5]}
							}
						},
						{
							"origin": [-0.5, 0.24662, 0.26999],
							"size": [1, 2.00997, 0.48624],
							"inflate": -0.24112,
							"pivot": [0, 1.375, 1.25348],
							"rotation": [80.5377, 0, 180],
							"uv": {
								"north": {"uv": [84, 62], "uv_size": [1, 2]}
							}
						},
						{
							"origin": [-0.2501, 0.02409, 0.06401],
							"size": [1, 2.42042, 0.8982],
							"inflate": -0.4481,
							"pivot": [0, 1.375, 1.25348],
							"rotation": [80.5162, 3.8426, 179.3586],
							"uv": {
								"north": {"uv": [29, 84], "uv_size": [1, 2.5]}
							}
						},
						{
							"origin": [-0.7499, 0.02409, 0.06401],
							"size": [1, 2.42042, 0.8982],
							"inflate": -0.4481,
							"pivot": [0, 1.375, 1.25348],
							"rotation": [80.5162, -3.8426, -179.3586],
							"uv": {
								"north": {"uv": [30, 84], "uv_size": [1, 2.5]}
							}
						},
						{
							"origin": [-0.5, 0.24662, 0.26999],
							"size": [1, 2.00997, 0.48624],
							"inflate": -0.24112,
							"pivot": [0, 1.375, 1.25348],
							"rotation": [80.5377, 0, -135],
							"uv": {
								"north": {"uv": [85, 62], "uv_size": [1, 2]}
							}
						},
						{
							"origin": [-0.2501, 0.02409, 0.06401],
							"size": [1, 2.42042, 0.8982],
							"inflate": -0.4481,
							"pivot": [0, 1.375, 1.25348],
							"rotation": [80.5161, 3.8425, -135.6414],
							"uv": {
								"north": {"uv": [31, 84], "uv_size": [1, 2.5]}
							}
						},
						{
							"origin": [-0.7499, 0.02409, 0.06401],
							"size": [1, 2.42042, 0.8982],
							"inflate": -0.4481,
							"pivot": [0, 1.375, 1.25348],
							"rotation": [80.5162, -3.8425, -134.3586],
							"uv": {
								"north": {"uv": [26, 87], "uv_size": [1, 2.5]}
							}
						},
						{
							"origin": [-0.5, 0.24662, 0.26999],
							"size": [1, 2.00997, 0.48624],
							"inflate": -0.24112,
							"pivot": [0, 1.375, 1.25348],
							"rotation": [80.5377, 0, -90],
							"uv": {
								"north": {"uv": [86, 62], "uv_size": [1, 2]}
							}
						},
						{
							"origin": [-0.7499, 0.02409, 0.06401],
							"size": [1, 2.42042, 0.8982],
							"inflate": -0.4481,
							"pivot": [0, 1.375, 1.25348],
							"rotation": [80.5162, -3.8425, -89.3586],
							"uv": {
								"north": {"uv": [27, 87], "uv_size": [1, 2.5]}
							}
						},
						{
							"origin": [-0.2501, 0.02409, 0.06401],
							"size": [1, 2.42042, 0.8982],
							"inflate": -0.4481,
							"pivot": [0, 1.375, 1.25348],
							"rotation": [80.5162, 3.8425, -90.6414],
							"uv": {
								"north": {"uv": [28, 87], "uv_size": [1, 2.5]}
							}
						},
						{
							"origin": [-0.2501, 0.02409, 0.06401],
							"size": [1, 2.42042, 0.8982],
							"inflate": -0.4481,
							"pivot": [0, 1.375, 1.25348],
							"rotation": [80.5162, 3.8425, -45.6414],
							"uv": {
								"north": {"uv": [29, 87], "uv_size": [1, 2.5]}
							}
						},
						{
							"origin": [-0.7499, 0.02409, 0.06401],
							"size": [1, 2.42042, 0.8982],
							"inflate": -0.4481,
							"pivot": [0, 1.375, 1.25348],
							"rotation": [80.5161, -3.8425, -44.3586],
							"uv": {
								"north": {"uv": [30, 87], "uv_size": [1, 2.5]}
							}
						},
						{
							"origin": [-0.5, 0.24662, 0.26999],
							"size": [1, 2.00997, 0.48624],
							"inflate": -0.24112,
							"pivot": [0, 1.375, 1.25348],
							"rotation": [80.5377, 0, -45],
							"uv": {
								"north": {"uv": [87, 62], "uv_size": [1, 2]}
							}
						},
						{
							"origin": [-0.2501, 0.02409, 0.06401],
							"size": [1, 2.42042, 0.8982],
							"inflate": -0.4481,
							"pivot": [0, 1.375, 1.25348],
							"rotation": [80.5162, 3.8426, -0.6414],
							"uv": {
								"north": {"uv": [31, 87], "uv_size": [1, 2.5]}
							}
						},
						{
							"origin": [-0.7499, 0.02409, 0.06401],
							"size": [1, 2.42042, 0.8982],
							"inflate": -0.4481,
							"pivot": [0, 1.375, 1.25348],
							"rotation": [80.5162, -3.8426, 0.6414],
							"uv": {
								"north": {"uv": [30, 90], "uv_size": [1, 2.5]}
							}
						},
						{
							"origin": [-0.5, 0.24662, 0.26999],
							"size": [1, 2.00997, 0.48624],
							"inflate": -0.24112,
							"pivot": [0, 1.375, 1.25348],
							"rotation": [80.5377, 0, 0],
							"uv": {
								"north": {"uv": [26, 90], "uv_size": [1, 2]}
							}
						},
						{
							"origin": [-0.2501, 0.02409, 0.06401],
							"size": [1, 2.42042, 0.8982],
							"inflate": -0.4481,
							"pivot": [0, 1.375, 1.25348],
							"rotation": [80.5161, 3.8425, 44.3586],
							"uv": {
								"north": {"uv": [31, 90], "uv_size": [1, 2.5]}
							}
						},
						{
							"origin": [-0.7499, 0.02409, 0.06401],
							"size": [1, 2.42042, 0.8982],
							"inflate": -0.4481,
							"pivot": [0, 1.375, 1.25348],
							"rotation": [80.5162, -3.8425, 45.6414],
							"uv": {
								"north": {"uv": [22, 93], "uv_size": [1, 2.5]}
							}
						},
						{
							"origin": [-0.5, 0.24662, 0.26999],
							"size": [1, 2.00997, 0.48624],
							"inflate": -0.24112,
							"pivot": [0, 1.375, 1.25348],
							"rotation": [80.5377, 0, 45],
							"uv": {
								"north": {"uv": [27, 90], "uv_size": [1, 2]}
							}
						},
						{
							"origin": [-0.75, 1.06434, 0],
							"size": [1.5, 0.62132, 0.5],
							"uv": {
								"north": {"uv": [97, 29], "uv_size": [1.5, 0.5]},
								"east": {"uv": [59, 100], "uv_size": [0.5, 0.5]},
								"south": {"uv": [75, 97], "uv_size": [1.5, 0.5]},
								"west": {"uv": [60, 100], "uv_size": [0.5, 0.5]},
								"up": {"uv": [77, 97], "uv_size": [1.5, 0.5]},
								"down": {"uv": [84, 97.5], "uv_size": [1.5, -0.5]}
							}
						},
						{
							"origin": [-0.75, 1.06434, 0],
							"size": [1.5, 0.62132, 0.5],
							"pivot": [0, 1.375, 0.25],
							"rotation": [0, 0, 45],
							"uv": {
								"north": {"uv": [86, 97], "uv_size": [1.5, 0.5]},
								"east": {"uv": [100, 60], "uv_size": [0.5, 0.5]},
								"south": {"uv": [88, 97], "uv_size": [1.5, 0.5]},
								"west": {"uv": [61, 100], "uv_size": [0.5, 0.5]},
								"up": {"uv": [94, 97], "uv_size": [1.5, 0.5]},
								"down": {"uv": [96, 97.5], "uv_size": [1.5, -0.5]}
							}
						},
						{
							"origin": [-0.31066, 0.625, 0],
							"size": [0.62132, 1.5, 0.5],
							"uv": {
								"north": {"uv": [31, 97], "uv_size": [0.5, 1.5]},
								"east": {"uv": [79, 97], "uv_size": [0.5, 1.5]},
								"south": {"uv": [98, 21], "uv_size": [0.5, 1.5]},
								"west": {"uv": [98, 23], "uv_size": [0.5, 1.5]},
								"up": {"uv": [100, 61], "uv_size": [0.5, 0.5]},
								"down": {"uv": [62, 100.5], "uv_size": [0.5, -0.5]}
							}
						},
						{
							"origin": [-0.31066, 0.625, 0],
							"size": [0.62132, 1.5, 0.5],
							"pivot": [0, 1.375, 0.25],
							"rotation": [0, 0, 45],
							"uv": {
								"north": {"uv": [98, 25], "uv_size": [0.5, 1.5]},
								"east": {"uv": [27, 98], "uv_size": [0.5, 1.5]},
								"south": {"uv": [28, 98], "uv_size": [0.5, 1.5]},
								"west": {"uv": [29, 98], "uv_size": [0.5, 1.5]},
								"up": {"uv": [100, 62], "uv_size": [0.5, 0.5]},
								"down": {"uv": [63, 100.5], "uv_size": [0.5, -0.5]}
							}
						},
						{
							"origin": [-0.75, 1.1875, -2.4875],
							"size": [1.5, 0.375, 0.9375],
							"inflate": 0.002,
							"uv": {
								"east": {"uv": [99, 29], "uv_size": [1, 0.5]},
								"west": {"uv": [31, 99], "uv_size": [1, 0.5]}
							}
						},
						{
							"origin": [-0.36244, 0.5, 2],
							"size": [0.72488, 0.125, 1.25],
							"uv": {
								"north": {"uv": [100, 63], "uv_size": [0.5, 0.5]},
								"south": {"uv": [64, 100], "uv_size": [0.5, 0.5]},
								"up": {"uv": [30, 98], "uv_size": [0.5, 1.5]},
								"down": {"uv": [98, 61.5], "uv_size": [0.5, -1.5]}
							}
						},
						{
							"origin": [-0.36244, 2.125, 2],
							"size": [0.72488, 0.125, 1.25],
							"pivot": [0, 1.375, 2.5],
							"rotation": [0, 0, 45],
							"uv": {
								"north": {"uv": [100, 64], "uv_size": [0.5, 0.5]},
								"south": {"uv": [65, 100], "uv_size": [0.5, 0.5]},
								"up": {"uv": [65, 98], "uv_size": [0.5, 1.5]},
								"down": {"uv": [66, 99.5], "uv_size": [0.5, -1.5]}
							}
						},
						{
							"origin": [-0.36244, 2.125, 2],
							"size": [0.72488, 0.125, 1.25],
							"uv": {
								"north": {"uv": [100, 65], "uv_size": [0.5, 0.5]},
								"south": {"uv": [66, 100], "uv_size": [0.5, 0.5]},
								"up": {"uv": [67, 98], "uv_size": [0.5, 1.5]},
								"down": {"uv": [68, 99.5], "uv_size": [0.5, -1.5]}
							}
						},
						{
							"origin": [0.75, 1.01256, 2],
							"size": [0.125, 0.72488, 1.25],
							"pivot": [0, 1.375, 2.5],
							"rotation": [0, 0, 45],
							"uv": {
								"north": {"uv": [100, 66], "uv_size": [0.5, 0.5]},
								"east": {"uv": [69, 98], "uv_size": [1.5, 0.5]},
								"south": {"uv": [67, 100], "uv_size": [0.5, 0.5]},
								"west": {"uv": [71, 98], "uv_size": [1.5, 0.5]}
							}
						},
						{
							"origin": [0.75, 1.01256, 2],
							"size": [0.125, 0.72488, 1.25],
							"uv": {
								"north": {"uv": [100, 67], "uv_size": [0.5, 0.5]},
								"east": {"uv": [73, 98], "uv_size": [1.5, 0.5]},
								"south": {"uv": [68, 100], "uv_size": [0.5, 0.5]},
								"west": {"uv": [75, 98], "uv_size": [1.5, 0.5]}
							}
						},
						{
							"origin": [-0.875, 1.01256, 2],
							"size": [0.125, 0.72488, 1.25],
							"pivot": [0, 1.375, 2.5],
							"rotation": [0, 0, 45],
							"uv": {
								"north": {"uv": [100, 68], "uv_size": [0.5, 0.5]},
								"east": {"uv": [77, 98], "uv_size": [1.5, 0.5]},
								"south": {"uv": [69, 100], "uv_size": [0.5, 0.5]},
								"west": {"uv": [80, 98], "uv_size": [1.5, 0.5]}
							}
						},
						{
							"origin": [-0.875, 1.01256, 2],
							"size": [0.125, 0.72488, 1.25],
							"uv": {
								"north": {"uv": [100, 69], "uv_size": [0.5, 0.5]},
								"east": {"uv": [82, 98], "uv_size": [1.5, 0.5]},
								"south": {"uv": [70, 100], "uv_size": [0.5, 0.5]},
								"west": {"uv": [84, 98], "uv_size": [1.5, 0.5]}
							}
						},
						{
							"origin": [-0.36244, 0.5, 2],
							"size": [0.72488, 0.125, 1.25],
							"pivot": [0, 1.375, 2.5],
							"rotation": [0, 0, 45],
							"uv": {
								"north": {"uv": [100, 70], "uv_size": [0.5, 0.5]},
								"south": {"uv": [71, 100], "uv_size": [0.5, 0.5]},
								"up": {"uv": [98, 84], "uv_size": [0.5, 1.5]},
								"down": {"uv": [86, 99.5], "uv_size": [0.5, -1.5]}
							}
						}
					]
				},
				{
					"name": "knob",
					"parent": "bone2",
					"pivot": [0, 2.7875, -4.825],
					"cubes": [
						{
							"origin": [-0.18122, 1.975, -5.0125],
							"size": [0.36244, 0.75, 0.875],
							"pivot": [0, 2.5375, -4.575],
							"rotation": [0, -45, 0],
							"uv": {
								"north": {"uv": [99, 60], "uv_size": [0.5, 1]},
								"east": {"uv": [96, 26], "uv_size": [1, 1]},
								"south": {"uv": [99, 61], "uv_size": [0.5, 1]},
								"west": {"uv": [96, 27], "uv_size": [1, 1]},
								"up": {"uv": [99, 62], "uv_size": [0.5, 1]},
								"down": {"uv": [99, 64], "uv_size": [0.5, -1]}
							}
						},
						{
							"origin": [-0.18122, 1.975, -5.0125],
							"size": [0.36244, 0.75, 0.875],
							"uv": {
								"north": {"uv": [99, 64], "uv_size": [0.5, 1]},
								"east": {"uv": [96, 28], "uv_size": [1, 1]},
								"south": {"uv": [99, 65], "uv_size": [0.5, 1]},
								"west": {"uv": [29, 96], "uv_size": [1, 1]},
								"up": {"uv": [99, 66], "uv_size": [0.5, 1]},
								"down": {"uv": [99, 68], "uv_size": [0.5, -1]}
							}
						},
						{
							"origin": [-0.4375, 1.975, -4.75622],
							"size": [0.875, 0.75, 0.36244],
							"uv": {
								"north": {"uv": [96, 29], "uv_size": [1, 1]},
								"east": {"uv": [99, 68], "uv_size": [0.5, 1]},
								"south": {"uv": [30, 96], "uv_size": [1, 1]},
								"west": {"uv": [69, 99], "uv_size": [0.5, 1]},
								"up": {"uv": [99, 69], "uv_size": [1, 0.5]},
								"down": {"uv": [70, 99.5], "uv_size": [1, -0.5]}
							}
						},
						{
							"origin": [-0.5, 2.35, -4.78211],
							"size": [1, 0.3125, 0.41422],
							"uv": {
								"north": {"uv": [99, 70], "uv_size": [1, 0.5]},
								"east": {"uv": [100, 71], "uv_size": [0.5, 0.5]},
								"south": {"uv": [71, 99], "uv_size": [1, 0.5]},
								"west": {"uv": [72, 100], "uv_size": [0.5, 0.5]},
								"up": {"uv": [99, 71], "uv_size": [1, 0.5]},
								"down": {"uv": [72, 99.5], "uv_size": [1, -0.5]}
							}
						},
						{
							"origin": [-0.5, 2.35, -4.78211],
							"size": [1, 0.3125, 0.41422],
							"pivot": [0, 2.7875, -4.575],
							"rotation": [0, -45, 0],
							"uv": {
								"north": {"uv": [99, 72], "uv_size": [1, 0.5]},
								"east": {"uv": [100, 72], "uv_size": [0.5, 0.5]},
								"south": {"uv": [73, 99], "uv_size": [1, 0.5]},
								"west": {"uv": [73, 100], "uv_size": [0.5, 0.5]},
								"up": {"uv": [99, 73], "uv_size": [1, 0.5]},
								"down": {"uv": [74, 99.5], "uv_size": [1, -0.5]}
							}
						},
						{
							"origin": [-0.20711, 2.35, -5.075],
							"size": [0.41422, 0.3125, 1],
							"uv": {
								"north": {"uv": [100, 73], "uv_size": [0.5, 0.5]},
								"east": {"uv": [99, 74], "uv_size": [1, 0.5]},
								"south": {"uv": [74, 100], "uv_size": [0.5, 0.5]},
								"west": {"uv": [75, 99], "uv_size": [1, 0.5]},
								"up": {"uv": [99, 75], "uv_size": [0.5, 1]},
								"down": {"uv": [76, 100], "uv_size": [0.5, -1]}
							}
						},
						{
							"origin": [-0.20711, 2.35, -5.075],
							"size": [0.41422, 0.3125, 1],
							"pivot": [0, 2.7875, -4.575],
							"rotation": [0, -45, 0],
							"uv": {
								"north": {"uv": [100, 74], "uv_size": [0.5, 0.5]},
								"east": {"uv": [99, 76], "uv_size": [1, 0.5]},
								"south": {"uv": [75, 100], "uv_size": [0.5, 0.5]},
								"west": {"uv": [77, 99], "uv_size": [1, 0.5]},
								"up": {"uv": [99, 77], "uv_size": [0.5, 1]},
								"down": {"uv": [78, 100], "uv_size": [0.5, -1]}
							}
						}
					]
				},
				{
					"name": "knob2",
					"parent": "bone2",
					"pivot": [1.7, 1.1875, -5.125],
					"rotation": [0, 0, 90],
					"cubes": [
						{
							"origin": [1.51878, 0.375, -5.3125],
							"size": [0.36244, 0.75, 0.875],
							"pivot": [1.7, 0.9375, -4.875],
							"rotation": [0, -45, 0],
							"uv": {
								"north": {"uv": [99, 78], "uv_size": [0.5, 1]},
								"east": {"uv": [31, 96], "uv_size": [1, 1]},
								"south": {"uv": [79, 99], "uv_size": [0.5, 1]},
								"west": {"uv": [75, 96], "uv_size": [1, 1]},
								"up": {"uv": [99, 79], "uv_size": [0.5, 1]},
								"down": {"uv": [80, 100], "uv_size": [0.5, -1]}
							}
						},
						{
							"origin": [1.51878, 0.375, -5.3125],
							"size": [0.36244, 0.75, 0.875],
							"uv": {
								"north": {"uv": [99, 80], "uv_size": [0.5, 1]},
								"east": {"uv": [76, 96], "uv_size": [1, 1]},
								"south": {"uv": [81, 99], "uv_size": [0.5, 1]},
								"west": {"uv": [77, 96], "uv_size": [1, 1]},
								"up": {"uv": [99, 81], "uv_size": [0.5, 1]},
								"down": {"uv": [82, 100], "uv_size": [0.5, -1]}
							}
						},
						{
							"origin": [1.2625, 0.375, -5.05622],
							"size": [0.875, 0.75, 0.36244],
							"uv": {
								"north": {"uv": [78, 96], "uv_size": [1, 1]},
								"east": {"uv": [83, 99], "uv_size": [0.5, 1]},
								"south": {"uv": [79, 96], "uv_size": [1, 1]},
								"west": {"uv": [84, 99], "uv_size": [0.5, 1]},
								"up": {"uv": [99, 84], "uv_size": [1, 0.5]},
								"down": {"uv": [85, 99.5], "uv_size": [1, -0.5]}
							}
						},
						{
							"origin": [1.2, 0.75, -5.08211],
							"size": [1, 0.3125, 0.41422],
							"uv": {
								"north": {"uv": [99, 85], "uv_size": [1, 0.5]},
								"east": {"uv": [100, 75], "uv_size": [0.5, 0.5]},
								"south": {"uv": [99, 86], "uv_size": [1, 0.5]},
								"west": {"uv": [76, 100], "uv_size": [0.5, 0.5]},
								"up": {"uv": [99, 87], "uv_size": [1, 0.5]},
								"down": {"uv": [88, 99.5], "uv_size": [1, -0.5]}
							}
						},
						{
							"origin": [1.2, 0.75, -5.08211],
							"size": [1, 0.3125, 0.41422],
							"pivot": [1.7, 1.1875, -4.875],
							"rotation": [0, -45, 0],
							"uv": {
								"north": {"uv": [89, 99], "uv_size": [1, 0.5]},
								"east": {"uv": [100, 76], "uv_size": [0.5, 0.5]},
								"south": {"uv": [99, 89], "uv_size": [1, 0.5]},
								"west": {"uv": [77, 100], "uv_size": [0.5, 0.5]},
								"up": {"uv": [90, 99], "uv_size": [1, 0.5]},
								"down": {"uv": [99, 90.5], "uv_size": [1, -0.5]}
							}
						},
						{
							"origin": [1.49289, 0.75, -5.375],
							"size": [0.41422, 0.3125, 1],
							"uv": {
								"north": {"uv": [100, 77], "uv_size": [0.5, 0.5]},
								"east": {"uv": [91, 99], "uv_size": [1, 0.5]},
								"south": {"uv": [78, 100], "uv_size": [0.5, 0.5]},
								"west": {"uv": [99, 91], "uv_size": [1, 0.5]},
								"up": {"uv": [92, 99], "uv_size": [0.5, 1]},
								"down": {"uv": [99, 93], "uv_size": [0.5, -1]}
							}
						},
						{
							"origin": [1.49289, 0.75, -5.375],
							"size": [0.41422, 0.3125, 1],
							"pivot": [1.7, 1.1875, -4.875],
							"rotation": [0, -45, 0],
							"uv": {
								"north": {"uv": [100, 78], "uv_size": [0.5, 0.5]},
								"east": {"uv": [93, 99], "uv_size": [1, 0.5]},
								"south": {"uv": [79, 100], "uv_size": [0.5, 0.5]},
								"west": {"uv": [99, 93], "uv_size": [1, 0.5]},
								"up": {"uv": [94, 99], "uv_size": [0.5, 1]},
								"down": {"uv": [99, 95], "uv_size": [0.5, -1]}
							}
						}
					]
				},
				{
					"name": "oculars",
					"pivot": [0, 1.375, 2.8125]
				},
				{
					"name": "ocular",
					"parent": "oculars",
					"pivot": [0, 1.375, 2.8125],
					"cubes": [
						{
							"origin": [-0.31066, 0.625, 3.3125],
							"size": [0.62132, 1.5, 0],
							"inflate": -0.002,
							"pivot": [0, 1.375, 2.8125],
							"rotation": [0, 0, 45],
							"uv": {
								"south": {"uv": [98, 86], "uv_size": [0.5, 1.5]}
							}
						},
						{
							"origin": [-0.31066, 0.625, 3.3125],
							"size": [0.62132, 1.5, 0],
							"inflate": -0.001,
							"uv": {
								"south": {"uv": [87, 98], "uv_size": [0.5, 1.5]}
							}
						},
						{
							"origin": [-0.75, 1.06434, 3.3125],
							"size": [1.5, 0.62132, 0],
							"inflate": -0.002,
							"pivot": [0, 1.375, 2.8125],
							"rotation": [0, 0, 45],
							"uv": {
								"south": {"uv": [88, 98], "uv_size": [1.5, 0.5]}
							}
						},
						{
							"origin": [-0.75, 1.06434, 3.3125],
							"size": [1.5, 0.62132, 0],
							"inflate": 0.001,
							"uv": {
								"south": {"uv": [98, 88], "uv_size": [1.5, 0.5]}
							}
						}
					]
				},
				{
					"name": "ocular_ring",
					"pivot": [0, 1.375, 3.75],
					"cubes": [
						{
							"origin": [-0.36244, 0.5, 3.25],
							"size": [0.72488, 0.125, 0.25],
							"pivot": [0, 1.375, 3.75],
							"rotation": [0, 0, 45],
							"uv": {
								"north": {"uv": [100, 79], "uv_size": [0.5, 0.5]},
								"south": {"uv": [80, 100], "uv_size": [0.5, 0.5]},
								"up": {"uv": [100, 80], "uv_size": [0.5, 0.5]},
								"down": {"uv": [81, 100.5], "uv_size": [0.5, -0.5]}
							}
						},
						{
							"origin": [-0.36244, 0.5, 3.25],
							"size": [0.72488, 0.125, 0.25],
							"uv": {
								"north": {"uv": [100, 81], "uv_size": [0.5, 0.5]},
								"south": {"uv": [82, 100], "uv_size": [0.5, 0.5]},
								"up": {"uv": [83, 100], "uv_size": [0.5, 0.5]},
								"down": {"uv": [84, 100.5], "uv_size": [0.5, -0.5]}
							}
						},
						{
							"origin": [-0.36244, 2.125, 3.25],
							"size": [0.72488, 0.125, 0.25],
							"pivot": [0, 1.375, 3.75],
							"rotation": [0, 0, 45],
							"uv": {
								"north": {"uv": [100, 84], "uv_size": [0.5, 0.5]},
								"south": {"uv": [85, 100], "uv_size": [0.5, 0.5]},
								"up": {"uv": [100, 85], "uv_size": [0.5, 0.5]},
								"down": {"uv": [86, 100.5], "uv_size": [0.5, -0.5]}
							}
						},
						{
							"origin": [-0.36244, 2.125, 3.25],
							"size": [0.72488, 0.125, 0.25],
							"uv": {
								"north": {"uv": [100, 86], "uv_size": [0.5, 0.5]},
								"south": {"uv": [87, 100], "uv_size": [0.5, 0.5]},
								"up": {"uv": [100, 87], "uv_size": [0.5, 0.5]},
								"down": {"uv": [88, 100.5], "uv_size": [0.5, -0.5]}
							}
						},
						{
							"origin": [0.75, 1.01256, 3.25],
							"size": [0.125, 0.72488, 0.25],
							"pivot": [0, 1.375, 3.75],
							"rotation": [0, 0, 45],
							"uv": {
								"north": {"uv": [100, 88], "uv_size": [0.5, 0.5]},
								"east": {"uv": [89, 100], "uv_size": [0.5, 0.5]},
								"south": {"uv": [100, 89], "uv_size": [0.5, 0.5]},
								"west": {"uv": [90, 100], "uv_size": [0.5, 0.5]}
							}
						},
						{
							"origin": [0.75, 1.01256, 3.25],
							"size": [0.125, 0.72488, 0.25],
							"uv": {
								"north": {"uv": [100, 90], "uv_size": [0.5, 0.5]},
								"east": {"uv": [91, 100], "uv_size": [0.5, 0.5]},
								"south": {"uv": [100, 91], "uv_size": [0.5, 0.5]},
								"west": {"uv": [92, 100], "uv_size": [0.5, 0.5]}
							}
						},
						{
							"origin": [-0.875, 1.01256, 3.25],
							"size": [0.125, 0.72488, 0.25],
							"pivot": [0, 1.375, 3.75],
							"rotation": [0, 0, 45],
							"uv": {
								"north": {"uv": [100, 92], "uv_size": [0.5, 0.5]},
								"east": {"uv": [93, 100], "uv_size": [0.5, 0.5]},
								"south": {"uv": [100, 93], "uv_size": [0.5, 0.5]},
								"west": {"uv": [94, 100], "uv_size": [0.5, 0.5]}
							}
						},
						{
							"origin": [-0.875, 1.01256, 3.25],
							"size": [0.125, 0.72488, 0.25],
							"uv": {
								"north": {"uv": [100, 94], "uv_size": [0.5, 0.5]},
								"east": {"uv": [95, 100], "uv_size": [0.5, 0.5]},
								"south": {"uv": [100, 95], "uv_size": [0.5, 0.5]},
								"west": {"uv": [96, 100], "uv_size": [0.5, 0.5]}
							}
						},
						{
							"origin": [-0.17494, 0.5, 3.25],
							"size": [0.34988, 0.125, 0.25],
							"pivot": [0, 1.375, 3.375],
							"rotation": [0, 0, -22.5],
							"uv": {
								"north": {"uv": [100, 96], "uv_size": [0.5, 0.5]},
								"south": {"uv": [97, 100], "uv_size": [0.5, 0.5]},
								"up": {"uv": [100, 97], "uv_size": [0.5, 0.5]},
								"down": {"uv": [98, 100.5], "uv_size": [0.5, -0.5]}
							}
						},
						{
							"origin": [-0.17494, 2.125, 3.25],
							"size": [0.34988, 0.125, 0.25],
							"pivot": [0, 1.375, 3.375],
							"rotation": [0, 0, -22.5],
							"uv": {
								"north": {"uv": [100, 98], "uv_size": [0.5, 0.5]},
								"south": {"uv": [99, 100], "uv_size": [0.5, 0.5]},
								"up": {"uv": [100, 99], "uv_size": [0.5, 0.5]},
								"down": {"uv": [100, 100.5], "uv_size": [0.5, -0.5]}
							}
						},
						{
							"origin": [-0.17494, 0.5, 3.25],
							"size": [0.34988, 0.125, 0.25],
							"pivot": [0, 1.375, 3.375],
							"rotation": [0, 0, -67.5],
							"uv": {
								"north": {"uv": [101, 20], "uv_size": [0.5, 0.5]},
								"south": {"uv": [101, 21], "uv_size": [0.5, 0.5]},
								"up": {"uv": [22, 101], "uv_size": [0.5, 0.5]},
								"down": {"uv": [101, 22.5], "uv_size": [0.5, -0.5]}
							}
						},
						{
							"origin": [-0.17494, 2.125, 3.25],
							"size": [0.34988, 0.125, 0.25],
							"pivot": [0, 1.375, 3.375],
							"rotation": [0, 0, -67.5],
							"uv": {
								"north": {"uv": [23, 101], "uv_size": [0.5, 0.5]},
								"south": {"uv": [101, 23], "uv_size": [0.5, 0.5]},
								"up": {"uv": [24, 101], "uv_size": [0.5, 0.5]},
								"down": {"uv": [101, 24.5], "uv_size": [0.5, -0.5]}
							}
						},
						{
							"origin": [-0.17494, 0.5, 3.25],
							"size": [0.34988, 0.125, 0.25],
							"pivot": [0, 1.375, 3.375],
							"rotation": [0, 0, -112.5],
							"uv": {
								"north": {"uv": [25, 101], "uv_size": [0.5, 0.5]},
								"south": {"uv": [101, 25], "uv_size": [0.5, 0.5]},
								"up": {"uv": [26, 101], "uv_size": [0.5, 0.5]},
								"down": {"uv": [101, 26.5], "uv_size": [0.5, -0.5]}
							}
						},
						{
							"origin": [-0.17494, 2.125, 3.25],
							"size": [0.34988, 0.125, 0.25],
							"pivot": [0, 1.375, 3.375],
							"rotation": [0, 0, -112.5],
							"uv": {
								"north": {"uv": [27, 101], "uv_size": [0.5, 0.5]},
								"south": {"uv": [101, 27], "uv_size": [0.5, 0.5]},
								"up": {"uv": [28, 101], "uv_size": [0.5, 0.5]},
								"down": {"uv": [101, 28.5], "uv_size": [0.5, -0.5]}
							}
						},
						{
							"origin": [-0.17494, 0.5, 3.25],
							"size": [0.34988, 0.125, 0.25],
							"pivot": [0, 1.375, 3.375],
							"rotation": [0, 0, -157.5],
							"uv": {
								"north": {"uv": [29, 101], "uv_size": [0.5, 0.5]},
								"south": {"uv": [101, 29], "uv_size": [0.5, 0.5]},
								"up": {"uv": [30, 101], "uv_size": [0.5, 0.5]},
								"down": {"uv": [31, 101.5], "uv_size": [0.5, -0.5]}
							}
						},
						{
							"origin": [-0.17494, 2.125, 3.25],
							"size": [0.34988, 0.125, 0.25],
							"pivot": [0, 1.375, 3.375],
							"rotation": [0, 0, -157.5],
							"uv": {
								"north": {"uv": [32, 101], "uv_size": [0.5, 0.5]},
								"south": {"uv": [33, 101], "uv_size": [0.5, 0.5]},
								"up": {"uv": [34, 101], "uv_size": [0.5, 0.5]},
								"down": {"uv": [35, 101.5], "uv_size": [0.5, -0.5]}
							}
						}
					]
				},
				{
					"name": "divisions",
					"pivot": [0, 0.1875, 53.875]
				},
				{
					"name": "division",
					"parent": "divisions",
					"pivot": [0, -0.5778, -42.125],
					"cubes": [
						{
							"origin": [-42, -40.625, -45.875],
							"size": [16, 84, 0],
							"uv": {
								"south": {"uv": [0, 0], "uv_size": [16, 84]}
							}
						},
						{
							"origin": [26, -40.625, -45.875],
							"size": [16, 84, 0],
							"uv": {
								"south": {"uv": [16, 0], "uv_size": [16, 84]}
							}
						},
						{
							"origin": [-26, 27.375, -45.875],
							"size": [52, 16, 0],
							"uv": {
								"south": {"uv": [32, 0], "uv_size": [52, 16]}
							}
						},
						{
							"origin": [-26, -40.625, -45.875],
							"size": [52, 16, 0],
							"uv": {
								"south": {"uv": [32, 16], "uv_size": [52, 16]}
							}
						}
					]
				},
				{
					"name": "bone",
					"parent": "division",
					"pivot": [0, 1.375, -45.875],
					"cubes": [
						{
							"origin": [-8.17172, 17.375, -45.875],
							"size": [16.34344, 16, 0],
							"pivot": [0, 1.375, -45.875],
							"rotation": [0, 0, -22.5],
							"uv": {
								"south": {"uv": [32, 32], "uv_size": [16.5, 16]}
							}
						},
						{
							"origin": [-5.17172, 17.375, -45.875],
							"size": [10.34344, 21, 0],
							"pivot": [0, 1.375, -45.875],
							"rotation": [0, 0, -45],
							"uv": {
								"south": {"uv": [66, 64], "uv_size": [10.5, 21]}
							}
						},
						{
							"origin": [-8.17172, 17.375, -45.875],
							"size": [16.34344, 16, 0],
							"pivot": [0, 1.375, -45.875],
							"rotation": [0, 0, -67.5],
							"uv": {
								"south": {"uv": [32, 48], "uv_size": [16.5, 16]}
							}
						},
						{
							"origin": [-8.17172, 17.375, -45.875],
							"size": [16.34344, 16, 0],
							"pivot": [0, 1.375, -45.875],
							"rotation": [0, 0, -112.5],
							"uv": {
								"south": {"uv": [49, 32], "uv_size": [16.5, 16]}
							}
						},
						{
							"origin": [-5.17172, 17.375, -45.875],
							"size": [10.34344, 21, 0],
							"pivot": [0, 1.375, -45.875],
							"rotation": [0, 0, -135],
							"uv": {
								"south": {"uv": [77, 64], "uv_size": [10.5, 21]}
							}
						},
						{
							"origin": [-8.17172, 17.375, -45.875],
							"size": [16.34344, 16, 0],
							"pivot": [0, 1.375, -45.875],
							"rotation": [0, 0, -157.5],
							"uv": {
								"south": {"uv": [49, 48], "uv_size": [16.5, 16]}
							}
						},
						{
							"origin": [-8.17172, 17.375, -45.875],
							"size": [16.34344, 16, 0],
							"pivot": [0, 1.375, -45.875],
							"rotation": [0, 0, 157.5],
							"uv": {
								"south": {"uv": [32, 64], "uv_size": [16.5, 16]}
							}
						},
						{
							"origin": [-5.17172, 17.375, -45.875],
							"size": [10.34344, 21, 0],
							"pivot": [0, 1.375, -45.875],
							"rotation": [0, 0, 135],
							"uv": {
								"south": {"uv": [32, 80], "uv_size": [10.5, 21]}
							}
						},
						{
							"origin": [-8.17172, 17.375, -45.875],
							"size": [16.34344, 16, 0],
							"pivot": [0, 1.375, -45.875],
							"rotation": [0, 0, 112.5],
							"uv": {
								"south": {"uv": [49, 64], "uv_size": [16.5, 16]}
							}
						},
						{
							"origin": [-8.17172, 17.375, -45.875],
							"size": [16.34344, 16, 0],
							"pivot": [0, 1.375, -45.875],
							"rotation": [0, 0, 67.5],
							"uv": {
								"south": {"uv": [66, 32], "uv_size": [16.5, 16]}
							}
						},
						{
							"origin": [-5.17172, 17.375, -45.875],
							"size": [10.34344, 21, 0],
							"pivot": [0, 1.375, -45.875],
							"rotation": [0, 0, 45],
							"uv": {
								"south": {"uv": [43, 80], "uv_size": [10.5, 21]}
							}
						},
						{
							"origin": [-8.17172, 17.375, -45.875],
							"size": [16.34344, 16, 0],
							"pivot": [0, 1.375, -45.875],
							"rotation": [0, 0, 22.5],
							"uv": {
								"south": {"uv": [66, 48], "uv_size": [16.5, 16]}
							}
						}
					]
				},
				{
					"name": "bone3",
					"parent": "division",
					"pivot": [0, 1.375, -45.875],
					"cubes": [
						{
							"origin": [-5.17172, 17.375, -45.875],
							"size": [10.34344, 10, 0],
							"pivot": [0, 1.375, -45.875],
							"rotation": [0, 0, -90],
							"uv": {
								"south": {"uv": [54, 80], "uv_size": [10.5, 10]}
							}
						},
						{
							"origin": [-5.17172, 17.375, -45.875],
							"size": [10.34344, 10, 0],
							"pivot": [0, 1.375, -45.875],
							"rotation": [0, 0, -146.25],
							"uv": {
								"south": {"uv": [83, 32], "uv_size": [10.5, 10]}
							}
						},
						{
							"origin": [-5.17172, 17.375, -45.875],
							"size": [10.34344, 10, 0],
							"pivot": [0, 1.375, -45.875],
							"rotation": [0, 0, -123.75],
							"uv": {
								"south": {"uv": [83, 42], "uv_size": [10.5, 10]}
							}
						},
						{
							"origin": [-5.17172, 17.375, -45.875],
							"size": [10.34344, 10, 0],
							"pivot": [0, 1.375, -45.875],
							"rotation": [0, 0, -101.25],
							"uv": {
								"south": {"uv": [83, 52], "uv_size": [10.5, 10]}
							}
						},
						{
							"origin": [-5.17172, 17.375, -45.875],
							"size": [10.34344, 10, 0],
							"pivot": [0, 1.375, -45.875],
							"rotation": [0, 0, -78.75],
							"uv": {
								"south": {"uv": [0, 84], "uv_size": [10.5, 10]}
							}
						},
						{
							"origin": [-5.17172, 17.375, -45.875],
							"size": [10.34344, 10, 0],
							"pivot": [0, 1.375, -45.875],
							"rotation": [0, 0, -56.25],
							"uv": {
								"south": {"uv": [84, 0], "uv_size": [10.5, 10]}
							}
						},
						{
							"origin": [-5.17172, 17.375, -45.875],
							"size": [10.34344, 10, 0],
							"pivot": [0, 1.375, -45.875],
							"rotation": [0, 0, -33.75],
							"uv": {
								"south": {"uv": [84, 10], "uv_size": [10.5, 10]}
							}
						},
						{
							"origin": [-5.17172, 17.375, -45.875],
							"size": [10.34344, 10, 0],
							"uv": {
								"south": {"uv": [11, 84], "uv_size": [10.5, 10]}
							}
						},
						{
							"origin": [-5.17172, 17.375, -45.875],
							"size": [10.34344, 10, 0],
							"pivot": [0, 1.375, -45.875],
							"rotation": [0, 0, 33.75],
							"uv": {
								"south": {"uv": [84, 20], "uv_size": [10.5, 10]}
							}
						},
						{
							"origin": [-5.17172, 17.375, -45.875],
							"size": [10.34344, 10, 0],
							"pivot": [0, 1.375, -45.875],
							"rotation": [0, 0, 56.25],
							"uv": {
								"south": {"uv": [65, 85], "uv_size": [10.5, 10]}
							}
						},
						{
							"origin": [-5.17172, 17.375, -45.875],
							"size": [10.34344, 10, 0],
							"pivot": [0, 1.375, -45.875],
							"rotation": [0, 0, 78.75],
							"uv": {
								"south": {"uv": [76, 85], "uv_size": [10.5, 10]}
							}
						},
						{
							"origin": [-5.17172, 17.375, -45.875],
							"size": [10.34344, 10, 0],
							"pivot": [0, 1.375, -45.875],
							"rotation": [0, 0, 101.25],
							"uv": {
								"south": {"uv": [87, 85], "uv_size": [10.5, 10]}
							}
						},
						{
							"origin": [-5.17172, 17.375, -45.875],
							"size": [10.34344, 10, 0],
							"pivot": [0, 1.375, -45.875],
							"rotation": [0, 0, 123.75],
							"uv": {
								"south": {"uv": [88, 62], "uv_size": [10.5, 10]}
							}
						},
						{
							"origin": [-5.17172, 17.375, -45.875],
							"size": [10.34344, 10, 0],
							"pivot": [0, 1.375, -45.875],
							"rotation": [0, 0, 146.25],
							"uv": {
								"south": {"uv": [88, 72], "uv_size": [10.5, 10]}
							}
						},
						{
							"origin": [-5.17172, 17.375, -45.875],
							"size": [10.34344, 10, 0],
							"pivot": [0, 1.375, -45.875],
							"rotation": [0, 0, 90],
							"uv": {
								"south": {"uv": [54, 90], "uv_size": [10.5, 10]}
							}
						},
						{
							"origin": [-5.17172, 17.375, -45.875],
							"size": [10.34344, 10, 0],
							"pivot": [0, 1.375, -45.875],
							"rotation": [0, 0, -11.25],
							"uv": {
								"south": {"uv": [0, 94], "uv_size": [10.5, 10]}
							}
						},
						{
							"origin": [-5.17172, 17.375, -45.875],
							"size": [10.34344, 10, 0],
							"uv": {
								"south": {"uv": [11, 94], "uv_size": [10.5, 10]}
							}
						},
						{
							"origin": [-5.17172, 17.375, -45.875],
							"size": [10.34344, 10, 0],
							"pivot": [0, 1.375, -45.875],
							"rotation": [0, 0, 11.25],
							"uv": {
								"south": {"uv": [94, 30], "uv_size": [10.5, 10]}
							}
						},
						{
							"origin": [-5.17172, 17.375, -45.875],
							"size": [10.34344, 10, 0],
							"uv": {
								"south": {"uv": [94, 40], "uv_size": [10.5, 10]}
							}
						},
						{
							"origin": [-5.17172, 17.375, -45.875],
							"size": [10.34344, 10, 0],
							"pivot": [0, 1.375, -45.875],
							"rotation": [0, 0, -180],
							"uv": {
								"south": {"uv": [94, 50], "uv_size": [10.5, 10]}
							}
						},
						{
							"origin": [-5.17172, 17.375, -45.875],
							"size": [10.34344, 10, 0],
							"pivot": [0, 1.375, -45.875],
							"rotation": [0, 0, 168.75],
							"uv": {
								"south": {"uv": [95, 0], "uv_size": [10.5, 10]}
							}
						},
						{
							"origin": [-5.17172, 17.375, -45.875],
							"size": [10.34344, 10, 0],
							"pivot": [0, 1.375, -45.875],
							"rotation": [0, 0, -168.75],
							"uv": {
								"south": {"uv": [95, 10], "uv_size": [10.5, 10]}
							}
						}
					]
				},
				{
					"name": "bone4",
					"parent": "division",
					"pivot": [0, 0.97501, -45.875],
					"cubes": [
						{
							"origin": [-17, 0.64377, -45.875],
							"size": [34, 0.5625, 0],
							"uv": {
								"south": {"uv": [88, 82], "uv_size": [34, 0.5]}
							}
						},
						{
							"origin": [-25.81249, 12.63752, -45.875],
							"size": [16.4, 1.44999, 0],
							"pivot": [1.18751, 12.17501, 63.125],
							"rotation": [0, 0, -90],
							"uv": {
								"south": {"uv": [88, 83], "uv_size": [16.5, 0.5]}
							}
						},
						{
							"origin": [11.91327, -2.36071, -45.874],
							"size": [1.07677, 1.07677, -0.001],
							"pivot": [10.25, 14.87501, -45.875],
							"rotation": [0, 0, 45],
							"uv": {
								"south": {"uv": [36, 101], "uv_size": [0.5, 0.5]}
							}
						}
					]
				},
				{
					"name": "dot_illuminated",
					"parent": "division",
					"pivot": [0, 1.375, -42.125]
				},
				{
					"name": "views",
					"pivot": [0, 0.1875, 1.125]
				},
				{
					"name": "scope_view",
					"parent": "views",
					"pivot": [0, 1.375, 5.9]
				}
			]
		}
	]
}