{
	"format_version": "1.12.0",
	"minecraft:geometry": [
		{
			"description": {
				"identifier": "geometry.unknown",
				"texture_width": 128,
				"texture_height": 128,
				"visible_bounds_width": 8,
				"visible_bounds_height": 5,
				"visible_bounds_offset": [0, 0.5, 0]
			},
			"bones": [
				{
					"name": "scope_view",
					"pivot": [0, 0, 7.15]
				},
				{
					"name": "ocular",
					"pivot": [0, 0.01563, 4.28175],
					"cubes": [
						{
							"origin": [0.07203, -0.58494, 4.21875],
							"size": [0.21304, 1.071, 0.126],
							"pivot": [0.01074, -0.23244, 2.47838],
							"rotation": [0, 0, -45],
							"uv": {
								"south": {"uv": [57, 80], "uv_size": [0.25, 1]}
							}
						},
						{
							"origin": [-0.01077, -0.53465, 4.21875],
							"size": [0.21304, 1.071, 0.126],
							"pivot": [0.01074, -0.23244, 2.47838],
							"rotation": [0, 0, -22.5],
							"uv": {
								"south": {"uv": [60, 80], "uv_size": [0.25, 1]}
							}
						},
						{
							"origin": [-0.10652, -0.51988, 4.21875],
							"size": [0.21304, 1.071, 0.126],
							"uv": {
								"south": {"uv": [61, 80], "uv_size": [0.25, 1]}
							}
						},
						{
							"origin": [-0.20063, -0.54286, 4.21875],
							"size": [0.21304, 1.071, 0.126],
							"pivot": [0.01074, -0.23244, 2.47838],
							"rotation": [0, 0, 22.5],
							"uv": {
								"south": {"uv": [62, 80], "uv_size": [0.25, 1]}
							}
						},
						{
							"origin": [-0.27878, -0.60012, 4.21875],
							"size": [0.21304, 1.071, 0.126],
							"pivot": [0.01074, -0.23244, 2.47838],
							"rotation": [0, 0, 45],
							"uv": {
								"south": {"uv": [63, 80], "uv_size": [0.25, 1]}
							}
						},
						{
							"origin": [-0.43975, -0.10567, 4.21875],
							"size": [1.071, 0.21304, 0.126],
							"pivot": [0.01074, -0.23244, 2.47838],
							"rotation": [0, 0, -22.5],
							"uv": {
								"south": {"uv": [64, 80], "uv_size": [1, 0.25]}
							}
						},
						{
							"origin": [-0.5355, -0.09089, 4.21875],
							"size": [1.071, 0.21304, 0.126],
							"uv": {
								"south": {"uv": [65, 80], "uv_size": [1, 0.25]}
							}
						},
						{
							"origin": [-0.62961, -0.11388, 4.21875],
							"size": [1.071, 0.21304, 0.126],
							"pivot": [0.01074, -0.23244, 2.47838],
							"rotation": [0, 0, 22.5],
							"uv": {
								"south": {"uv": [66, 80], "uv_size": [1, 0.25]}
							}
						}
					]
				},
				{
					"name": "lens",
					"pivot": [0, -0.1, -4.10235]
				},
				{
					"name": "ocular_ring",
					"pivot": [-0.00001, -0.01484, 4.27014],
					"cubes": [
						{
							"origin": [0.05767, -0.65814, 4.18192],
							"size": [0.23083, 0.06108, 0.17644],
							"pivot": [0.0104, -0.25533, 2.40307],
							"rotation": [0, 0, -45],
							"uv": {
								"north": {"uv": [51, 82], "uv_size": [0.25, 0.25]},
								"east": {"uv": [52, 82], "uv_size": [0.25, 0.25]},
								"south": {"uv": [53, 82], "uv_size": [0.25, 0.25]},
								"west": {"uv": [54, 82], "uv_size": [0.25, 0.25]},
								"up": {"uv": [55, 82], "uv_size": [0.25, 0.25]},
								"down": {"uv": [56, 82.25], "uv_size": [0.25, -0.25]}
							}
						},
						{
							"origin": [-0.0226, -0.60939, 4.18192],
							"size": [0.23082, 0.06108, 0.17644],
							"pivot": [0.0104, -0.25533, 2.40307],
							"rotation": [0, 0, -22.5],
							"uv": {
								"north": {"uv": [57, 82], "uv_size": [0.25, 0.25]},
								"east": {"uv": [58, 82], "uv_size": [0.25, 0.25]},
								"south": {"uv": [59, 82], "uv_size": [0.25, 0.25]},
								"west": {"uv": [60, 82], "uv_size": [0.25, 0.25]},
								"up": {"uv": [61, 82], "uv_size": [0.25, 0.25]},
								"down": {"uv": [62, 82.25], "uv_size": [0.25, -0.25]}
							}
						},
						{
							"origin": [-0.11543, -0.59507, 4.18192],
							"size": [0.23083, 0.06108, 0.17644],
							"uv": {
								"north": {"uv": [63, 82], "uv_size": [0.25, 0.25]},
								"east": {"uv": [64, 82], "uv_size": [0.25, 0.25]},
								"south": {"uv": [65, 82], "uv_size": [0.25, 0.25]},
								"west": {"uv": [66, 82], "uv_size": [0.25, 0.25]},
								"up": {"uv": [67, 82], "uv_size": [0.25, 0.25]},
								"down": {"uv": [68, 82.25], "uv_size": [0.25, -0.25]}
							}
						},
						{
							"origin": [-0.20666, -0.61735, 4.18192],
							"size": [0.23082, 0.06108, 0.17644],
							"pivot": [0.0104, -0.25533, 2.40307],
							"rotation": [0, 0, 22.5],
							"uv": {
								"north": {"uv": [69, 82], "uv_size": [0.25, 0.25]},
								"east": {"uv": [70, 82], "uv_size": [0.25, 0.25]},
								"south": {"uv": [71, 82], "uv_size": [0.25, 0.25]},
								"west": {"uv": [72, 82], "uv_size": [0.25, 0.25]},
								"up": {"uv": [82, 72], "uv_size": [0.25, 0.25]},
								"down": {"uv": [73, 82.25], "uv_size": [0.25, -0.25]}
							}
						},
						{
							"origin": [-0.28243, -0.67286, 4.18192],
							"size": [0.23083, 0.06108, 0.17644],
							"pivot": [0.0104, -0.25533, 2.40307],
							"rotation": [0, 0, 45],
							"uv": {
								"north": {"uv": [82, 73], "uv_size": [0.25, 0.25]},
								"east": {"uv": [74, 82], "uv_size": [0.25, 0.25]},
								"south": {"uv": [82, 74], "uv_size": [0.25, 0.25]},
								"west": {"uv": [75, 82], "uv_size": [0.25, 0.25]},
								"up": {"uv": [82, 75], "uv_size": [0.25, 0.25]},
								"down": {"uv": [76, 82.25], "uv_size": [0.25, -0.25]}
							}
						},
						{
							"origin": [0.05767, 0.44123, 4.18192],
							"size": [0.23083, 0.06108, 0.17644],
							"pivot": [0.0104, -0.25533, 2.40307],
							"rotation": [0, 0, -45],
							"uv": {
								"north": {"uv": [82, 76], "uv_size": [0.25, 0.25]},
								"east": {"uv": [77, 82], "uv_size": [0.25, 0.25]},
								"south": {"uv": [82, 77], "uv_size": [0.25, 0.25]},
								"west": {"uv": [78, 82], "uv_size": [0.25, 0.25]},
								"up": {"uv": [82, 78], "uv_size": [0.25, 0.25]},
								"down": {"uv": [79, 82.25], "uv_size": [0.25, -0.25]}
							}
						},
						{
							"origin": [-0.0226, 0.48999, 4.18192],
							"size": [0.23082, 0.06108, 0.17644],
							"pivot": [0.0104, -0.25533, 2.40307],
							"rotation": [0, 0, -22.5],
							"uv": {
								"north": {"uv": [82, 79], "uv_size": [0.25, 0.25]},
								"east": {"uv": [80, 82], "uv_size": [0.25, 0.25]},
								"south": {"uv": [82, 80], "uv_size": [0.25, 0.25]},
								"west": {"uv": [81, 82], "uv_size": [0.25, 0.25]},
								"up": {"uv": [82, 81], "uv_size": [0.25, 0.25]},
								"down": {"uv": [82, 82.25], "uv_size": [0.25, -0.25]}
							}
						},
						{
							"origin": [-0.11543, 0.50431, 4.18192],
							"size": [0.23083, 0.06108, 0.17644],
							"uv": {
								"north": {"uv": [0, 83], "uv_size": [0.25, 0.25]},
								"east": {"uv": [1, 83], "uv_size": [0.25, 0.25]},
								"south": {"uv": [2, 83], "uv_size": [0.25, 0.25]},
								"west": {"uv": [3, 83], "uv_size": [0.25, 0.25]},
								"up": {"uv": [4, 83], "uv_size": [0.25, 0.25]},
								"down": {"uv": [5, 83.25], "uv_size": [0.25, -0.25]}
							}
						},
						{
							"origin": [-0.20666, 0.48202, 4.18192],
							"size": [0.23082, 0.06108, 0.17644],
							"pivot": [0.0104, -0.25533, 2.40307],
							"rotation": [0, 0, 22.5],
							"uv": {
								"north": {"uv": [6, 83], "uv_size": [0.25, 0.25]},
								"east": {"uv": [7, 83], "uv_size": [0.25, 0.25]},
								"south": {"uv": [8, 83], "uv_size": [0.25, 0.25]},
								"west": {"uv": [9, 83], "uv_size": [0.25, 0.25]},
								"up": {"uv": [10, 83], "uv_size": [0.25, 0.25]},
								"down": {"uv": [11, 83.25], "uv_size": [0.25, -0.25]}
							}
						},
						{
							"origin": [-0.28243, 0.42651, 4.18192],
							"size": [0.23083, 0.06108, 0.17644],
							"pivot": [0.0104, -0.25533, 2.40307],
							"rotation": [0, 0, 45],
							"uv": {
								"north": {"uv": [12, 83], "uv_size": [0.25, 0.25]},
								"east": {"uv": [13, 83], "uv_size": [0.25, 0.25]},
								"south": {"uv": [14, 83], "uv_size": [0.25, 0.25]},
								"west": {"uv": [15, 83], "uv_size": [0.25, 0.25]},
								"up": {"uv": [16, 83], "uv_size": [0.25, 0.25]},
								"down": {"uv": [17, 83.25], "uv_size": [0.25, -0.25]}
							}
						},
						{
							"origin": [0.61197, -0.14458, 4.18192],
							"size": [0.06108, 0.23083, 0.17644],
							"pivot": [0.0104, -0.25533, 2.40307],
							"rotation": [0, 0, -22.5],
							"uv": {
								"north": {"uv": [18, 83], "uv_size": [0.25, 0.25]},
								"east": {"uv": [19, 83], "uv_size": [0.25, 0.25]},
								"south": {"uv": [20, 83], "uv_size": [0.25, 0.25]},
								"west": {"uv": [21, 83], "uv_size": [0.25, 0.25]},
								"up": {"uv": [22, 83], "uv_size": [0.25, 0.25]},
								"down": {"uv": [23, 83.25], "uv_size": [0.25, -0.25]}
							}
						},
						{
							"origin": [0.51915, -0.13026, 4.18192],
							"size": [0.06108, 0.23083, 0.17644],
							"uv": {
								"north": {"uv": [24, 83], "uv_size": [0.25, 0.25]},
								"east": {"uv": [25, 83], "uv_size": [0.25, 0.25]},
								"south": {"uv": [26, 83], "uv_size": [0.25, 0.25]},
								"west": {"uv": [27, 83], "uv_size": [0.25, 0.25]},
								"up": {"uv": [28, 83], "uv_size": [0.25, 0.25]},
								"down": {"uv": [29, 83.25], "uv_size": [0.25, -0.25]}
							}
						},
						{
							"origin": [0.42791, -0.15254, 4.18192],
							"size": [0.06108, 0.23082, 0.17644],
							"pivot": [0.0104, -0.25533, 2.40307],
							"rotation": [0, 0, 22.5],
							"uv": {
								"north": {"uv": [30, 83], "uv_size": [0.25, 0.25]},
								"east": {"uv": [31, 83], "uv_size": [0.25, 0.25]},
								"south": {"uv": [32, 83], "uv_size": [0.25, 0.25]},
								"west": {"uv": [33, 83], "uv_size": [0.25, 0.25]},
								"up": {"uv": [34, 83], "uv_size": [0.25, 0.25]},
								"down": {"uv": [35, 83.25], "uv_size": [0.25, -0.25]}
							}
						},
						{
							"origin": [-0.4874, -0.14458, 4.18192],
							"size": [0.06108, 0.23083, 0.17644],
							"pivot": [0.0104, -0.25533, 2.40307],
							"rotation": [0, 0, -22.5],
							"uv": {
								"north": {"uv": [36, 83], "uv_size": [0.25, 0.25]},
								"east": {"uv": [37, 83], "uv_size": [0.25, 0.25]},
								"south": {"uv": [38, 83], "uv_size": [0.25, 0.25]},
								"west": {"uv": [39, 83], "uv_size": [0.25, 0.25]},
								"up": {"uv": [40, 83], "uv_size": [0.25, 0.25]},
								"down": {"uv": [41, 83.25], "uv_size": [0.25, -0.25]}
							}
						},
						{
							"origin": [-0.58022, -0.13026, 4.18192],
							"size": [0.06108, 0.23083, 0.17644],
							"uv": {
								"north": {"uv": [42, 83], "uv_size": [0.25, 0.25]},
								"east": {"uv": [43, 83], "uv_size": [0.25, 0.25]},
								"south": {"uv": [44, 83], "uv_size": [0.25, 0.25]},
								"west": {"uv": [45, 83], "uv_size": [0.25, 0.25]},
								"up": {"uv": [46, 83], "uv_size": [0.25, 0.25]},
								"down": {"uv": [47, 83.25], "uv_size": [0.25, -0.25]}
							}
						},
						{
							"origin": [-0.67146, -0.15254, 4.18192],
							"size": [0.06108, 0.23082, 0.17644],
							"pivot": [0.0104, -0.25533, 2.40307],
							"rotation": [0, 0, 22.5],
							"uv": {
								"north": {"uv": [48, 83], "uv_size": [0.25, 0.25]},
								"east": {"uv": [49, 83], "uv_size": [0.25, 0.25]},
								"south": {"uv": [50, 83], "uv_size": [0.25, 0.25]},
								"west": {"uv": [51, 83], "uv_size": [0.25, 0.25]},
								"up": {"uv": [52, 83], "uv_size": [0.25, 0.25]},
								"down": {"uv": [53, 83.25], "uv_size": [0.25, -0.25]}
							}
						}
					]
				},
				{
					"name": "scope_body",
					"pivot": [0, 0, 0]
				},
				{
					"name": "octagon15",
					"parent": "scope_body",
					"pivot": [0.02155, 1.07028, -0.41875]
				},
				{
					"name": "octagon",
					"parent": "octagon15",
					"pivot": [0, 0.56094, -0.41875],
					"rotation": [90, 0, 0],
					"cubes": [
						{
							"origin": [-0.1864, 0.11094, -0.64375],
							"size": [0.37279, 0.9, 0.36563],
							"pivot": [0, 0.56094, -0.41875],
							"rotation": [0, 0, 45],
							"uv": {
								"north": {"uv": [67, 80], "uv_size": [0.25, 1]},
								"east": {"uv": [68, 80], "uv_size": [0.25, 1]},
								"south": {"uv": [69, 80], "uv_size": [0.25, 1]},
								"west": {"uv": [70, 80], "uv_size": [0.25, 1]},
								"up": {"uv": [58, 83], "uv_size": [0.25, 0.25]},
								"down": {"uv": [59, 83.25], "uv_size": [0.25, -0.25]}
							}
						},
						{
							"origin": [-0.1864, 0.11094, -0.64375],
							"size": [0.37279, 0.9, 0.36563],
							"uv": {
								"north": {"uv": [71, 80], "uv_size": [0.25, 1]},
								"east": {"uv": [80, 72], "uv_size": [0.25, 1]},
								"south": {"uv": [80, 73], "uv_size": [0.25, 1]},
								"west": {"uv": [74, 80], "uv_size": [0.25, 1]},
								"up": {"uv": [60, 83], "uv_size": [0.25, 0.25]},
								"down": {"uv": [61, 83.25], "uv_size": [0.25, -0.25]}
							}
						},
						{
							"origin": [-0.45, 0.37454, -0.64375],
							"size": [0.9, 0.37279, 0.36563],
							"pivot": [0, 0.56094, -0.41875],
							"rotation": [0, 0, 45],
							"uv": {
								"north": {"uv": [80, 74], "uv_size": [1, 0.25]},
								"east": {"uv": [62, 83], "uv_size": [0.25, 0.25]},
								"south": {"uv": [75, 80], "uv_size": [1, 0.25]},
								"west": {"uv": [63, 83], "uv_size": [0.25, 0.25]},
								"up": {"uv": [80, 75], "uv_size": [1, 0.25]},
								"down": {"uv": [76, 80.25], "uv_size": [1, -0.25]}
							}
						},
						{
							"origin": [-0.45, 0.37454, -0.64375],
							"size": [0.9, 0.37279, 0.36563],
							"uv": {
								"north": {"uv": [80, 76], "uv_size": [1, 0.25]},
								"east": {"uv": [64, 83], "uv_size": [0.25, 0.25]},
								"south": {"uv": [77, 80], "uv_size": [1, 0.25]},
								"west": {"uv": [65, 83], "uv_size": [0.25, 0.25]},
								"up": {"uv": [80, 77], "uv_size": [1, 0.25]},
								"down": {"uv": [78, 80.25], "uv_size": [1, -0.25]}
							}
						}
					]
				},
				{
					"name": "octagon12",
					"parent": "octagon15",
					"pivot": [0, 0.85625, -0.41875],
					"rotation": [90, 0, 0],
					"cubes": [
						{
							"origin": [-0.20504, 0.36125, -0.61984],
							"size": [0.41007, 0.99, 0.35156],
							"pivot": [0, 0.85625, -0.37234],
							"rotation": [0, 0, 45],
							"uv": {
								"north": {"uv": [57, 79], "uv_size": [0.5, 1]},
								"east": {"uv": [80, 78], "uv_size": [0.25, 1]},
								"south": {"uv": [60, 79], "uv_size": [0.5, 1]},
								"west": {"uv": [79, 80], "uv_size": [0.25, 1]},
								"up": {"uv": [70, 81], "uv_size": [0.5, 0.25]},
								"down": {"uv": [71, 81.25], "uv_size": [0.5, -0.25]}
							}
						},
						{
							"origin": [-0.20504, 0.36125, -0.61984],
							"size": [0.41007, 0.99, 0.35156],
							"uv": {
								"north": {"uv": [61, 79], "uv_size": [0.5, 1]},
								"east": {"uv": [80, 79], "uv_size": [0.25, 1]},
								"south": {"uv": [62, 79], "uv_size": [0.5, 1]},
								"west": {"uv": [80, 80], "uv_size": [0.25, 1]},
								"up": {"uv": [72, 81], "uv_size": [0.5, 0.25]},
								"down": {"uv": [81, 72.25], "uv_size": [0.5, -0.25]}
							}
						},
						{
							"origin": [-0.495, 0.65121, -0.61984],
							"size": [0.99, 0.41007, 0.35156],
							"pivot": [0, 0.85625, -0.37234],
							"rotation": [0, 0, 45],
							"uv": {
								"north": {"uv": [63, 79], "uv_size": [1, 0.5]},
								"east": {"uv": [73, 81], "uv_size": [0.25, 0.5]},
								"south": {"uv": [64, 79], "uv_size": [1, 0.5]},
								"west": {"uv": [81, 73], "uv_size": [0.25, 0.5]},
								"up": {"uv": [1, 81], "uv_size": [1, 0.25]},
								"down": {"uv": [2, 81.25], "uv_size": [1, -0.25]}
							}
						},
						{
							"origin": [-0.495, 0.65121, -0.61984],
							"size": [0.99, 0.41007, 0.35156],
							"uv": {
								"north": {"uv": [65, 79], "uv_size": [1, 0.5]},
								"east": {"uv": [74, 81], "uv_size": [0.25, 0.5]},
								"south": {"uv": [76, 79], "uv_size": [1, 0.5]},
								"west": {"uv": [81, 74], "uv_size": [0.25, 0.5]},
								"up": {"uv": [3, 81], "uv_size": [1, 0.25]},
								"down": {"uv": [4, 81.25], "uv_size": [1, -0.25]}
							}
						}
					]
				},
				{
					"name": "octagon13",
					"parent": "octagon15",
					"pivot": [0, 1.07028, -0.41875],
					"rotation": [90, 0, 0],
					"cubes": [
						{
							"origin": [-0.22554, 0.52578, -0.48836],
							"size": [0.45108, 1.089, 0.13922],
							"pivot": [0, 1.07028, -0.21611],
							"rotation": [0, 0, 45],
							"uv": {
								"north": {"uv": [77, 79], "uv_size": [0.5, 1]},
								"east": {"uv": [5, 81], "uv_size": [0.25, 1]},
								"south": {"uv": [79, 77], "uv_size": [0.5, 1]},
								"west": {"uv": [6, 81], "uv_size": [0.25, 1]},
								"up": {"uv": [75, 81], "uv_size": [0.5, 0.25]},
								"down": {"uv": [81, 75.25], "uv_size": [0.5, -0.25]}
							}
						},
						{
							"origin": [-0.22554, 0.52578, -0.48836],
							"size": [0.45108, 1.089, 0.13922],
							"uv": {
								"north": {"uv": [78, 79], "uv_size": [0.5, 1]},
								"east": {"uv": [8, 81], "uv_size": [0.25, 1]},
								"south": {"uv": [79, 78], "uv_size": [0.5, 1]},
								"west": {"uv": [9, 81], "uv_size": [0.25, 1]},
								"up": {"uv": [76, 81], "uv_size": [0.5, 0.25]},
								"down": {"uv": [81, 76.25], "uv_size": [0.5, -0.25]}
							}
						},
						{
							"origin": [-0.5445, 0.84474, -0.48836],
							"size": [1.089, 0.45108, 0.13922],
							"pivot": [0, 1.07028, -0.21611],
							"rotation": [0, 0, 45],
							"uv": {
								"north": {"uv": [79, 79], "uv_size": [1, 0.5]},
								"east": {"uv": [77, 81], "uv_size": [0.25, 0.5]},
								"south": {"uv": [4, 80], "uv_size": [1, 0.5]},
								"west": {"uv": [81, 77], "uv_size": [0.25, 0.5]},
								"up": {"uv": [10, 81], "uv_size": [1, 0.25]},
								"down": {"uv": [11, 81.25], "uv_size": [1, -0.25]}
							}
						},
						{
							"origin": [-0.5445, 0.84474, -0.48836],
							"size": [1.089, 0.45108, 0.13922],
							"uv": {
								"north": {"uv": [5, 80], "uv_size": [1, 0.5]},
								"east": {"uv": [78, 81], "uv_size": [0.25, 0.5]},
								"south": {"uv": [6, 80], "uv_size": [1, 0.5]},
								"west": {"uv": [81, 78], "uv_size": [0.25, 0.5]},
								"up": {"uv": [12, 81], "uv_size": [1, 0.25]},
								"down": {"uv": [13, 81.25], "uv_size": [1, -0.25]}
							}
						}
					]
				},
				{
					"name": "octagon16",
					"parent": "scope_body",
					"pivot": [1.24498, -0.08284, -0.41875],
					"rotation": [0, 0, 90]
				},
				{
					"name": "octagon17",
					"parent": "octagon16",
					"pivot": [1.24498, -0.52597, -0.41875],
					"rotation": [90, 0, 0],
					"cubes": [
						{
							"origin": [1.08282, -0.91747, -0.78325],
							"size": [0.32433, 0.783, 0.31809],
							"pivot": [1.24498, -0.52597, -0.41875],
							"rotation": [0, 0, 45],
							"uv": {
								"north": {"uv": [26, 81], "uv_size": [0.25, 0.75]},
								"east": {"uv": [27, 81], "uv_size": [0.25, 0.75]},
								"south": {"uv": [28, 81], "uv_size": [0.25, 0.75]},
								"west": {"uv": [29, 81], "uv_size": [0.25, 0.75]},
								"up": {"uv": [66, 83], "uv_size": [0.25, 0.25]},
								"down": {"uv": [67, 83.25], "uv_size": [0.25, -0.25]}
							}
						},
						{
							"origin": [1.08282, -0.91747, -0.78325],
							"size": [0.32433, 0.783, 0.31809],
							"uv": {
								"north": {"uv": [30, 81], "uv_size": [0.25, 0.75]},
								"east": {"uv": [31, 81], "uv_size": [0.25, 0.75]},
								"south": {"uv": [32, 81], "uv_size": [0.25, 0.75]},
								"west": {"uv": [33, 81], "uv_size": [0.25, 0.75]},
								"up": {"uv": [68, 83], "uv_size": [0.25, 0.25]},
								"down": {"uv": [69, 83.25], "uv_size": [0.25, -0.25]}
							}
						},
						{
							"origin": [0.85348, -0.68814, -0.78325],
							"size": [0.783, 0.32433, 0.31809],
							"pivot": [1.24498, -0.52597, -0.41875],
							"rotation": [0, 0, 45],
							"uv": {
								"north": {"uv": [34, 81], "uv_size": [0.75, 0.25]},
								"east": {"uv": [70, 83], "uv_size": [0.25, 0.25]},
								"south": {"uv": [35, 81], "uv_size": [0.75, 0.25]},
								"west": {"uv": [71, 83], "uv_size": [0.25, 0.25]},
								"up": {"uv": [36, 81], "uv_size": [0.75, 0.25]},
								"down": {"uv": [37, 81.25], "uv_size": [0.75, -0.25]}
							}
						},
						{
							"origin": [0.85348, -0.68814, -0.78325],
							"size": [0.783, 0.32433, 0.31809],
							"uv": {
								"north": {"uv": [38, 81], "uv_size": [0.75, 0.25]},
								"east": {"uv": [72, 83], "uv_size": [0.25, 0.25]},
								"south": {"uv": [39, 81], "uv_size": [0.75, 0.25]},
								"west": {"uv": [83, 72], "uv_size": [0.25, 0.25]},
								"up": {"uv": [40, 81], "uv_size": [0.75, 0.25]},
								"down": {"uv": [41, 81.25], "uv_size": [0.75, -0.25]}
							}
						}
					]
				},
				{
					"name": "octagon18",
					"parent": "octagon16",
					"pivot": [1.24498, -0.4378, -0.41875],
					"rotation": [90, 0, 0],
					"cubes": [
						{
							"origin": [1.0666, -0.86845, -0.53745],
							"size": [0.35676, 0.8613, 0.24961],
							"pivot": [1.24498, -0.4378, -0.37838],
							"rotation": [0, 0, 45],
							"uv": {
								"north": {"uv": [42, 81], "uv_size": [0.25, 0.75]},
								"east": {"uv": [43, 81], "uv_size": [0.25, 0.75]},
								"south": {"uv": [44, 81], "uv_size": [0.25, 0.75]},
								"west": {"uv": [45, 81], "uv_size": [0.25, 0.75]},
								"up": {"uv": [73, 83], "uv_size": [0.25, 0.25]},
								"down": {"uv": [83, 73.25], "uv_size": [0.25, -0.25]}
							}
						},
						{
							"origin": [1.0666, -0.86845, -0.53745],
							"size": [0.35676, 0.8613, 0.24961],
							"uv": {
								"north": {"uv": [46, 81], "uv_size": [0.25, 0.75]},
								"east": {"uv": [47, 81], "uv_size": [0.25, 0.75]},
								"south": {"uv": [48, 81], "uv_size": [0.25, 0.75]},
								"west": {"uv": [57, 81], "uv_size": [0.25, 0.75]},
								"up": {"uv": [74, 83], "uv_size": [0.25, 0.25]},
								"down": {"uv": [83, 74.25], "uv_size": [0.25, -0.25]}
							}
						},
						{
							"origin": [0.81433, -0.61618, -0.53745],
							"size": [0.8613, 0.35676, 0.24961],
							"pivot": [1.24498, -0.4378, -0.37838],
							"rotation": [0, 0, 45],
							"uv": {
								"north": {"uv": [58, 81], "uv_size": [0.75, 0.25]},
								"east": {"uv": [75, 83], "uv_size": [0.25, 0.25]},
								"south": {"uv": [59, 81], "uv_size": [0.75, 0.25]},
								"west": {"uv": [83, 75], "uv_size": [0.25, 0.25]},
								"up": {"uv": [60, 81], "uv_size": [0.75, 0.25]},
								"down": {"uv": [61, 81.25], "uv_size": [0.75, -0.25]}
							}
						},
						{
							"origin": [0.81433, -0.61618, -0.53745],
							"size": [0.8613, 0.35676, 0.24961],
							"uv": {
								"north": {"uv": [62, 81], "uv_size": [0.75, 0.25]},
								"east": {"uv": [76, 83], "uv_size": [0.25, 0.25]},
								"south": {"uv": [63, 81], "uv_size": [0.75, 0.25]},
								"west": {"uv": [83, 76], "uv_size": [0.25, 0.25]},
								"up": {"uv": [64, 81], "uv_size": [0.75, 0.25]},
								"down": {"uv": [65, 81.25], "uv_size": [0.75, -0.25]}
							}
						}
					]
				},
				{
					"name": "octagon19",
					"parent": "octagon16",
					"pivot": [1.24498, -0.25159, -0.41875],
					"rotation": [90, 0, 0],
					"cubes": [
						{
							"origin": [1.04876, -0.72531, -0.47931],
							"size": [0.39244, 0.94743, 0.12112],
							"pivot": [1.24498, -0.25159, -0.24245],
							"rotation": [0, 0, 45],
							"uv": {
								"north": {"uv": [9, 80], "uv_size": [0.5, 1]},
								"east": {"uv": [14, 81], "uv_size": [0.25, 1]},
								"south": {"uv": [10, 80], "uv_size": [0.5, 1]},
								"west": {"uv": [15, 81], "uv_size": [0.25, 1]},
								"up": {"uv": [79, 81], "uv_size": [0.5, 0.25]},
								"down": {"uv": [81, 79.25], "uv_size": [0.5, -0.25]}
							}
						},
						{
							"origin": [1.04876, -0.72531, -0.47931],
							"size": [0.39244, 0.94743, 0.12112],
							"uv": {
								"north": {"uv": [11, 80], "uv_size": [0.5, 1]},
								"east": {"uv": [16, 81], "uv_size": [0.25, 1]},
								"south": {"uv": [12, 80], "uv_size": [0.5, 1]},
								"west": {"uv": [17, 81], "uv_size": [0.25, 1]},
								"up": {"uv": [80, 81], "uv_size": [0.5, 0.25]},
								"down": {"uv": [81, 80.25], "uv_size": [0.5, -0.25]}
							}
						},
						{
							"origin": [0.77127, -0.44781, -0.47931],
							"size": [0.94743, 0.39244, 0.12112],
							"pivot": [1.24498, -0.25159, -0.24245],
							"rotation": [0, 0, 45],
							"uv": {
								"north": {"uv": [13, 80], "uv_size": [1, 0.5]},
								"east": {"uv": [81, 81], "uv_size": [0.25, 0.5]},
								"south": {"uv": [14, 80], "uv_size": [1, 0.5]},
								"west": {"uv": [0, 82], "uv_size": [0.25, 0.5]},
								"up": {"uv": [18, 81], "uv_size": [1, 0.25]},
								"down": {"uv": [19, 81.25], "uv_size": [1, -0.25]}
							}
						},
						{
							"origin": [0.77127, -0.44781, -0.47931],
							"size": [0.94743, 0.39244, 0.12112],
							"uv": {
								"north": {"uv": [15, 80], "uv_size": [1, 0.5]},
								"east": {"uv": [1, 82], "uv_size": [0.25, 0.5]},
								"south": {"uv": [16, 80], "uv_size": [1, 0.5]},
								"west": {"uv": [2, 82], "uv_size": [0.25, 0.5]},
								"up": {"uv": [20, 81], "uv_size": [1, 0.25]},
								"down": {"uv": [21, 81.25], "uv_size": [1, -0.25]}
							}
						}
					]
				},
				{
					"name": "hexadecagon",
					"parent": "scope_body",
					"pivot": [0, -0.01562, -1.65625],
					"cubes": [
						{
							"origin": [-0.1101, -0.56912, -4.0705],
							"size": [0.2202, 0.1107, 5.9535],
							"pivot": [0, -0.01562, -1.65625],
							"rotation": [0, 0, -45],
							"uv": {
								"north": {"uv": [77, 83], "uv_size": [0.25, 0.25]},
								"east": {"uv": [46, 72], "uv_size": [6, 0.25]},
								"south": {"uv": [83, 77], "uv_size": [0.25, 0.25]},
								"west": {"uv": [52, 72], "uv_size": [6, 0.25]},
								"up": {"uv": [58, 72], "uv_size": [0.25, 6]},
								"down": {"uv": [59, 78], "uv_size": [0.25, -6]}
							}
						},
						{
							"origin": [-0.1101, -0.56912, -4.0705],
							"size": [0.2202, 0.1107, 5.9535],
							"pivot": [0, -0.01562, -1.65625],
							"rotation": [0, 0, -22.5],
							"uv": {
								"north": {"uv": [78, 83], "uv_size": [0.25, 0.25]},
								"east": {"uv": [60, 72], "uv_size": [6, 0.25]},
								"south": {"uv": [83, 78], "uv_size": [0.25, 0.25]},
								"west": {"uv": [66, 72], "uv_size": [6, 0.25]},
								"up": {"uv": [72, 72], "uv_size": [0.25, 6]},
								"down": {"uv": [0, 79], "uv_size": [0.25, -6]}
							}
						},
						{
							"origin": [-0.1101, -0.56912, -4.0705],
							"size": [0.2202, 0.1107, 5.9535],
							"uv": {
								"north": {"uv": [79, 83], "uv_size": [0.25, 0.25]},
								"east": {"uv": [1, 73], "uv_size": [6, 0.25]},
								"south": {"uv": [83, 79], "uv_size": [0.25, 0.25]},
								"west": {"uv": [7, 73], "uv_size": [6, 0.25]},
								"up": {"uv": [13, 73], "uv_size": [0.25, 6]},
								"down": {"uv": [14, 79], "uv_size": [0.25, -6]}
							}
						},
						{
							"origin": [-0.1101, -0.56912, -4.0705],
							"size": [0.2202, 0.1107, 5.9535],
							"pivot": [0, -0.01562, -1.65625],
							"rotation": [0, 0, 22.5],
							"uv": {
								"north": {"uv": [80, 83], "uv_size": [0.25, 0.25]},
								"east": {"uv": [15, 73], "uv_size": [6, 0.25]},
								"south": {"uv": [83, 80], "uv_size": [0.25, 0.25]},
								"west": {"uv": [21, 73], "uv_size": [6, 0.25]},
								"up": {"uv": [27, 73], "uv_size": [0.25, 6]},
								"down": {"uv": [28, 79], "uv_size": [0.25, -6]}
							}
						},
						{
							"origin": [-0.1101, -0.56912, -4.0705],
							"size": [0.2202, 0.1107, 5.9535],
							"pivot": [0, -0.01562, -1.65625],
							"rotation": [0, 0, 45],
							"uv": {
								"north": {"uv": [81, 83], "uv_size": [0.25, 0.25]},
								"east": {"uv": [29, 73], "uv_size": [6, 0.25]},
								"south": {"uv": [83, 81], "uv_size": [0.25, 0.25]},
								"west": {"uv": [35, 73], "uv_size": [6, 0.25]},
								"up": {"uv": [41, 73], "uv_size": [0.25, 6]},
								"down": {"uv": [42, 79], "uv_size": [0.25, -6]}
							}
						},
						{
							"origin": [-0.1101, 0.42717, -4.0705],
							"size": [0.2202, 0.1107, 5.9535],
							"pivot": [0, -0.01562, -1.65625],
							"rotation": [0, 0, -45],
							"uv": {
								"north": {"uv": [82, 83], "uv_size": [0.25, 0.25]},
								"east": {"uv": [43, 73], "uv_size": [6, 0.25]},
								"south": {"uv": [83, 82], "uv_size": [0.25, 0.25]},
								"west": {"uv": [49, 73], "uv_size": [6, 0.25]},
								"up": {"uv": [55, 73], "uv_size": [0.25, 6]},
								"down": {"uv": [56, 79], "uv_size": [0.25, -6]}
							}
						},
						{
							"origin": [-0.1101, 0.42717, -4.0705],
							"size": [0.2202, 0.1107, 5.9535],
							"pivot": [0, -0.01562, -1.65625],
							"rotation": [0, 0, -22.5],
							"uv": {
								"north": {"uv": [83, 83], "uv_size": [0.25, 0.25]},
								"east": {"uv": [60, 73], "uv_size": [6, 0.25]},
								"south": {"uv": [0, 84], "uv_size": [0.25, 0.25]},
								"west": {"uv": [66, 73], "uv_size": [6, 0.25]},
								"up": {"uv": [57, 73], "uv_size": [0.25, 6]},
								"down": {"uv": [73, 78], "uv_size": [0.25, -6]}
							}
						},
						{
							"origin": [-0.1101, 0.42717, -4.0705],
							"size": [0.2202, 0.1107, 5.9535],
							"uv": {
								"north": {"uv": [1, 84], "uv_size": [0.25, 0.25]},
								"east": {"uv": [1, 74], "uv_size": [6, 0.25]},
								"south": {"uv": [2, 84], "uv_size": [0.25, 0.25]},
								"west": {"uv": [7, 74], "uv_size": [6, 0.25]},
								"up": {"uv": [15, 74], "uv_size": [0.25, 6]},
								"down": {"uv": [16, 80], "uv_size": [0.25, -6]}
							}
						},
						{
							"origin": [-0.1101, 0.42717, -4.0705],
							"size": [0.2202, 0.1107, 5.9535],
							"pivot": [0, -0.01562, -1.65625],
							"rotation": [0, 0, 22.5],
							"uv": {
								"north": {"uv": [3, 84], "uv_size": [0.25, 0.25]},
								"east": {"uv": [17, 74], "uv_size": [6, 0.25]},
								"south": {"uv": [4, 84], "uv_size": [0.25, 0.25]},
								"west": {"uv": [29, 74], "uv_size": [6, 0.25]},
								"up": {"uv": [23, 74], "uv_size": [0.25, 6]},
								"down": {"uv": [24, 80], "uv_size": [0.25, -6]}
							}
						},
						{
							"origin": [-0.1101, 0.42717, -4.0705],
							"size": [0.2202, 0.1107, 5.9535],
							"pivot": [0, -0.01562, -1.65625],
							"rotation": [0, 0, 45],
							"uv": {
								"north": {"uv": [5, 84], "uv_size": [0.25, 0.25]},
								"east": {"uv": [35, 74], "uv_size": [6, 0.25]},
								"south": {"uv": [6, 84], "uv_size": [0.25, 0.25]},
								"west": {"uv": [43, 74], "uv_size": [6, 0.25]},
								"up": {"uv": [25, 74], "uv_size": [0.25, 6]},
								"down": {"uv": [26, 80], "uv_size": [0.25, -6]}
							}
						},
						{
							"origin": [0.4428, -0.12572, -4.0705],
							"size": [0.1107, 0.2202, 5.9535],
							"pivot": [0, -0.01562, -1.65625],
							"rotation": [0, 0, -22.5],
							"uv": {
								"north": {"uv": [7, 84], "uv_size": [0.25, 0.25]},
								"east": {"uv": [49, 74], "uv_size": [6, 0.25]},
								"south": {"uv": [8, 84], "uv_size": [0.25, 0.25]},
								"west": {"uv": [60, 74], "uv_size": [6, 0.25]},
								"up": {"uv": [66, 74], "uv_size": [0.25, 6]},
								"down": {"uv": [67, 80], "uv_size": [0.25, -6]}
							}
						},
						{
							"origin": [0.4428, -0.12572, -4.0705],
							"size": [0.1107, 0.2202, 5.9535],
							"uv": {
								"north": {"uv": [9, 84], "uv_size": [0.25, 0.25]},
								"east": {"uv": [74, 72], "uv_size": [6, 0.25]},
								"south": {"uv": [10, 84], "uv_size": [0.25, 0.25]},
								"west": {"uv": [74, 73], "uv_size": [6, 0.25]},
								"up": {"uv": [68, 74], "uv_size": [0.25, 6]},
								"down": {"uv": [69, 80], "uv_size": [0.25, -6]}
							}
						},
						{
							"origin": [0.4428, -0.12572, -4.0705],
							"size": [0.1107, 0.2202, 5.9535],
							"pivot": [0, -0.01562, -1.65625],
							"rotation": [0, 0, 22.5],
							"uv": {
								"north": {"uv": [11, 84], "uv_size": [0.25, 0.25]},
								"east": {"uv": [74, 74], "uv_size": [6, 0.25]},
								"south": {"uv": [12, 84], "uv_size": [0.25, 0.25]},
								"west": {"uv": [1, 75], "uv_size": [6, 0.25]},
								"up": {"uv": [70, 74], "uv_size": [0.25, 6]},
								"down": {"uv": [71, 80], "uv_size": [0.25, -6]}
							}
						},
						{
							"origin": [-0.5535, -0.12572, -4.0705],
							"size": [0.1107, 0.2202, 5.9535],
							"pivot": [0, -0.01562, -1.65625],
							"rotation": [0, 0, -22.5],
							"uv": {
								"north": {"uv": [13, 84], "uv_size": [0.25, 0.25]},
								"east": {"uv": [7, 75], "uv_size": [6, 0.25]},
								"south": {"uv": [14, 84], "uv_size": [0.25, 0.25]},
								"west": {"uv": [17, 75], "uv_size": [6, 0.25]},
								"up": {"uv": [29, 75], "uv_size": [0.25, 6]},
								"down": {"uv": [30, 81], "uv_size": [0.25, -6]}
							}
						},
						{
							"origin": [-0.5535, -0.12572, -4.0705],
							"size": [0.1107, 0.2202, 5.9535],
							"uv": {
								"north": {"uv": [15, 84], "uv_size": [0.25, 0.25]},
								"east": {"uv": [31, 75], "uv_size": [6, 0.25]},
								"south": {"uv": [16, 84], "uv_size": [0.25, 0.25]},
								"west": {"uv": [43, 75], "uv_size": [6, 0.25]},
								"up": {"uv": [37, 75], "uv_size": [0.25, 6]},
								"down": {"uv": [38, 81], "uv_size": [0.25, -6]}
							}
						},
						{
							"origin": [-0.5535, -0.12572, -4.0705],
							"size": [0.1107, 0.2202, 5.9535],
							"pivot": [0, -0.01562, -1.65625],
							"rotation": [0, 0, 22.5],
							"uv": {
								"north": {"uv": [17, 84], "uv_size": [0.25, 0.25]},
								"east": {"uv": [49, 75], "uv_size": [6, 0.25]},
								"south": {"uv": [18, 84], "uv_size": [0.25, 0.25]},
								"west": {"uv": [60, 75], "uv_size": [6, 0.25]},
								"up": {"uv": [39, 75], "uv_size": [0.25, 6]},
								"down": {"uv": [40, 81], "uv_size": [0.25, -6]}
							}
						}
					]
				},
				{
					"name": "1",
					"parent": "scope_body",
					"pivot": [0, -0.01562, -1.30469],
					"cubes": [
						{
							"origin": [-0.13212, -0.67982, 1.87321],
							"size": [0.26424, 0.13284, 2.47545],
							"pivot": [0, -0.01562, -1.30469],
							"rotation": [0, 0, -45],
							"uv": {
								"north": {"uv": [19, 84], "uv_size": [0.25, 0.25]},
								"east": {"uv": [74, 75], "uv_size": [2.5, 0.25]},
								"south": {"uv": [20, 84], "uv_size": [0.25, 0.25]},
								"west": {"uv": [1, 76], "uv_size": [2.5, 0.25]},
								"up": {"uv": [4, 76], "uv_size": [0.25, 2.5]},
								"down": {"uv": [5, 78.5], "uv_size": [0.25, -2.5]}
							}
						},
						{
							"origin": [-0.13212, -0.67982, 1.87321],
							"size": [0.26424, 0.13284, 2.47545],
							"pivot": [0, -0.01562, -1.30469],
							"rotation": [0, 0, -22.5],
							"uv": {
								"north": {"uv": [21, 84], "uv_size": [0.25, 0.25]},
								"east": {"uv": [6, 76], "uv_size": [2.5, 0.25]},
								"south": {"uv": [22, 84], "uv_size": [0.25, 0.25]},
								"west": {"uv": [9, 76], "uv_size": [2.5, 0.25]},
								"up": {"uv": [12, 76], "uv_size": [0.25, 2.5]},
								"down": {"uv": [17, 78.5], "uv_size": [0.25, -2.5]}
							}
						},
						{
							"origin": [-0.13212, -0.67982, 1.87321],
							"size": [0.26424, 0.13284, 2.47545],
							"uv": {
								"north": {"uv": [23, 84], "uv_size": [0.25, 0.25]},
								"east": {"uv": [18, 76], "uv_size": [2.5, 0.25]},
								"south": {"uv": [24, 84], "uv_size": [0.25, 0.25]},
								"west": {"uv": [31, 76], "uv_size": [2.5, 0.25]},
								"up": {"uv": [21, 76], "uv_size": [0.25, 2.5]},
								"down": {"uv": [22, 78.5], "uv_size": [0.25, -2.5]}
							}
						},
						{
							"origin": [-0.13212, -0.67982, 1.87321],
							"size": [0.26424, 0.13284, 2.47545],
							"pivot": [0, -0.01562, -1.30469],
							"rotation": [0, 0, 22.5],
							"uv": {
								"north": {"uv": [25, 84], "uv_size": [0.25, 0.25]},
								"east": {"uv": [34, 76], "uv_size": [2.5, 0.25]},
								"south": {"uv": [26, 84], "uv_size": [0.25, 0.25]},
								"west": {"uv": [43, 76], "uv_size": [2.5, 0.25]},
								"up": {"uv": [46, 76], "uv_size": [0.25, 2.5]},
								"down": {"uv": [47, 78.5], "uv_size": [0.25, -2.5]}
							}
						},
						{
							"origin": [-0.13212, -0.67982, 1.87321],
							"size": [0.26424, 0.13284, 2.47545],
							"pivot": [0, -0.01562, -1.30469],
							"rotation": [0, 0, 45],
							"uv": {
								"north": {"uv": [27, 84], "uv_size": [0.25, 0.25]},
								"east": {"uv": [48, 76], "uv_size": [2.5, 0.25]},
								"south": {"uv": [28, 84], "uv_size": [0.25, 0.25]},
								"west": {"uv": [51, 76], "uv_size": [2.5, 0.25]},
								"up": {"uv": [54, 76], "uv_size": [0.25, 2.5]},
								"down": {"uv": [60, 78.5], "uv_size": [0.25, -2.5]}
							}
						},
						{
							"origin": [-0.13212, 0.51573, 1.87321],
							"size": [0.26424, 0.13284, 2.47545],
							"pivot": [0, -0.01562, -1.30469],
							"rotation": [0, 0, -45],
							"uv": {
								"north": {"uv": [29, 84], "uv_size": [0.25, 0.25]},
								"east": {"uv": [61, 76], "uv_size": [2.5, 0.25]},
								"south": {"uv": [30, 84], "uv_size": [0.25, 0.25]},
								"west": {"uv": [74, 76], "uv_size": [2.5, 0.25]},
								"up": {"uv": [64, 76], "uv_size": [0.25, 2.5]},
								"down": {"uv": [65, 78.5], "uv_size": [0.25, -2.5]}
							}
						},
						{
							"origin": [-0.13212, 0.51573, 1.87321],
							"size": [0.26424, 0.13284, 2.47545],
							"pivot": [0, -0.01562, -1.30469],
							"rotation": [0, 0, -22.5],
							"uv": {
								"north": {"uv": [31, 84], "uv_size": [0.25, 0.25]},
								"east": {"uv": [1, 77], "uv_size": [2.5, 0.25]},
								"south": {"uv": [32, 84], "uv_size": [0.25, 0.25]},
								"west": {"uv": [6, 77], "uv_size": [2.5, 0.25]},
								"up": {"uv": [9, 77], "uv_size": [0.25, 2.5]},
								"down": {"uv": [10, 79.5], "uv_size": [0.25, -2.5]}
							}
						},
						{
							"origin": [-0.13212, 0.51573, 1.87321],
							"size": [0.26424, 0.13284, 2.47545],
							"uv": {
								"north": {"uv": [33, 84], "uv_size": [0.25, 0.25]},
								"east": {"uv": [18, 77], "uv_size": [2.5, 0.25]},
								"south": {"uv": [34, 84], "uv_size": [0.25, 0.25]},
								"west": {"uv": [31, 77], "uv_size": [2.5, 0.25]},
								"up": {"uv": [11, 77], "uv_size": [0.25, 2.5]},
								"down": {"uv": [34, 79.5], "uv_size": [0.25, -2.5]}
							}
						},
						{
							"origin": [-0.13212, 0.51573, 1.87321],
							"size": [0.26424, 0.13284, 2.47545],
							"pivot": [0, -0.01562, -1.30469],
							"rotation": [0, 0, 22.5],
							"uv": {
								"north": {"uv": [35, 84], "uv_size": [0.25, 0.25]},
								"east": {"uv": [43, 77], "uv_size": [2.5, 0.25]},
								"south": {"uv": [36, 84], "uv_size": [0.25, 0.25]},
								"west": {"uv": [48, 77], "uv_size": [2.5, 0.25]},
								"up": {"uv": [35, 77], "uv_size": [0.25, 2.5]},
								"down": {"uv": [36, 79.5], "uv_size": [0.25, -2.5]}
							}
						},
						{
							"origin": [-0.13212, 0.51573, 1.87321],
							"size": [0.26424, 0.13284, 2.47545],
							"pivot": [0, -0.01562, -1.30469],
							"rotation": [0, 0, 45],
							"uv": {
								"north": {"uv": [37, 84], "uv_size": [0.25, 0.25]},
								"east": {"uv": [51, 77], "uv_size": [2.5, 0.25]},
								"south": {"uv": [38, 84], "uv_size": [0.25, 0.25]},
								"west": {"uv": [61, 77], "uv_size": [2.5, 0.25]},
								"up": {"uv": [74, 77], "uv_size": [0.25, 2.5]},
								"down": {"uv": [75, 79.5], "uv_size": [0.25, -2.5]}
							}
						},
						{
							"origin": [0.53136, -0.14774, 1.87321],
							"size": [0.13284, 0.26424, 2.47545],
							"pivot": [0, -0.01562, -1.30469],
							"rotation": [0, 0, -22.5],
							"uv": {
								"north": {"uv": [39, 84], "uv_size": [0.25, 0.25]},
								"east": {"uv": [77, 75], "uv_size": [2.5, 0.25]},
								"south": {"uv": [40, 84], "uv_size": [0.25, 0.25]},
								"west": {"uv": [76, 77], "uv_size": [2.5, 0.25]},
								"up": {"uv": [1, 78], "uv_size": [0.25, 2.5]},
								"down": {"uv": [2, 80.5], "uv_size": [0.25, -2.5]}
							}
						},
						{
							"origin": [0.53136, -0.14774, 1.87321],
							"size": [0.13284, 0.26424, 2.47545],
							"uv": {
								"north": {"uv": [41, 84], "uv_size": [0.25, 0.25]},
								"east": {"uv": [77, 76], "uv_size": [2.5, 0.25]},
								"south": {"uv": [42, 84], "uv_size": [0.25, 0.25]},
								"west": {"uv": [6, 78], "uv_size": [2.5, 0.25]},
								"up": {"uv": [3, 78], "uv_size": [0.25, 2.5]},
								"down": {"uv": [18, 80.5], "uv_size": [0.25, -2.5]}
							}
						},
						{
							"origin": [0.53136, -0.14774, 1.87321],
							"size": [0.13284, 0.26424, 2.47545],
							"pivot": [0, -0.01562, -1.30469],
							"rotation": [0, 0, 22.5],
							"uv": {
								"north": {"uv": [43, 84], "uv_size": [0.25, 0.25]},
								"east": {"uv": [31, 78], "uv_size": [2.5, 0.25]},
								"south": {"uv": [44, 84], "uv_size": [0.25, 0.25]},
								"west": {"uv": [43, 78], "uv_size": [2.5, 0.25]},
								"up": {"uv": [19, 78], "uv_size": [0.25, 2.5]},
								"down": {"uv": [20, 80.5], "uv_size": [0.25, -2.5]}
							}
						},
						{
							"origin": [-0.6642, -0.14774, 1.87321],
							"size": [0.13284, 0.26424, 2.47545],
							"pivot": [0, -0.01562, -1.30469],
							"rotation": [0, 0, -22.5],
							"uv": {
								"north": {"uv": [45, 84], "uv_size": [0.25, 0.25]},
								"east": {"uv": [48, 78], "uv_size": [2.5, 0.25]},
								"south": {"uv": [46, 84], "uv_size": [0.25, 0.25]},
								"west": {"uv": [51, 78], "uv_size": [2.5, 0.25]},
								"up": {"uv": [58, 78], "uv_size": [0.25, 2.5]},
								"down": {"uv": [59, 80.5], "uv_size": [0.25, -2.5]}
							}
						},
						{
							"origin": [-0.6642, -0.14774, 1.87321],
							"size": [0.13284, 0.26424, 2.47545],
							"uv": {
								"north": {"uv": [47, 84], "uv_size": [0.25, 0.25]},
								"east": {"uv": [61, 78], "uv_size": [2.5, 0.25]},
								"south": {"uv": [48, 84], "uv_size": [0.25, 0.25]},
								"west": {"uv": [76, 78], "uv_size": [2.5, 0.25]},
								"up": {"uv": [72, 78], "uv_size": [0.25, 2.5]},
								"down": {"uv": [73, 80.5], "uv_size": [0.25, -2.5]}
							}
						},
						{
							"origin": [-0.6642, -0.14774, 1.87321],
							"size": [0.13284, 0.26424, 2.47545],
							"pivot": [0, -0.01562, -1.30469],
							"rotation": [0, 0, 22.5],
							"uv": {
								"north": {"uv": [49, 84], "uv_size": [0.25, 0.25]},
								"east": {"uv": [4, 79], "uv_size": [2.5, 0.25]},
								"south": {"uv": [50, 84], "uv_size": [0.25, 0.25]},
								"west": {"uv": [12, 79], "uv_size": [2.5, 0.25]},
								"up": {"uv": [0, 79], "uv_size": [0.25, 2.5]},
								"down": {"uv": [7, 81.5], "uv_size": [0.25, -2.5]}
							}
						}
					]
				},
				{
					"name": "octagon2",
					"parent": "scope_body",
					"pivot": [0, -0.02969, -0.5875],
					"cubes": [
						{
							"origin": [-0.24791, -0.62819, -1.08362],
							"size": [0.49581, 0.1197, 1.35788],
							"pivot": [0, -0.02969, -0.5875],
							"rotation": [0, 0, 45],
							"uv": {
								"north": {"uv": [3, 82], "uv_size": [0.5, 0.25]},
								"east": {"uv": [23, 80], "uv_size": [1.25, 0.25]},
								"south": {"uv": [4, 82], "uv_size": [0.5, 0.25]},
								"west": {"uv": [25, 80], "uv_size": [1.25, 0.25]},
								"up": {"uv": [8, 79], "uv_size": [0.5, 1.25]},
								"down": {"uv": [17, 80.25], "uv_size": [0.5, -1.25]}
							}
						},
						{
							"origin": [-0.24791, -0.62819, -1.08362],
							"size": [0.49581, 0.1197, 1.35788],
							"uv": {
								"north": {"uv": [5, 82], "uv_size": [0.5, 0.25]},
								"east": {"uv": [33, 80], "uv_size": [1.25, 0.25]},
								"south": {"uv": [6, 82], "uv_size": [0.5, 0.25]},
								"west": {"uv": [35, 80], "uv_size": [1.25, 0.25]},
								"up": {"uv": [21, 79], "uv_size": [0.5, 1.25]},
								"down": {"uv": [22, 80.25], "uv_size": [0.5, -1.25]}
							}
						},
						{
							"origin": [-0.24791, 0.44911, -1.08362],
							"size": [0.49581, 0.1197, 1.35788],
							"pivot": [0, -0.02969, -0.5875],
							"rotation": [0, 0, 45],
							"uv": {
								"north": {"uv": [7, 82], "uv_size": [0.5, 0.25]},
								"east": {"uv": [41, 80], "uv_size": [1.25, 0.25]},
								"south": {"uv": [8, 82], "uv_size": [0.5, 0.25]},
								"west": {"uv": [43, 80], "uv_size": [1.25, 0.25]},
								"up": {"uv": [27, 79], "uv_size": [0.5, 1.25]},
								"down": {"uv": [28, 80.25], "uv_size": [0.5, -1.25]}
							}
						},
						{
							"origin": [-0.24791, 0.44911, -1.08362],
							"size": [0.49581, 0.1197, 1.35788],
							"uv": {
								"north": {"uv": [9, 82], "uv_size": [0.5, 0.25]},
								"east": {"uv": [45, 80], "uv_size": [1.25, 0.25]},
								"south": {"uv": [10, 82], "uv_size": [0.5, 0.25]},
								"west": {"uv": [47, 80], "uv_size": [1.25, 0.25]},
								"up": {"uv": [31, 79], "uv_size": [0.5, 1.25]},
								"down": {"uv": [32, 80.25], "uv_size": [0.5, -1.25]}
							}
						},
						{
							"origin": [0.4788, -0.27759, -1.08362],
							"size": [0.1197, 0.49581, 1.35788],
							"pivot": [0, -0.02969, -0.5875],
							"rotation": [0, 0, 45],
							"uv": {
								"north": {"uv": [11, 82], "uv_size": [0.25, 0.5]},
								"east": {"uv": [41, 79], "uv_size": [1.25, 0.5]},
								"south": {"uv": [12, 82], "uv_size": [0.25, 0.5]},
								"west": {"uv": [43, 79], "uv_size": [1.25, 0.5]},
								"up": {"uv": [49, 80], "uv_size": [0.25, 1.25]},
								"down": {"uv": [50, 81.25], "uv_size": [0.25, -1.25]}
							}
						},
						{
							"origin": [0.4788, -0.27759, -1.08362],
							"size": [0.1197, 0.49581, 1.35788],
							"uv": {
								"north": {"uv": [13, 82], "uv_size": [0.25, 0.5]},
								"east": {"uv": [45, 79], "uv_size": [1.25, 0.5]},
								"south": {"uv": [14, 82], "uv_size": [0.25, 0.5]},
								"west": {"uv": [47, 79], "uv_size": [1.25, 0.5]},
								"up": {"uv": [51, 80], "uv_size": [0.25, 1.25]},
								"down": {"uv": [52, 81.25], "uv_size": [0.25, -1.25]}
							}
						},
						{
							"origin": [-0.5985, -0.27759, -1.08362],
							"size": [0.1197, 0.49581, 1.35788],
							"pivot": [0, -0.02969, -0.5875],
							"rotation": [0, 0, 45],
							"uv": {
								"north": {"uv": [15, 82], "uv_size": [0.25, 0.5]},
								"east": {"uv": [49, 79], "uv_size": [1.25, 0.5]},
								"south": {"uv": [16, 82], "uv_size": [0.25, 0.5]},
								"west": {"uv": [51, 79], "uv_size": [1.25, 0.5]},
								"up": {"uv": [53, 80], "uv_size": [0.25, 1.25]},
								"down": {"uv": [54, 81.25], "uv_size": [0.25, -1.25]}
							}
						},
						{
							"origin": [-0.5985, -0.27759, -1.08362],
							"size": [0.1197, 0.49581, 1.35788],
							"uv": {
								"north": {"uv": [17, 82], "uv_size": [0.25, 0.5]},
								"east": {"uv": [53, 79], "uv_size": [1.25, 0.5]},
								"south": {"uv": [18, 82], "uv_size": [0.25, 0.5]},
								"west": {"uv": [55, 79], "uv_size": [1.25, 0.5]},
								"up": {"uv": [55, 80], "uv_size": [0.25, 1.25]},
								"down": {"uv": [56, 81.25], "uv_size": [0.25, -1.25]}
							}
						}
					]
				},
				{
					"name": "octagon14",
					"parent": "scope_body",
					"pivot": [0.00001, -0.01563, -4.80625],
					"cubes": [
						{
							"origin": [-0.24046, -0.59617, -4.19624],
							"size": [0.48094, 0.11611, 0.22589],
							"pivot": [0.00001, -0.01562, -4.80625],
							"rotation": [0, 0, 45],
							"uv": {
								"north": {"uv": [19, 82], "uv_size": [0.5, 0.25]},
								"east": {"uv": [51, 84], "uv_size": [0.25, 0.25]},
								"south": {"uv": [20, 82], "uv_size": [0.5, 0.25]},
								"west": {"uv": [52, 84], "uv_size": [0.25, 0.25]},
								"up": {"uv": [21, 82], "uv_size": [0.5, 0.25]},
								"down": {"uv": [22, 82.25], "uv_size": [0.5, -0.25]}
							}
						},
						{
							"origin": [-0.24046, -0.59617, -4.19624],
							"size": [0.48094, 0.11611, 0.22589],
							"uv": {
								"north": {"uv": [23, 82], "uv_size": [0.5, 0.25]},
								"east": {"uv": [53, 84], "uv_size": [0.25, 0.25]},
								"south": {"uv": [24, 82], "uv_size": [0.5, 0.25]},
								"west": {"uv": [54, 84], "uv_size": [0.25, 0.25]},
								"up": {"uv": [25, 82], "uv_size": [0.5, 0.25]},
								"down": {"uv": [26, 82.25], "uv_size": [0.5, -0.25]}
							}
						},
						{
							"origin": [-0.24046, 0.44881, -4.19624],
							"size": [0.48094, 0.11611, 0.22589],
							"pivot": [0.00001, -0.01562, -4.80625],
							"rotation": [0, 0, 45],
							"uv": {
								"north": {"uv": [27, 82], "uv_size": [0.5, 0.25]},
								"east": {"uv": [55, 84], "uv_size": [0.25, 0.25]},
								"south": {"uv": [28, 82], "uv_size": [0.5, 0.25]},
								"west": {"uv": [56, 84], "uv_size": [0.25, 0.25]},
								"up": {"uv": [29, 82], "uv_size": [0.5, 0.25]},
								"down": {"uv": [30, 82.25], "uv_size": [0.5, -0.25]}
							}
						},
						{
							"origin": [-0.24046, 0.44881, -4.19624],
							"size": [0.48094, 0.11611, 0.22589],
							"uv": {
								"north": {"uv": [31, 82], "uv_size": [0.5, 0.25]},
								"east": {"uv": [57, 84], "uv_size": [0.25, 0.25]},
								"south": {"uv": [32, 82], "uv_size": [0.5, 0.25]},
								"west": {"uv": [58, 84], "uv_size": [0.25, 0.25]},
								"up": {"uv": [33, 82], "uv_size": [0.5, 0.25]},
								"down": {"uv": [34, 82.25], "uv_size": [0.5, -0.25]}
							}
						},
						{
							"origin": [0.46444, -0.25609, -4.19624],
							"size": [0.11611, 0.48094, 0.22589],
							"pivot": [0.00001, -0.01562, -4.80625],
							"rotation": [0, 0, 45],
							"uv": {
								"north": {"uv": [35, 82], "uv_size": [0.25, 0.5]},
								"east": {"uv": [36, 82], "uv_size": [0.25, 0.5]},
								"south": {"uv": [37, 82], "uv_size": [0.25, 0.5]},
								"west": {"uv": [38, 82], "uv_size": [0.25, 0.5]},
								"up": {"uv": [59, 84], "uv_size": [0.25, 0.25]},
								"down": {"uv": [60, 84.25], "uv_size": [0.25, -0.25]}
							}
						},
						{
							"origin": [0.46444, -0.25609, -4.19624],
							"size": [0.11611, 0.48094, 0.22589],
							"uv": {
								"north": {"uv": [39, 82], "uv_size": [0.25, 0.5]},
								"east": {"uv": [40, 82], "uv_size": [0.25, 0.5]},
								"south": {"uv": [41, 82], "uv_size": [0.25, 0.5]},
								"west": {"uv": [42, 82], "uv_size": [0.25, 0.5]},
								"up": {"uv": [61, 84], "uv_size": [0.25, 0.25]},
								"down": {"uv": [62, 84.25], "uv_size": [0.25, -0.25]}
							}
						},
						{
							"origin": [-0.58055, -0.25609, -4.19624],
							"size": [0.11611, 0.48094, 0.22589],
							"pivot": [0.00001, -0.01562, -4.80625],
							"rotation": [0, 0, 45],
							"uv": {
								"north": {"uv": [43, 82], "uv_size": [0.25, 0.5]},
								"east": {"uv": [44, 82], "uv_size": [0.25, 0.5]},
								"south": {"uv": [45, 82], "uv_size": [0.25, 0.5]},
								"west": {"uv": [46, 82], "uv_size": [0.25, 0.5]},
								"up": {"uv": [63, 84], "uv_size": [0.25, 0.25]},
								"down": {"uv": [64, 84.25], "uv_size": [0.25, -0.25]}
							}
						},
						{
							"origin": [-0.58055, -0.25609, -4.19624],
							"size": [0.11611, 0.48094, 0.22589],
							"uv": {
								"north": {"uv": [47, 82], "uv_size": [0.25, 0.5]},
								"east": {"uv": [48, 82], "uv_size": [0.25, 0.5]},
								"south": {"uv": [49, 82], "uv_size": [0.25, 0.5]},
								"west": {"uv": [50, 82], "uv_size": [0.25, 0.5]},
								"up": {"uv": [65, 84], "uv_size": [0.25, 0.25]},
								"down": {"uv": [66, 84.25], "uv_size": [0.25, -0.25]}
							}
						}
					]
				},
				{
					"name": "division",
					"pivot": [0, 0.21579, -41.75724],
					"cubes": [
						{
							"origin": [-50, -35.9, -43.45],
							"size": [100, 20, 2],
							"uv": {
								"south": {"uv": [35.75, 40.75], "uv_size": [0.5, 0]}
							}
						},
						{
							"origin": [-50, 16.1, -43.45],
							"size": [100, 20, 2],
							"uv": {
								"south": {"uv": [0, 20], "uv_size": [0, 2.5]}
							}
						},
						{
							"origin": [16, -15.9, -43.45],
							"size": [34, 32, 2],
							"uv": {
								"south": {"uv": [0, 38.5], "uv_size": [0, 2.75]}
							}
						},
						{
							"origin": [-50, -15.9, -43.45],
							"size": [34, 32, 2],
							"uv": {
								"south": {"uv": [34, 40], "uv_size": [34, 32]}
							}
						},
						{
							"origin": [1, -0.275, -41.4375],
							"size": [15, 0.75, 0],
							"uv": {
								"south": {"uv": [0, 72], "uv_size": [15, 0.75]}
							}
						},
						{
							"origin": [-16, -0.275, -41.4375],
							"size": [15, 0.75, 0],
							"uv": {
								"south": {"uv": [15, 72], "uv_size": [15, 0.75]}
							}
						},
						{
							"origin": [-16, -0.275, -41.4375],
							"size": [15.5625, 0.75, 0],
							"pivot": [0, 0.1, -41.4375],
							"rotation": [0, 0, -90],
							"uv": {
								"south": {"uv": [30, 72], "uv_size": [15.75, 0.5]}
							}
						},
						{
							"origin": [0.5625, -1.19687, -41.4375],
							"size": [0.10938, 0.60938, 0],
							"pivot": [0, -0.9, -41.4375],
							"rotation": [0, 0, -90],
							"uv": {
								"south": {"uv": [54, 83], "uv_size": [0.25, 0.25]}
							}
						},
						{
							"origin": [0.57813, -1.025, -41.4375],
							"size": [0.10938, 0.50001, 0],
							"pivot": [0.01563, -0.79062, -41.4375],
							"rotation": [0, 0, -90],
							"uv": {
								"south": {"uv": [55, 83], "uv_size": [0.25, 0.25]}
							}
						},
						{
							"origin": [0.57813, -0.85312, -41.4375],
							"size": [0.10938, 0.37501, 0],
							"pivot": [0.01563, -0.68125, -41.4375],
							"rotation": [0, 0, -90],
							"uv": {
								"south": {"uv": [56, 83], "uv_size": [0.25, 0.25]}
							}
						},
						{
							"origin": [0.57813, -0.72812, -41.4375],
							"size": [0.03126, 0.29688, 0],
							"pivot": [0.01563, -0.57187, -41.4375],
							"rotation": [0, 0, -90],
							"uv": {
								"south": {"uv": [57, 83], "uv_size": [0.25, 0.25]}
							}
						},
						{
							"origin": [0.57813, -0.65, -41.4375],
							"size": [0.03126, 0.25001, 0],
							"pivot": [0.01563, -0.54062, -41.4375],
							"rotation": [0, 0, -90],
							"uv": {
								"south": {"uv": [57, 83], "uv_size": [0.25, 0.25]}
							}
						},
						{
							"origin": [0.57813, -0.60312, -41.4375],
							"size": [0.03126, 0.21876, 0],
							"pivot": [0.01563, -0.50937, -41.4375],
							"rotation": [0, 0, -90],
							"uv": {
								"south": {"uv": [57, 83], "uv_size": [0.25, 0.25]}
							}
						},
						{
							"origin": [0.57813, -0.54062, -41.4375],
							"size": [0.07813, 0.15626, 0],
							"pivot": [0.01563, -0.47812, -41.4375],
							"rotation": [0, 0, -90],
							"uv": {
								"south": {"uv": [57, 83], "uv_size": [0.25, 0.25]}
							}
						},
						{
							"origin": [0.57813, -0.49375, -41.4375],
							"size": [0.15626, 0.06251, 0],
							"pivot": [0.01563, -0.47812, -41.4375],
							"rotation": [0, 0, -90],
							"uv": {
								"south": {"uv": [57, 83], "uv_size": [0.25, 0.25]}
							}
						},
						{
							"origin": [0.375, -0.32187, -41.4375],
							"size": [0.68751, 0.04688, 0],
							"pivot": [0.375, -0.3375, -41.4365],
							"rotation": [0, 0, -120],
							"uv": {
								"south": {"uv": [66, 81], "uv_size": [0.5, 0.25]}
							}
						},
						{
							"origin": [0.375, -0.3375, -41.4375],
							"size": [0.73438, 0.01563, 0],
							"pivot": [0.375, -0.3375, -41.4365],
							"rotation": [0, 0, -120],
							"uv": {
								"south": {"uv": [67, 81], "uv_size": [0.5, 0.25]}
							}
						},
						{
							"origin": [0.32813, 0.49002, -41.4375],
							"size": [0.70313, 0.04688, 0],
							"pivot": [0.09375, 0.4744, -41.4365],
							"rotation": [0, 0, 120],
							"uv": {
								"south": {"uv": [68, 81], "uv_size": [0.5, 0.25]}
							}
						},
						{
							"origin": [0.3125, 0.49002, -41.4375],
							"size": [0.04688, 0.03126, 0],
							"pivot": [0.09375, 0.4744, -41.4365],
							"rotation": [0, 0, 120],
							"uv": {
								"south": {"uv": [68, 81], "uv_size": [0.5, 0.25]}
							}
						},
						{
							"origin": [0.29688, 0.4744, -41.4375],
							"size": [0.73438, 0.01563, 0],
							"pivot": [0.09375, 0.4744, -41.4365],
							"rotation": [0, 0, 120],
							"uv": {
								"south": {"uv": [69, 81], "uv_size": [0.5, 0.25]}
							}
						}
					]
				},
				{
					"name": "crosshair_illuminated",
					"parent": "division",
					"pivot": [0, -1.7125, -9]
				}
			]
		}
	]
}