{
	"format_version": "1.12.0",
	"minecraft:geometry": [
		{
			"description": {
				"identifier": "geometry.muzzle_silencer_mirage",
				"texture_width": 16,
				"texture_height": 16,
				"visible_bounds_width": 2,
				"visible_bounds_height": 1.5,
				"visible_bounds_offset": [0, 0.25, 0]
			},
			"bones": [
				{
					"name": "silencer",
					"pivot": [0, 0, -0.75],
					"cubes": [
						{
							"origin": [-0.20711, -0.5, -0.5],
							"size": [0.41422, 1, 0.5],
							"pivot": [0, 0, -0.5],
							"rotation": [0, 0, 45],
							"uv": {
								"north": {"uv": [1, 8], "uv_size": [1, 1]},
								"south": {"uv": [2, 8], "uv_size": [1, 1]},
								"up": {"uv": [3, 8], "uv_size": [1, 1]},
								"down": {"uv": [4, 9], "uv_size": [1, -1]}
							}
						},
						{
							"origin": [-0.20711, -0.5, -0.5],
							"size": [0.41422, 1, 0.5],
							"uv": {
								"north": {"uv": [5, 8], "uv_size": [1, 1]},
								"south": {"uv": [6, 8], "uv_size": [1, 1]},
								"up": {"uv": [7, 8], "uv_size": [1, 1]},
								"down": {"uv": [8, 8], "uv_size": [1, -1]}
							}
						},
						{
							"origin": [-0.5, -0.20711, -0.5],
							"size": [1, 0.41422, 0.5],
							"pivot": [0, 0, -0.5],
							"rotation": [0, 0, 45],
							"uv": {
								"north": {"uv": [8, 8], "uv_size": [1, 1]},
								"east": {"uv": [1, 9], "uv_size": [1, 1]},
								"south": {"uv": [2, 9], "uv_size": [1, 1]},
								"west": {"uv": [3, 9], "uv_size": [1, 1]}
							}
						},
						{
							"origin": [-0.5, -0.20711, -0.5],
							"size": [1, 0.41422, 0.5],
							"uv": {
								"north": {"uv": [4, 9], "uv_size": [1, 1]},
								"east": {"uv": [5, 9], "uv_size": [1, 1]},
								"south": {"uv": [6, 9], "uv_size": [1, 1]},
								"west": {"uv": [7, 9], "uv_size": [1, 1]}
							}
						},
						{
							"origin": [-0.31066, -0.75, -7.5],
							"size": [0.62132, 0.5, 7],
							"pivot": [0, 0, -2.75],
							"rotation": [0, 0, 45],
							"uv": {
								"north": {"uv": [9, 7], "uv_size": [1, 1]},
								"south": {"uv": [8, 9], "uv_size": [1, 1]},
								"up": {"uv": [0, 0], "uv_size": [1, 7]},
								"down": {"uv": [1, 7], "uv_size": [1, -7]}
							}
						},
						{
							"origin": [-0.31066, -0.75, -7.5],
							"size": [0.62132, 0.5, 7],
							"uv": {
								"north": {"uv": [9, 8], "uv_size": [1, 1]},
								"south": {"uv": [9, 9], "uv_size": [1, 1]},
								"up": {"uv": [2, 0], "uv_size": [1, 7]},
								"down": {"uv": [3, 7], "uv_size": [1, -7]}
							}
						},
						{
							"origin": [-0.31066, 0.25, -7.5],
							"size": [0.62132, 0.5, 7],
							"pivot": [0, 0, -2.75],
							"rotation": [0, 0, 45],
							"uv": {
								"north": {"uv": [1, 10], "uv_size": [1, 1]},
								"south": {"uv": [2, 10], "uv_size": [1, 1]},
								"up": {"uv": [4, 0], "uv_size": [1, 7]},
								"down": {"uv": [5, 7], "uv_size": [1, -7]}
							}
						},
						{
							"origin": [-0.31066, 0.25, -7.5],
							"size": [0.62132, 0.5, 7],
							"uv": {
								"north": {"uv": [3, 10], "uv_size": [1, 1]},
								"south": {"uv": [4, 10], "uv_size": [1, 1]},
								"up": {"uv": [6, 0], "uv_size": [1, 7]},
								"down": {"uv": [0, 14], "uv_size": [1, -7]}
							}
						},
						{
							"origin": [0.25, -0.31066, -7.5],
							"size": [0.5, 0.62132, 7],
							"pivot": [0, 0, -2.75],
							"rotation": [0, 0, 45],
							"uv": {
								"north": {"uv": [5, 10], "uv_size": [1, 1]},
								"east": {"uv": [7, 0], "uv_size": [7, 1]},
								"south": {"uv": [6, 10], "uv_size": [1, 1]},
								"west": {"uv": [1, 7], "uv_size": [7, 1]}
							}
						},
						{
							"origin": [0.25, -0.31066, -7.5],
							"size": [0.5, 0.62132, 7],
							"uv": {
								"north": {"uv": [7, 10], "uv_size": [1, 1]},
								"east": {"uv": [7, 1], "uv_size": [7, 1]},
								"south": {"uv": [10, 7], "uv_size": [1, 1]},
								"west": {"uv": [7, 2], "uv_size": [7, 1]}
							}
						},
						{
							"origin": [-0.75, -0.31066, -7.5],
							"size": [0.5, 0.62132, 7],
							"pivot": [0, 0, -2.75],
							"rotation": [0, 0, 45],
							"uv": {
								"north": {"uv": [8, 10], "uv_size": [1, 1]},
								"east": {"uv": [7, 3], "uv_size": [7, 1]},
								"south": {"uv": [10, 8], "uv_size": [1, 1]},
								"west": {"uv": [7, 4], "uv_size": [7, 1]}
							}
						},
						{
							"origin": [-0.75, -0.31066, -7.5],
							"size": [0.5, 0.62132, 7],
							"uv": {
								"north": {"uv": [9, 10], "uv_size": [1, 1]},
								"east": {"uv": [7, 5], "uv_size": [7, 1]},
								"south": {"uv": [10, 9], "uv_size": [1, 1]},
								"west": {"uv": [7, 6], "uv_size": [7, 1]}
							}
						}
					]
				}
			]
		}
	]
}