{
	"format_version": "1.12.0",
	"minecraft:geometry": [
		{
			"description": {
				"identifier": "geometry.unknown",
				"texture_width": 128,
				"texture_height": 128,
				"visible_bounds_width": 8,
				"visible_bounds_height": 5,
				"visible_bounds_offset": [0, 0.5, 0]
			},
			"bones": [
				{
					"name": "scope_body",
					"pivot": [0.0375, 0.06771, 1.19122],
					"rotation": [0, 180, 0],
					"cubes": [
						{
							"origin": [-0.24375, -0.28125, -0.85],
							"size": [0.0625, 0.5625, 6.9],
							"uv": {
								"north": {"uv": [11, 73], "uv_size": [1, 1]},
								"east": {"uv": [44, 72], "uv_size": [4, 1]},
								"south": {"uv": [12, 73], "uv_size": [1, 1]},
								"west": {"uv": [48, 72], "uv_size": [4, 1]},
								"up": {"uv": [52, 72], "uv_size": [1, 4]},
								"down": {"uv": [53, 76], "uv_size": [1, -4]}
							}
						},
						{
							"origin": [0.38125, -0.28125, -0.85],
							"size": [0.0625, 0.5625, 6.9],
							"uv": {
								"north": {"uv": [13, 73], "uv_size": [1, 1]},
								"east": {"uv": [54, 72], "uv_size": [4, 1]},
								"south": {"uv": [14, 73], "uv_size": [1, 1]},
								"west": {"uv": [58, 72], "uv_size": [4, 1]},
								"up": {"uv": [62, 72], "uv_size": [1, 4]},
								"down": {"uv": [63, 76], "uv_size": [1, -4]}
							}
						},
						{
							"origin": [-0.24375, -0.34375, -0.85],
							"size": [0.6875, 0.0625, 6.9],
							"uv": {
								"north": {"uv": [15, 73], "uv_size": [1, 1]},
								"east": {"uv": [64, 72], "uv_size": [4, 1]},
								"south": {"uv": [16, 73], "uv_size": [1, 1]},
								"west": {"uv": [68, 72], "uv_size": [4, 1]},
								"up": {"uv": [72, 72], "uv_size": [1, 4]},
								"down": {"uv": [0, 77], "uv_size": [1, -4]}
							}
						},
						{
							"origin": [-0.24375, 0.28125, -0.85],
							"size": [0.6875, 0.0625, 6.9],
							"uv": {
								"north": {"uv": [17, 73], "uv_size": [1, 1]},
								"east": {"uv": [1, 73], "uv_size": [4, 1]},
								"south": {"uv": [18, 73], "uv_size": [1, 1]},
								"west": {"uv": [5, 73], "uv_size": [4, 1]},
								"up": {"uv": [9, 73], "uv_size": [1, 4]},
								"down": {"uv": [10, 77], "uv_size": [1, -4]}
							}
						},
						{
							"origin": [-0.15, 0.34375, 0.9],
							"size": [0.5, 0.1875, 0.5],
							"pivot": [0.1, 0.40625, 1.15],
							"rotation": [0, 45, 0],
							"uv": {
								"north": {"uv": [19, 73], "uv_size": [1, 1]},
								"east": {"uv": [20, 73], "uv_size": [1, 1]},
								"south": {"uv": [21, 73], "uv_size": [1, 1]},
								"west": {"uv": [22, 73], "uv_size": [1, 1]},
								"up": {"uv": [23, 73], "uv_size": [1, 1]},
								"down": {"uv": [24, 74], "uv_size": [1, -1]}
							}
						}
					]
				},
				{
					"name": "octagon",
					"parent": "scope_body",
					"pivot": [0.1, 0, 3.4],
					"cubes": [
						{
							"origin": [-0.10711, -0.5, 5.15],
							"size": [0.41421, 0.1, 0.5875],
							"pivot": [0.1, 0, 3.4],
							"rotation": [0, 0, 45],
							"uv": {
								"north": {"uv": [31, 73], "uv_size": [1, 1]},
								"east": {"uv": [32, 73], "uv_size": [1, 1]},
								"south": {"uv": [33, 73], "uv_size": [1, 1]},
								"west": {"uv": [34, 73], "uv_size": [1, 1]},
								"up": {"uv": [35, 73], "uv_size": [1, 1]},
								"down": {"uv": [36, 74], "uv_size": [1, -1]}
							}
						},
						{
							"origin": [-0.10711, -0.5, 5.15],
							"size": [0.41421, 0.1, 0.5875],
							"uv": {
								"north": {"uv": [37, 73], "uv_size": [1, 1]},
								"east": {"uv": [38, 73], "uv_size": [1, 1]},
								"south": {"uv": [39, 73], "uv_size": [1, 1]},
								"west": {"uv": [40, 73], "uv_size": [1, 1]},
								"up": {"uv": [41, 73], "uv_size": [1, 1]},
								"down": {"uv": [42, 74], "uv_size": [1, -1]}
							}
						},
						{
							"origin": [-0.10711, 0.4, 5.15],
							"size": [0.41421, 0.1, 0.5875],
							"pivot": [0.1, 0, 3.4],
							"rotation": [0, 0, 45],
							"uv": {
								"north": {"uv": [43, 73], "uv_size": [1, 1]},
								"east": {"uv": [44, 73], "uv_size": [1, 1]},
								"south": {"uv": [45, 73], "uv_size": [1, 1]},
								"west": {"uv": [46, 73], "uv_size": [1, 1]},
								"up": {"uv": [47, 73], "uv_size": [1, 1]},
								"down": {"uv": [48, 74], "uv_size": [1, -1]}
							}
						},
						{
							"origin": [-0.10711, 0.4, 5.15],
							"size": [0.41421, 0.1, 0.5875],
							"uv": {
								"north": {"uv": [49, 73], "uv_size": [1, 1]},
								"east": {"uv": [50, 73], "uv_size": [1, 1]},
								"south": {"uv": [51, 73], "uv_size": [1, 1]},
								"west": {"uv": [54, 73], "uv_size": [1, 1]},
								"up": {"uv": [55, 73], "uv_size": [1, 1]},
								"down": {"uv": [56, 74], "uv_size": [1, -1]}
							}
						},
						{
							"origin": [-0.10711, -0.19351, 4.24436],
							"size": [0.41421, 0.1, 1.7],
							"pivot": [0.1, -0.29049, 2.44005],
							"rotation": [12.5, 0, 0],
							"uv": {
								"north": {"uv": [57, 73], "uv_size": [1, 1]},
								"east": {"uv": [58, 73], "uv_size": [1, 1]},
								"south": {"uv": [59, 73], "uv_size": [1, 1]},
								"west": {"uv": [60, 73], "uv_size": [1, 1]},
								"up": {"uv": [61, 73], "uv_size": [1, 1]},
								"down": {"uv": [64, 74], "uv_size": [1, -1]}
							}
						},
						{
							"origin": [-0.10711, -0.62551, -0.32743],
							"size": [0.41421, 0.1, 0.5],
							"pivot": [0.1, -1.02551, -0.76493],
							"rotation": [20, 0, 0],
							"uv": {
								"north": {"uv": [65, 73], "uv_size": [1, 1]},
								"east": {"uv": [66, 73], "uv_size": [1, 1]},
								"south": {"uv": [67, 73], "uv_size": [1, 1]},
								"west": {"uv": [68, 73], "uv_size": [1, 1]},
								"up": {"uv": [69, 73], "uv_size": [1, 1]},
								"down": {"uv": [70, 74], "uv_size": [1, -1]}
							}
						},
						{
							"origin": [-0.10711, 0.14779, 3.93654],
							"size": [0.41421, 0.1, 1.8],
							"pivot": [0.1, -0.55523, 2.13223],
							"rotation": [-12.5, 0, 0],
							"uv": {
								"north": {"uv": [71, 73], "uv_size": [1, 1]},
								"east": {"uv": [73, 72], "uv_size": [1, 1]},
								"south": {"uv": [73, 73], "uv_size": [1, 1]},
								"west": {"uv": [1, 74], "uv_size": [1, 1]},
								"up": {"uv": [2, 74], "uv_size": [1, 1]},
								"down": {"uv": [3, 75], "uv_size": [1, -1]}
							}
						},
						{
							"origin": [-0.10711, 0.57979, -0.63525],
							"size": [0.41421, 0.1, 0.5],
							"pivot": [0.1, 0.17979, -1.07275],
							"rotation": [-20, 0, 0],
							"uv": {
								"north": {"uv": [4, 74], "uv_size": [1, 1]},
								"east": {"uv": [5, 74], "uv_size": [1, 1]},
								"south": {"uv": [6, 74], "uv_size": [1, 1]},
								"west": {"uv": [7, 74], "uv_size": [1, 1]},
								"up": {"uv": [8, 74], "uv_size": [1, 1]},
								"down": {"uv": [11, 75], "uv_size": [1, -1]}
							}
						},
						{
							"origin": [0.07268, 0.4, -0.63525],
							"size": [0.41421, 0.1, 0.5],
							"pivot": [0.27979, 0, -1.07275],
							"rotation": [-20, 0, 90],
							"uv": {
								"north": {"uv": [12, 74], "uv_size": [1, 1]},
								"east": {"uv": [13, 74], "uv_size": [1, 1]},
								"south": {"uv": [14, 74], "uv_size": [1, 1]},
								"west": {"uv": [15, 74], "uv_size": [1, 1]},
								"up": {"uv": [16, 74], "uv_size": [1, 1]},
								"down": {"uv": [17, 75], "uv_size": [1, -1]}
							}
						},
						{
							"origin": [-0.66234, 0.70302, 3.93654],
							"size": [0.41421, 0.1, 1.8],
							"pivot": [-0.45523, 0, 2.13223],
							"rotation": [-12.5, 0, 90],
							"uv": {
								"north": {"uv": [18, 74], "uv_size": [1, 1]},
								"east": {"uv": [19, 74], "uv_size": [1, 1]},
								"south": {"uv": [20, 74], "uv_size": [1, 1]},
								"west": {"uv": [21, 74], "uv_size": [1, 1]},
								"up": {"uv": [22, 74], "uv_size": [1, 1]},
								"down": {"uv": [23, 75], "uv_size": [1, -1]}
							}
						},
						{
							"origin": [-1.13262, 0.4, -0.32743],
							"size": [0.41421, 0.1, 0.5],
							"pivot": [-0.92551, 0, -0.76493],
							"rotation": [20, 0, 90],
							"uv": {
								"north": {"uv": [24, 74], "uv_size": [1, 1]},
								"east": {"uv": [25, 74], "uv_size": [1, 1]},
								"south": {"uv": [26, 74], "uv_size": [1, 1]},
								"west": {"uv": [27, 74], "uv_size": [1, 1]},
								"up": {"uv": [28, 74], "uv_size": [1, 1]},
								"down": {"uv": [29, 75], "uv_size": [1, -1]}
							}
						},
						{
							"origin": [-0.3976, 0.09698, 4.24436],
							"size": [0.41421, 0.1, 1.7],
							"pivot": [-0.19049, 0, 2.44005],
							"rotation": [12.5, 0, 90],
							"uv": {
								"north": {"uv": [30, 74], "uv_size": [1, 1]},
								"east": {"uv": [31, 74], "uv_size": [1, 1]},
								"south": {"uv": [32, 74], "uv_size": [1, 1]},
								"west": {"uv": [33, 74], "uv_size": [1, 1]},
								"up": {"uv": [34, 74], "uv_size": [1, 1]},
								"down": {"uv": [35, 75], "uv_size": [1, -1]}
							}
						},
						{
							"origin": [0.5, -0.20711, 5.15],
							"size": [0.1, 0.41421, 0.5875],
							"pivot": [0.1, 0, 3.4],
							"rotation": [0, 0, 45],
							"uv": {
								"north": {"uv": [36, 74], "uv_size": [1, 1]},
								"east": {"uv": [37, 74], "uv_size": [1, 1]},
								"south": {"uv": [38, 74], "uv_size": [1, 1]},
								"west": {"uv": [39, 74], "uv_size": [1, 1]},
								"up": {"uv": [40, 74], "uv_size": [1, 1]},
								"down": {"uv": [41, 75], "uv_size": [1, -1]}
							}
						},
						{
							"origin": [0.5, -0.20711, 5.15],
							"size": [0.1, 0.41421, 0.5875],
							"uv": {
								"north": {"uv": [42, 74], "uv_size": [1, 1]},
								"east": {"uv": [43, 74], "uv_size": [1, 1]},
								"south": {"uv": [44, 74], "uv_size": [1, 1]},
								"west": {"uv": [45, 74], "uv_size": [1, 1]},
								"up": {"uv": [46, 74], "uv_size": [1, 1]},
								"down": {"uv": [47, 75], "uv_size": [1, -1]}
							}
						},
						{
							"origin": [-0.4, -0.20711, 5.15],
							"size": [0.1, 0.41421, 0.5875],
							"pivot": [0.1, 0, 3.4],
							"rotation": [0, 0, 45],
							"uv": {
								"north": {"uv": [48, 74], "uv_size": [1, 1]},
								"east": {"uv": [49, 74], "uv_size": [1, 1]},
								"south": {"uv": [50, 74], "uv_size": [1, 1]},
								"west": {"uv": [51, 74], "uv_size": [1, 1]},
								"up": {"uv": [54, 74], "uv_size": [1, 1]},
								"down": {"uv": [55, 75], "uv_size": [1, -1]}
							}
						},
						{
							"origin": [-0.4, -0.20711, 5.15],
							"size": [0.1, 0.41421, 0.5875],
							"uv": {
								"north": {"uv": [56, 74], "uv_size": [1, 1]},
								"east": {"uv": [57, 74], "uv_size": [1, 1]},
								"south": {"uv": [58, 74], "uv_size": [1, 1]},
								"west": {"uv": [59, 74], "uv_size": [1, 1]},
								"up": {"uv": [60, 74], "uv_size": [1, 1]},
								"down": {"uv": [61, 75], "uv_size": [1, -1]}
							}
						}
					]
				},
				{
					"name": "octagon24",
					"parent": "scope_body",
					"pivot": [0.1, 0, 3.32188],
					"cubes": [
						{
							"origin": [-0.14138, -0.58275, 5.74169],
							"size": [0.48277, 0.11655, 0.07284],
							"pivot": [0.1, 0, 3.32188],
							"rotation": [0, 0, 45],
							"uv": {
								"north": {"uv": [64, 74], "uv_size": [1, 1]},
								"east": {"uv": [65, 74], "uv_size": [1, 1]},
								"south": {"uv": [66, 74], "uv_size": [1, 1]},
								"west": {"uv": [67, 74], "uv_size": [1, 1]},
								"up": {"uv": [68, 74], "uv_size": [1, 1]},
								"down": {"uv": [69, 75], "uv_size": [1, -1]}
							}
						},
						{
							"origin": [-0.14138, -0.58275, 5.74169],
							"size": [0.48277, 0.11655, 0.07284],
							"uv": {
								"north": {"uv": [70, 74], "uv_size": [1, 1]},
								"east": {"uv": [71, 74], "uv_size": [1, 1]},
								"south": {"uv": [74, 72], "uv_size": [1, 1]},
								"west": {"uv": [73, 74], "uv_size": [1, 1]},
								"up": {"uv": [74, 73], "uv_size": [1, 1]},
								"down": {"uv": [74, 75], "uv_size": [1, -1]}
							}
						},
						{
							"origin": [-0.14138, 0.4662, 5.74169],
							"size": [0.48277, 0.11655, 0.07284],
							"pivot": [0.1, 0, 3.32188],
							"rotation": [0, 0, 45],
							"uv": {
								"north": {"uv": [1, 75], "uv_size": [1, 1]},
								"east": {"uv": [2, 75], "uv_size": [1, 1]},
								"south": {"uv": [3, 75], "uv_size": [1, 1]},
								"west": {"uv": [4, 75], "uv_size": [1, 1]},
								"up": {"uv": [5, 75], "uv_size": [1, 1]},
								"down": {"uv": [6, 76], "uv_size": [1, -1]}
							}
						},
						{
							"origin": [-0.14138, 0.4662, 5.74169],
							"size": [0.48277, 0.11655, 0.07284],
							"uv": {
								"north": {"uv": [7, 75], "uv_size": [1, 1]},
								"east": {"uv": [8, 75], "uv_size": [1, 1]},
								"south": {"uv": [11, 75], "uv_size": [1, 1]},
								"west": {"uv": [12, 75], "uv_size": [1, 1]},
								"up": {"uv": [13, 75], "uv_size": [1, 1]},
								"down": {"uv": [14, 76], "uv_size": [1, -1]}
							}
						},
						{
							"origin": [0.5662, -0.24138, 5.74169],
							"size": [0.11655, 0.48277, 0.07284],
							"pivot": [0.1, 0, 3.32188],
							"rotation": [0, 0, 45],
							"uv": {
								"north": {"uv": [15, 75], "uv_size": [1, 1]},
								"east": {"uv": [16, 75], "uv_size": [1, 1]},
								"south": {"uv": [17, 75], "uv_size": [1, 1]},
								"west": {"uv": [18, 75], "uv_size": [1, 1]},
								"up": {"uv": [19, 75], "uv_size": [1, 1]},
								"down": {"uv": [20, 76], "uv_size": [1, -1]}
							}
						},
						{
							"origin": [0.5662, -0.24138, 5.74169],
							"size": [0.11655, 0.48277, 0.07284],
							"uv": {
								"north": {"uv": [21, 75], "uv_size": [1, 1]},
								"east": {"uv": [22, 75], "uv_size": [1, 1]},
								"south": {"uv": [23, 75], "uv_size": [1, 1]},
								"west": {"uv": [24, 75], "uv_size": [1, 1]},
								"up": {"uv": [25, 75], "uv_size": [1, 1]},
								"down": {"uv": [26, 76], "uv_size": [1, -1]}
							}
						},
						{
							"origin": [-0.48275, -0.24138, 5.74169],
							"size": [0.11655, 0.48277, 0.07284],
							"pivot": [0.1, 0, 3.32188],
							"rotation": [0, 0, 45],
							"uv": {
								"north": {"uv": [27, 75], "uv_size": [1, 1]},
								"east": {"uv": [28, 75], "uv_size": [1, 1]},
								"south": {"uv": [29, 75], "uv_size": [1, 1]},
								"west": {"uv": [30, 75], "uv_size": [1, 1]},
								"up": {"uv": [31, 75], "uv_size": [1, 1]},
								"down": {"uv": [32, 76], "uv_size": [1, -1]}
							}
						},
						{
							"origin": [-0.48275, -0.24138, 5.74169],
							"size": [0.11655, 0.48277, 0.07284],
							"uv": {
								"north": {"uv": [33, 75], "uv_size": [1, 1]},
								"east": {"uv": [34, 75], "uv_size": [1, 1]},
								"south": {"uv": [35, 75], "uv_size": [1, 1]},
								"west": {"uv": [36, 75], "uv_size": [1, 1]},
								"up": {"uv": [37, 75], "uv_size": [1, 1]},
								"down": {"uv": [38, 76], "uv_size": [1, -1]}
							}
						}
					]
				},
				{
					"name": "octagon23",
					"parent": "scope_body",
					"pivot": [0.1, 0, -1.42812],
					"cubes": [
						{
							"origin": [-0.20711, -0.6, -1.89687],
							"size": [0.61421, 0.3, 1.40625],
							"pivot": [0.1, 0, -1.42812],
							"rotation": [0, 0, 45],
							"uv": {
								"north": {"uv": [39, 75], "uv_size": [1, 1]},
								"east": {"uv": [40, 75], "uv_size": [1, 1]},
								"south": {"uv": [41, 75], "uv_size": [1, 1]},
								"west": {"uv": [42, 75], "uv_size": [1, 1]},
								"up": {"uv": [43, 75], "uv_size": [1, 1]},
								"down": {"uv": [44, 76], "uv_size": [1, -1]}
							}
						},
						{
							"origin": [-0.10711, -0.65, -1.89687],
							"size": [0.41421, 0.25, 1.40625],
							"uv": {
								"north": {"uv": [45, 75], "uv_size": [1, 1]},
								"east": {"uv": [46, 75], "uv_size": [1, 1]},
								"south": {"uv": [47, 75], "uv_size": [1, 1]},
								"west": {"uv": [48, 75], "uv_size": [1, 1]},
								"up": {"uv": [49, 75], "uv_size": [1, 1]},
								"down": {"uv": [50, 76], "uv_size": [1, -1]}
							}
						},
						{
							"origin": [-0.20711, 0.3, -1.89687],
							"size": [0.61421, 0.3, 1.40625],
							"pivot": [0.1, 0, -1.42812],
							"rotation": [0, 0, 45],
							"uv": {
								"north": {"uv": [51, 75], "uv_size": [1, 1]},
								"east": {"uv": [54, 75], "uv_size": [1, 1]},
								"south": {"uv": [55, 75], "uv_size": [1, 1]},
								"west": {"uv": [56, 75], "uv_size": [1, 1]},
								"up": {"uv": [57, 75], "uv_size": [1, 1]},
								"down": {"uv": [58, 76], "uv_size": [1, -1]}
							}
						},
						{
							"origin": [-0.10711, 0.4, -1.89687],
							"size": [0.41421, 0.25, 1.40625],
							"uv": {
								"north": {"uv": [59, 75], "uv_size": [1, 1]},
								"east": {"uv": [60, 75], "uv_size": [1, 1]},
								"south": {"uv": [61, 75], "uv_size": [1, 1]},
								"west": {"uv": [64, 75], "uv_size": [1, 1]},
								"up": {"uv": [65, 75], "uv_size": [1, 1]},
								"down": {"uv": [66, 76], "uv_size": [1, -1]}
							}
						},
						{
							"origin": [0.4, -0.30711, -1.89687],
							"size": [0.3, 0.61421, 1.40625],
							"pivot": [0.1, 0, -1.42812],
							"rotation": [0, 0, 45],
							"uv": {
								"north": {"uv": [67, 75], "uv_size": [1, 1]},
								"east": {"uv": [68, 75], "uv_size": [1, 1]},
								"south": {"uv": [69, 75], "uv_size": [1, 1]},
								"west": {"uv": [70, 75], "uv_size": [1, 1]},
								"up": {"uv": [71, 75], "uv_size": [1, 1]},
								"down": {"uv": [75, 73], "uv_size": [1, -1]}
							}
						},
						{
							"origin": [0.5, -0.20711, -1.89687],
							"size": [0.25, 0.41421, 1.40625],
							"uv": {
								"north": {"uv": [73, 75], "uv_size": [1, 1]},
								"east": {"uv": [75, 73], "uv_size": [1, 1]},
								"south": {"uv": [74, 75], "uv_size": [1, 1]},
								"west": {"uv": [75, 74], "uv_size": [1, 1]},
								"up": {"uv": [75, 75], "uv_size": [1, 1]},
								"down": {"uv": [1, 77], "uv_size": [1, -1]}
							}
						},
						{
							"origin": [-0.5, -0.30711, -1.89687],
							"size": [0.3, 0.61421, 1.40625],
							"pivot": [0.1, 0, -1.42812],
							"rotation": [0, 0, 45],
							"uv": {
								"north": {"uv": [2, 76], "uv_size": [1, 1]},
								"east": {"uv": [3, 76], "uv_size": [1, 1]},
								"south": {"uv": [4, 76], "uv_size": [1, 1]},
								"west": {"uv": [5, 76], "uv_size": [1, 1]},
								"up": {"uv": [6, 76], "uv_size": [1, 1]},
								"down": {"uv": [7, 77], "uv_size": [1, -1]}
							}
						},
						{
							"origin": [-0.55, -0.20711, -1.89687],
							"size": [0.25, 0.41421, 1.40625],
							"uv": {
								"north": {"uv": [8, 76], "uv_size": [1, 1]},
								"east": {"uv": [11, 76], "uv_size": [1, 1]},
								"south": {"uv": [12, 76], "uv_size": [1, 1]},
								"west": {"uv": [13, 76], "uv_size": [1, 1]},
								"up": {"uv": [14, 76], "uv_size": [1, 1]},
								"down": {"uv": [15, 77], "uv_size": [1, -1]}
							}
						}
					]
				},
				{
					"name": "hexadecagon",
					"parent": "scope_body",
					"pivot": [0.1, 0.02062, 4.67062],
					"cubes": [
						{
							"origin": [-0.03248, -0.64537, 5.73763],
							"size": [0.26495, 0.1332, 1.3535],
							"pivot": [0.1, 0.02063, 4.67063],
							"rotation": [0, 0, -45],
							"uv": {
								"north": {"uv": [16, 76], "uv_size": [1, 1]},
								"east": {"uv": [17, 76], "uv_size": [1, 1]},
								"south": {"uv": [18, 76], "uv_size": [1, 1]},
								"west": {"uv": [19, 76], "uv_size": [1, 1]},
								"up": {"uv": [20, 76], "uv_size": [1, 1]},
								"down": {"uv": [21, 77], "uv_size": [1, -1]}
							}
						},
						{
							"origin": [-0.03248, -0.64537, 5.73763],
							"size": [0.26495, 0.1332, 1.3535],
							"pivot": [0.1, 0.02063, 4.67063],
							"rotation": [0, 0, -22.5],
							"uv": {
								"north": {"uv": [22, 76], "uv_size": [1, 1]},
								"east": {"uv": [23, 76], "uv_size": [1, 1]},
								"south": {"uv": [24, 76], "uv_size": [1, 1]},
								"west": {"uv": [25, 76], "uv_size": [1, 1]},
								"up": {"uv": [26, 76], "uv_size": [1, 1]},
								"down": {"uv": [27, 77], "uv_size": [1, -1]}
							}
						},
						{
							"origin": [-0.03248, -0.64537, 5.73763],
							"size": [0.26495, 0.1332, 1.3535],
							"uv": {
								"north": {"uv": [28, 76], "uv_size": [1, 1]},
								"east": {"uv": [29, 76], "uv_size": [1, 1]},
								"south": {"uv": [30, 76], "uv_size": [1, 1]},
								"west": {"uv": [31, 76], "uv_size": [1, 1]},
								"up": {"uv": [32, 76], "uv_size": [1, 1]},
								"down": {"uv": [33, 77], "uv_size": [1, -1]}
							}
						},
						{
							"origin": [-0.03248, -0.64537, 5.73763],
							"size": [0.26495, 0.1332, 1.3535],
							"pivot": [0.1, 0.02063, 4.67063],
							"rotation": [0, 0, 22.5],
							"uv": {
								"north": {"uv": [34, 76], "uv_size": [1, 1]},
								"east": {"uv": [35, 76], "uv_size": [1, 1]},
								"south": {"uv": [36, 76], "uv_size": [1, 1]},
								"west": {"uv": [37, 76], "uv_size": [1, 1]},
								"up": {"uv": [38, 76], "uv_size": [1, 1]},
								"down": {"uv": [39, 77], "uv_size": [1, -1]}
							}
						},
						{
							"origin": [-0.03248, -0.64537, 5.73763],
							"size": [0.26495, 0.1332, 1.3535],
							"pivot": [0.1, 0.02063, 4.67063],
							"rotation": [0, 0, 45],
							"uv": {
								"north": {"uv": [40, 76], "uv_size": [1, 1]},
								"east": {"uv": [41, 76], "uv_size": [1, 1]},
								"south": {"uv": [42, 76], "uv_size": [1, 1]},
								"west": {"uv": [43, 76], "uv_size": [1, 1]},
								"up": {"uv": [44, 76], "uv_size": [1, 1]},
								"down": {"uv": [45, 77], "uv_size": [1, -1]}
							}
						},
						{
							"origin": [-0.03248, 0.55342, 5.73763],
							"size": [0.26495, 0.1332, 1.3535],
							"pivot": [0.1, 0.02063, 4.67063],
							"rotation": [0, 0, -45],
							"uv": {
								"north": {"uv": [46, 76], "uv_size": [1, 1]},
								"east": {"uv": [47, 76], "uv_size": [1, 1]},
								"south": {"uv": [48, 76], "uv_size": [1, 1]},
								"west": {"uv": [49, 76], "uv_size": [1, 1]},
								"up": {"uv": [50, 76], "uv_size": [1, 1]},
								"down": {"uv": [51, 77], "uv_size": [1, -1]}
							}
						},
						{
							"origin": [-0.03248, 0.55342, 5.73763],
							"size": [0.26495, 0.1332, 1.3535],
							"pivot": [0.1, 0.02063, 4.67063],
							"rotation": [0, 0, -22.5],
							"uv": {
								"north": {"uv": [52, 76], "uv_size": [1, 1]},
								"east": {"uv": [53, 76], "uv_size": [1, 1]},
								"south": {"uv": [54, 76], "uv_size": [1, 1]},
								"west": {"uv": [55, 76], "uv_size": [1, 1]},
								"up": {"uv": [56, 76], "uv_size": [1, 1]},
								"down": {"uv": [57, 77], "uv_size": [1, -1]}
							}
						},
						{
							"origin": [-0.03248, 0.55342, 5.73763],
							"size": [0.26495, 0.1332, 1.3535],
							"uv": {
								"north": {"uv": [58, 76], "uv_size": [1, 1]},
								"east": {"uv": [59, 76], "uv_size": [1, 1]},
								"south": {"uv": [60, 76], "uv_size": [1, 1]},
								"west": {"uv": [61, 76], "uv_size": [1, 1]},
								"up": {"uv": [62, 76], "uv_size": [1, 1]},
								"down": {"uv": [63, 77], "uv_size": [1, -1]}
							}
						},
						{
							"origin": [-0.03248, 0.55342, 5.73763],
							"size": [0.26495, 0.1332, 1.3535],
							"pivot": [0.1, 0.02063, 4.67063],
							"rotation": [0, 0, 22.5],
							"uv": {
								"north": {"uv": [64, 76], "uv_size": [1, 1]},
								"east": {"uv": [65, 76], "uv_size": [1, 1]},
								"south": {"uv": [66, 76], "uv_size": [1, 1]},
								"west": {"uv": [67, 76], "uv_size": [1, 1]},
								"up": {"uv": [68, 76], "uv_size": [1, 1]},
								"down": {"uv": [69, 77], "uv_size": [1, -1]}
							}
						},
						{
							"origin": [-0.03248, 0.55342, 5.73763],
							"size": [0.26495, 0.1332, 1.3535],
							"pivot": [0.1, 0.02063, 4.67063],
							"rotation": [0, 0, 45],
							"uv": {
								"north": {"uv": [70, 76], "uv_size": [1, 1]},
								"east": {"uv": [71, 76], "uv_size": [1, 1]},
								"south": {"uv": [72, 76], "uv_size": [1, 1]},
								"west": {"uv": [76, 72], "uv_size": [1, 1]},
								"up": {"uv": [73, 76], "uv_size": [1, 1]},
								"down": {"uv": [76, 74], "uv_size": [1, -1]}
							}
						},
						{
							"origin": [0.6328, -0.11185, 5.73763],
							"size": [0.1332, 0.26495, 1.3535],
							"pivot": [0.1, 0.02063, 4.67063],
							"rotation": [0, 0, -22.5],
							"uv": {
								"north": {"uv": [74, 76], "uv_size": [1, 1]},
								"east": {"uv": [76, 74], "uv_size": [1, 1]},
								"south": {"uv": [75, 76], "uv_size": [1, 1]},
								"west": {"uv": [76, 75], "uv_size": [1, 1]},
								"up": {"uv": [76, 76], "uv_size": [1, 1]},
								"down": {"uv": [0, 78], "uv_size": [1, -1]}
							}
						},
						{
							"origin": [0.6328, -0.11185, 5.73763],
							"size": [0.1332, 0.26495, 1.3535],
							"uv": {
								"north": {"uv": [1, 77], "uv_size": [1, 1]},
								"east": {"uv": [2, 77], "uv_size": [1, 1]},
								"south": {"uv": [3, 77], "uv_size": [1, 1]},
								"west": {"uv": [4, 77], "uv_size": [1, 1]},
								"up": {"uv": [5, 77], "uv_size": [1, 1]},
								"down": {"uv": [6, 78], "uv_size": [1, -1]}
							}
						},
						{
							"origin": [0.6328, -0.11185, 5.73763],
							"size": [0.1332, 0.26495, 1.3535],
							"pivot": [0.1, 0.02063, 4.67063],
							"rotation": [0, 0, 22.5],
							"uv": {
								"north": {"uv": [7, 77], "uv_size": [1, 1]},
								"east": {"uv": [8, 77], "uv_size": [1, 1]},
								"south": {"uv": [9, 77], "uv_size": [1, 1]},
								"west": {"uv": [10, 77], "uv_size": [1, 1]},
								"up": {"uv": [11, 77], "uv_size": [1, 1]},
								"down": {"uv": [12, 78], "uv_size": [1, -1]}
							}
						},
						{
							"origin": [-0.566, -0.11185, 5.73763],
							"size": [0.1332, 0.26495, 1.3535],
							"pivot": [0.1, 0.02063, 4.67063],
							"rotation": [0, 0, -22.5],
							"uv": {
								"north": {"uv": [13, 77], "uv_size": [1, 1]},
								"east": {"uv": [14, 77], "uv_size": [1, 1]},
								"south": {"uv": [15, 77], "uv_size": [1, 1]},
								"west": {"uv": [16, 77], "uv_size": [1, 1]},
								"up": {"uv": [17, 77], "uv_size": [1, 1]},
								"down": {"uv": [18, 78], "uv_size": [1, -1]}
							}
						},
						{
							"origin": [-0.566, -0.11185, 5.73763],
							"size": [0.1332, 0.26495, 1.3535],
							"uv": {
								"north": {"uv": [19, 77], "uv_size": [1, 1]},
								"east": {"uv": [20, 77], "uv_size": [1, 1]},
								"south": {"uv": [21, 77], "uv_size": [1, 1]},
								"west": {"uv": [22, 77], "uv_size": [1, 1]},
								"up": {"uv": [23, 77], "uv_size": [1, 1]},
								"down": {"uv": [24, 78], "uv_size": [1, -1]}
							}
						},
						{
							"origin": [-0.566, -0.11185, 5.73763],
							"size": [0.1332, 0.26495, 1.3535],
							"pivot": [0.1, 0.02063, 4.67063],
							"rotation": [0, 0, 22.5],
							"uv": {
								"north": {"uv": [25, 77], "uv_size": [1, 1]},
								"east": {"uv": [26, 77], "uv_size": [1, 1]},
								"south": {"uv": [27, 77], "uv_size": [1, 1]},
								"west": {"uv": [28, 77], "uv_size": [1, 1]},
								"up": {"uv": [29, 77], "uv_size": [1, 1]},
								"down": {"uv": [30, 78], "uv_size": [1, -1]}
							}
						}
					]
				},
				{
					"name": "hexadecagon2",
					"parent": "scope_body",
					"pivot": [0.1, 0.02062, 4.68625],
					"cubes": [
						{
							"origin": [-0.0391, -0.67867, 7.08191],
							"size": [0.2782, 0.13986, 0.07586],
							"pivot": [0.1, 0.02063, 4.68625],
							"rotation": [0, 0, -45],
							"uv": {
								"north": {"uv": [31, 77], "uv_size": [1, 1]},
								"east": {"uv": [32, 77], "uv_size": [1, 1]},
								"south": {"uv": [33, 77], "uv_size": [1, 1]},
								"west": {"uv": [34, 77], "uv_size": [1, 1]},
								"up": {"uv": [35, 77], "uv_size": [1, 1]},
								"down": {"uv": [36, 78], "uv_size": [1, -1]}
							}
						},
						{
							"origin": [-0.0391, -0.67867, 7.08191],
							"size": [0.2782, 0.13986, 0.07586],
							"pivot": [0.1, 0.02063, 4.68625],
							"rotation": [0, 0, -22.5],
							"uv": {
								"north": {"uv": [37, 77], "uv_size": [1, 1]},
								"east": {"uv": [38, 77], "uv_size": [1, 1]},
								"south": {"uv": [39, 77], "uv_size": [1, 1]},
								"west": {"uv": [40, 77], "uv_size": [1, 1]},
								"up": {"uv": [41, 77], "uv_size": [1, 1]},
								"down": {"uv": [42, 78], "uv_size": [1, -1]}
							}
						},
						{
							"origin": [-0.0391, -0.67867, 7.08191],
							"size": [0.2782, 0.13986, 0.07586],
							"uv": {
								"north": {"uv": [43, 77], "uv_size": [1, 1]},
								"east": {"uv": [44, 77], "uv_size": [1, 1]},
								"south": {"uv": [45, 77], "uv_size": [1, 1]},
								"west": {"uv": [46, 77], "uv_size": [1, 1]},
								"up": {"uv": [47, 77], "uv_size": [1, 1]},
								"down": {"uv": [48, 78], "uv_size": [1, -1]}
							}
						},
						{
							"origin": [-0.0391, -0.67867, 7.08191],
							"size": [0.2782, 0.13986, 0.07586],
							"pivot": [0.1, 0.02063, 4.68625],
							"rotation": [0, 0, 22.5],
							"uv": {
								"north": {"uv": [49, 77], "uv_size": [1, 1]},
								"east": {"uv": [50, 77], "uv_size": [1, 1]},
								"south": {"uv": [51, 77], "uv_size": [1, 1]},
								"west": {"uv": [52, 77], "uv_size": [1, 1]},
								"up": {"uv": [53, 77], "uv_size": [1, 1]},
								"down": {"uv": [54, 78], "uv_size": [1, -1]}
							}
						},
						{
							"origin": [-0.0391, -0.67867, 7.08191],
							"size": [0.2782, 0.13986, 0.07586],
							"pivot": [0.1, 0.02063, 4.68625],
							"rotation": [0, 0, 45],
							"uv": {
								"north": {"uv": [55, 77], "uv_size": [1, 1]},
								"east": {"uv": [56, 77], "uv_size": [1, 1]},
								"south": {"uv": [57, 77], "uv_size": [1, 1]},
								"west": {"uv": [58, 77], "uv_size": [1, 1]},
								"up": {"uv": [59, 77], "uv_size": [1, 1]},
								"down": {"uv": [60, 78], "uv_size": [1, -1]}
							}
						},
						{
							"origin": [-0.0391, 0.58006, 7.08191],
							"size": [0.2782, 0.13986, 0.07586],
							"pivot": [0.1, 0.02063, 4.68625],
							"rotation": [0, 0, -45],
							"uv": {
								"north": {"uv": [61, 77], "uv_size": [1, 1]},
								"east": {"uv": [62, 77], "uv_size": [1, 1]},
								"south": {"uv": [63, 77], "uv_size": [1, 1]},
								"west": {"uv": [64, 77], "uv_size": [1, 1]},
								"up": {"uv": [65, 77], "uv_size": [1, 1]},
								"down": {"uv": [66, 78], "uv_size": [1, -1]}
							}
						},
						{
							"origin": [-0.0391, 0.58006, 7.08191],
							"size": [0.2782, 0.13986, 0.07586],
							"pivot": [0.1, 0.02063, 4.68625],
							"rotation": [0, 0, -22.5],
							"uv": {
								"north": {"uv": [67, 77], "uv_size": [1, 1]},
								"east": {"uv": [68, 77], "uv_size": [1, 1]},
								"south": {"uv": [69, 77], "uv_size": [1, 1]},
								"west": {"uv": [70, 77], "uv_size": [1, 1]},
								"up": {"uv": [71, 77], "uv_size": [1, 1]},
								"down": {"uv": [72, 78], "uv_size": [1, -1]}
							}
						},
						{
							"origin": [-0.0391, 0.58006, 7.08191],
							"size": [0.2782, 0.13986, 0.07586],
							"uv": {
								"north": {"uv": [77, 72], "uv_size": [1, 1]},
								"east": {"uv": [73, 77], "uv_size": [1, 1]},
								"south": {"uv": [77, 73], "uv_size": [1, 1]},
								"west": {"uv": [74, 77], "uv_size": [1, 1]},
								"up": {"uv": [77, 74], "uv_size": [1, 1]},
								"down": {"uv": [75, 78], "uv_size": [1, -1]}
							}
						},
						{
							"origin": [-0.0391, 0.58006, 7.08191],
							"size": [0.2782, 0.13986, 0.07586],
							"pivot": [0.1, 0.02063, 4.68625],
							"rotation": [0, 0, 22.5],
							"uv": {
								"north": {"uv": [77, 75], "uv_size": [1, 1]},
								"east": {"uv": [76, 77], "uv_size": [1, 1]},
								"south": {"uv": [77, 76], "uv_size": [1, 1]},
								"west": {"uv": [77, 77], "uv_size": [1, 1]},
								"up": {"uv": [0, 78], "uv_size": [1, 1]},
								"down": {"uv": [1, 79], "uv_size": [1, -1]}
							}
						},
						{
							"origin": [-0.0391, 0.58006, 7.08191],
							"size": [0.2782, 0.13986, 0.07586],
							"pivot": [0.1, 0.02063, 4.68625],
							"rotation": [0, 0, 45],
							"uv": {
								"north": {"uv": [2, 78], "uv_size": [1, 1]},
								"east": {"uv": [3, 78], "uv_size": [1, 1]},
								"south": {"uv": [4, 78], "uv_size": [1, 1]},
								"west": {"uv": [5, 78], "uv_size": [1, 1]},
								"up": {"uv": [6, 78], "uv_size": [1, 1]},
								"down": {"uv": [7, 79], "uv_size": [1, -1]}
							}
						},
						{
							"origin": [0.65944, -0.11847, 7.08191],
							"size": [0.13986, 0.2782, 0.07586],
							"pivot": [0.1, 0.02063, 4.68625],
							"rotation": [0, 0, -22.5],
							"uv": {
								"north": {"uv": [8, 78], "uv_size": [1, 1]},
								"east": {"uv": [9, 78], "uv_size": [1, 1]},
								"south": {"uv": [10, 78], "uv_size": [1, 1]},
								"west": {"uv": [11, 78], "uv_size": [1, 1]},
								"up": {"uv": [12, 78], "uv_size": [1, 1]},
								"down": {"uv": [13, 79], "uv_size": [1, -1]}
							}
						},
						{
							"origin": [0.65944, -0.11847, 7.08191],
							"size": [0.13986, 0.2782, 0.07586],
							"uv": {
								"north": {"uv": [14, 78], "uv_size": [1, 1]},
								"east": {"uv": [15, 78], "uv_size": [1, 1]},
								"south": {"uv": [16, 78], "uv_size": [1, 1]},
								"west": {"uv": [17, 78], "uv_size": [1, 1]},
								"up": {"uv": [18, 78], "uv_size": [1, 1]},
								"down": {"uv": [19, 79], "uv_size": [1, -1]}
							}
						},
						{
							"origin": [0.65944, -0.11847, 7.08191],
							"size": [0.13986, 0.2782, 0.07586],
							"pivot": [0.1, 0.02063, 4.68625],
							"rotation": [0, 0, 22.5],
							"uv": {
								"north": {"uv": [20, 78], "uv_size": [1, 1]},
								"east": {"uv": [21, 78], "uv_size": [1, 1]},
								"south": {"uv": [22, 78], "uv_size": [1, 1]},
								"west": {"uv": [23, 78], "uv_size": [1, 1]},
								"up": {"uv": [24, 78], "uv_size": [1, 1]},
								"down": {"uv": [25, 79], "uv_size": [1, -1]}
							}
						},
						{
							"origin": [-0.5993, -0.11847, 7.08191],
							"size": [0.13986, 0.2782, 0.07586],
							"pivot": [0.1, 0.02063, 4.68625],
							"rotation": [0, 0, -22.5],
							"uv": {
								"north": {"uv": [26, 78], "uv_size": [1, 1]},
								"east": {"uv": [27, 78], "uv_size": [1, 1]},
								"south": {"uv": [28, 78], "uv_size": [1, 1]},
								"west": {"uv": [29, 78], "uv_size": [1, 1]},
								"up": {"uv": [30, 78], "uv_size": [1, 1]},
								"down": {"uv": [31, 79], "uv_size": [1, -1]}
							}
						},
						{
							"origin": [-0.5993, -0.11847, 7.08191],
							"size": [0.13986, 0.2782, 0.07586],
							"uv": {
								"north": {"uv": [32, 78], "uv_size": [1, 1]},
								"east": {"uv": [33, 78], "uv_size": [1, 1]},
								"south": {"uv": [34, 78], "uv_size": [1, 1]},
								"west": {"uv": [35, 78], "uv_size": [1, 1]},
								"up": {"uv": [36, 78], "uv_size": [1, 1]},
								"down": {"uv": [37, 79], "uv_size": [1, -1]}
							}
						},
						{
							"origin": [-0.5993, -0.11847, 7.08191],
							"size": [0.13986, 0.2782, 0.07586],
							"pivot": [0.1, 0.02063, 4.68625],
							"rotation": [0, 0, 22.5],
							"uv": {
								"north": {"uv": [38, 78], "uv_size": [1, 1]},
								"east": {"uv": [39, 78], "uv_size": [1, 1]},
								"south": {"uv": [40, 78], "uv_size": [1, 1]},
								"west": {"uv": [41, 78], "uv_size": [1, 1]},
								"up": {"uv": [42, 78], "uv_size": [1, 1]},
								"down": {"uv": [43, 79], "uv_size": [1, -1]}
							}
						}
					]
				},
				{
					"name": "division",
					"pivot": [0, -1.68421, -36.75724],
					"cubes": [
						{
							"origin": [-50, -36, -38.45],
							"size": [100, 20, 2],
							"uv": {
								"south": {"uv": [0, 0], "uv_size": [100, 20]}
							}
						},
						{
							"origin": [-50, 16, -38.45],
							"size": [100, 20, 2],
							"uv": {
								"south": {"uv": [0, 20], "uv_size": [100, 20]}
							}
						},
						{
							"origin": [16, -16, -38.45],
							"size": [34, 32, 2],
							"uv": {
								"south": {"uv": [0, 40], "uv_size": [34, 32]}
							}
						},
						{
							"origin": [-50, -16, -38.45],
							"size": [34, 32, 2],
							"uv": {
								"south": {"uv": [34, 40], "uv_size": [34, 32]}
							}
						},
						{
							"origin": [-16, -16, -38.45],
							"size": [32, 32, 2],
							"uv": {
								"south": {"uv": [68, 40], "uv_size": [32, 32]}
							}
						},
						{
							"origin": [2, -0.25, -36.4375],
							"size": [14, 0.5, 0],
							"uv": {
								"south": {"uv": [16, 72], "uv_size": [14, 1]}
							}
						},
						{
							"origin": [-16, -0.25, -36.4375],
							"size": [14, 0.5, 0],
							"uv": {
								"south": {"uv": [30, 72], "uv_size": [14, 1]}
							}
						},
						{
							"origin": [-16, -0.25, -36.4375],
							"size": [15.8125, 0.5, 0],
							"pivot": [0, 0, -36.4375],
							"rotation": [0, 0, -90],
							"uv": {
								"south": {"uv": [0, 72], "uv_size": [16, 1]}
							}
						},
						{
							"origin": [0.5625, -0.92187, -36.4375],
							"size": [0.10938, 0.35938, 0],
							"pivot": [0, -0.75, -36.4375],
							"rotation": [0, 0, -90],
							"uv": {
								"south": {"uv": [44, 78], "uv_size": [1, 1]}
							}
						},
						{
							"origin": [0.57813, -0.75, -36.4375],
							"size": [0.10938, 0.23438, 0],
							"pivot": [0.01563, -0.64062, -36.4375],
							"rotation": [0, 0, -90],
							"uv": {
								"south": {"uv": [45, 78], "uv_size": [1, 1]}
							}
						},
						{
							"origin": [0.57813, -0.57812, -36.4375],
							"size": [0.10938, 0.12501, 0],
							"pivot": [0.01563, -0.53125, -36.4375],
							"rotation": [0, 0, -90],
							"uv": {
								"south": {"uv": [46, 78], "uv_size": [1, 1]}
							}
						},
						{
							"origin": [0.57813, -0.45312, -36.4375],
							"size": [0.03126, 0.04688, 0],
							"pivot": [0.01563, -0.42187, -36.4375],
							"rotation": [0, 0, -90],
							"uv": {
								"south": {"uv": [47, 78], "uv_size": [1, 1]}
							}
						},
						{
							"origin": [0.25, -0.17187, -36.4375],
							"size": [0.45313, 0.04688, 0],
							"pivot": [0.25, -0.1875, -36.4365],
							"rotation": [0, 0, -120],
							"uv": {
								"south": {"uv": [48, 78], "uv_size": [1, 1]}
							}
						},
						{
							"origin": [0.25, -0.1875, -36.4375],
							"size": [0.5, 0.01563, 0],
							"pivot": [0.25, -0.1875, -36.4365],
							"rotation": [0, 0, -120],
							"uv": {
								"south": {"uv": [49, 78], "uv_size": [1, 1]}
							}
						},
						{
							"origin": [0.6875, 0.64002, -36.4375],
							"size": [0.46875, 0.03126, 0],
							"pivot": [0.21875, 0.6244, -36.4365],
							"rotation": [0, 0, 120],
							"uv": {
								"south": {"uv": [50, 78], "uv_size": [1, 1]}
							}
						},
						{
							"origin": [0.6875, 0.6244, -36.4375],
							"size": [0.46875, 0.01563, 0],
							"pivot": [0.21875, 0.6244, -36.4365],
							"rotation": [0, 0, 120],
							"uv": {
								"south": {"uv": [51, 78], "uv_size": [1, 1]}
							}
						}
					]
				},
				{
					"name": "crosshair_illuminated",
					"parent": "division",
					"pivot": [0, -1.8125, -4]
				},
				{
					"name": "scope_view",
					"pivot": [0, 0, 6.9]
				},
				{
					"name": "ocular",
					"pivot": [0, 0.01563, 4.28175],
					"cubes": [
						{
							"origin": [0.07203, -0.58494, 4.21875],
							"size": [0.21304, 1.071, 0.126],
							"pivot": [0.01074, -0.23244, 2.47838],
							"rotation": [0, 0, -45],
							"uv": {
								"south": {"uv": [52, 78], "uv_size": [1, 1]}
							}
						},
						{
							"origin": [-0.01077, -0.53465, 4.21875],
							"size": [0.21304, 1.071, 0.126],
							"pivot": [0.01074, -0.23244, 2.47838],
							"rotation": [0, 0, -22.5],
							"uv": {
								"south": {"uv": [53, 78], "uv_size": [1, 1]}
							}
						},
						{
							"origin": [-0.10652, -0.51988, 4.21875],
							"size": [0.21304, 1.071, 0.126],
							"uv": {
								"south": {"uv": [54, 78], "uv_size": [1, 1]}
							}
						},
						{
							"origin": [-0.20063, -0.54286, 4.21875],
							"size": [0.21304, 1.071, 0.126],
							"pivot": [0.01074, -0.23244, 2.47838],
							"rotation": [0, 0, 22.5],
							"uv": {
								"south": {"uv": [55, 78], "uv_size": [1, 1]}
							}
						},
						{
							"origin": [-0.27878, -0.60012, 4.21875],
							"size": [0.21304, 1.071, 0.126],
							"pivot": [0.01074, -0.23244, 2.47838],
							"rotation": [0, 0, 45],
							"uv": {
								"south": {"uv": [56, 78], "uv_size": [1, 1]}
							}
						},
						{
							"origin": [-0.43975, -0.10567, 4.21875],
							"size": [1.071, 0.21304, 0.126],
							"pivot": [0.01074, -0.23244, 2.47838],
							"rotation": [0, 0, -22.5],
							"uv": {
								"south": {"uv": [57, 78], "uv_size": [1, 1]}
							}
						},
						{
							"origin": [-0.5355, -0.09089, 4.21875],
							"size": [1.071, 0.21304, 0.126],
							"uv": {
								"south": {"uv": [58, 78], "uv_size": [1, 1]}
							}
						},
						{
							"origin": [-0.62961, -0.11388, 4.21875],
							"size": [1.071, 0.21304, 0.126],
							"pivot": [0.01074, -0.23244, 2.47838],
							"rotation": [0, 0, 22.5],
							"uv": {
								"south": {"uv": [59, 78], "uv_size": [1, 1]}
							}
						}
					]
				},
				{
					"name": "lens",
					"pivot": [0, 0, -3.1961]
				},
				{
					"name": "ocular_ring",
					"pivot": [0, 0.00078, 4.27014],
					"cubes": [
						{
							"origin": [0.05768, -0.64251, 4.18192],
							"size": [0.23083, 0.06108, 0.17644],
							"pivot": [0.01041, -0.2397, 2.40307],
							"rotation": [0, 0, -45],
							"uv": {
								"north": {"uv": [60, 78], "uv_size": [1, 1]},
								"east": {"uv": [61, 78], "uv_size": [1, 1]},
								"south": {"uv": [62, 78], "uv_size": [1, 1]},
								"west": {"uv": [63, 78], "uv_size": [1, 1]},
								"up": {"uv": [64, 78], "uv_size": [1, 1]},
								"down": {"uv": [65, 79], "uv_size": [1, -1]}
							}
						},
						{
							"origin": [-0.02259, -0.59376, 4.18192],
							"size": [0.23082, 0.06108, 0.17644],
							"pivot": [0.01041, -0.2397, 2.40307],
							"rotation": [0, 0, -22.5],
							"uv": {
								"north": {"uv": [66, 78], "uv_size": [1, 1]},
								"east": {"uv": [67, 78], "uv_size": [1, 1]},
								"south": {"uv": [68, 78], "uv_size": [1, 1]},
								"west": {"uv": [69, 78], "uv_size": [1, 1]},
								"up": {"uv": [70, 78], "uv_size": [1, 1]},
								"down": {"uv": [71, 79], "uv_size": [1, -1]}
							}
						},
						{
							"origin": [-0.11542, -0.57944, 4.18192],
							"size": [0.23083, 0.06108, 0.17644],
							"uv": {
								"north": {"uv": [72, 78], "uv_size": [1, 1]},
								"east": {"uv": [78, 72], "uv_size": [1, 1]},
								"south": {"uv": [73, 78], "uv_size": [1, 1]},
								"west": {"uv": [78, 73], "uv_size": [1, 1]},
								"up": {"uv": [74, 78], "uv_size": [1, 1]},
								"down": {"uv": [78, 75], "uv_size": [1, -1]}
							}
						},
						{
							"origin": [-0.20665, -0.60173, 4.18192],
							"size": [0.23082, 0.06108, 0.17644],
							"pivot": [0.01041, -0.2397, 2.40307],
							"rotation": [0, 0, 22.5],
							"uv": {
								"north": {"uv": [75, 78], "uv_size": [1, 1]},
								"east": {"uv": [78, 75], "uv_size": [1, 1]},
								"south": {"uv": [76, 78], "uv_size": [1, 1]},
								"west": {"uv": [78, 76], "uv_size": [1, 1]},
								"up": {"uv": [77, 78], "uv_size": [1, 1]},
								"down": {"uv": [78, 78], "uv_size": [1, -1]}
							}
						},
						{
							"origin": [-0.28242, -0.65724, 4.18192],
							"size": [0.23083, 0.06108, 0.17644],
							"pivot": [0.01041, -0.2397, 2.40307],
							"rotation": [0, 0, 45],
							"uv": {
								"north": {"uv": [78, 78], "uv_size": [1, 1]},
								"east": {"uv": [0, 79], "uv_size": [1, 1]},
								"south": {"uv": [1, 79], "uv_size": [1, 1]},
								"west": {"uv": [2, 79], "uv_size": [1, 1]},
								"up": {"uv": [3, 79], "uv_size": [1, 1]},
								"down": {"uv": [4, 80], "uv_size": [1, -1]}
							}
						},
						{
							"origin": [0.05768, 0.45686, 4.18192],
							"size": [0.23083, 0.06108, 0.17644],
							"pivot": [0.01041, -0.2397, 2.40307],
							"rotation": [0, 0, -45],
							"uv": {
								"north": {"uv": [5, 79], "uv_size": [1, 1]},
								"east": {"uv": [6, 79], "uv_size": [1, 1]},
								"south": {"uv": [7, 79], "uv_size": [1, 1]},
								"west": {"uv": [8, 79], "uv_size": [1, 1]},
								"up": {"uv": [9, 79], "uv_size": [1, 1]},
								"down": {"uv": [10, 80], "uv_size": [1, -1]}
							}
						},
						{
							"origin": [-0.02259, 0.50561, 4.18192],
							"size": [0.23082, 0.06108, 0.17644],
							"pivot": [0.01041, -0.2397, 2.40307],
							"rotation": [0, 0, -22.5],
							"uv": {
								"north": {"uv": [11, 79], "uv_size": [1, 1]},
								"east": {"uv": [12, 79], "uv_size": [1, 1]},
								"south": {"uv": [13, 79], "uv_size": [1, 1]},
								"west": {"uv": [14, 79], "uv_size": [1, 1]},
								"up": {"uv": [15, 79], "uv_size": [1, 1]},
								"down": {"uv": [16, 80], "uv_size": [1, -1]}
							}
						},
						{
							"origin": [-0.11542, 0.51993, 4.18192],
							"size": [0.23083, 0.06108, 0.17644],
							"uv": {
								"north": {"uv": [17, 79], "uv_size": [1, 1]},
								"east": {"uv": [18, 79], "uv_size": [1, 1]},
								"south": {"uv": [19, 79], "uv_size": [1, 1]},
								"west": {"uv": [20, 79], "uv_size": [1, 1]},
								"up": {"uv": [21, 79], "uv_size": [1, 1]},
								"down": {"uv": [22, 80], "uv_size": [1, -1]}
							}
						},
						{
							"origin": [-0.20665, 0.49765, 4.18192],
							"size": [0.23082, 0.06108, 0.17644],
							"pivot": [0.01041, -0.2397, 2.40307],
							"rotation": [0, 0, 22.5],
							"uv": {
								"north": {"uv": [23, 79], "uv_size": [1, 1]},
								"east": {"uv": [24, 79], "uv_size": [1, 1]},
								"south": {"uv": [25, 79], "uv_size": [1, 1]},
								"west": {"uv": [26, 79], "uv_size": [1, 1]},
								"up": {"uv": [27, 79], "uv_size": [1, 1]},
								"down": {"uv": [28, 80], "uv_size": [1, -1]}
							}
						},
						{
							"origin": [-0.28242, 0.44213, 4.18192],
							"size": [0.23083, 0.06108, 0.17644],
							"pivot": [0.01041, -0.2397, 2.40307],
							"rotation": [0, 0, 45],
							"uv": {
								"north": {"uv": [29, 79], "uv_size": [1, 1]},
								"east": {"uv": [30, 79], "uv_size": [1, 1]},
								"south": {"uv": [31, 79], "uv_size": [1, 1]},
								"west": {"uv": [32, 79], "uv_size": [1, 1]},
								"up": {"uv": [33, 79], "uv_size": [1, 1]},
								"down": {"uv": [34, 80], "uv_size": [1, -1]}
							}
						},
						{
							"origin": [0.61197, -0.12895, 4.18192],
							"size": [0.06108, 0.23083, 0.17644],
							"pivot": [0.01041, -0.2397, 2.40307],
							"rotation": [0, 0, -22.5],
							"uv": {
								"north": {"uv": [35, 79], "uv_size": [1, 1]},
								"east": {"uv": [36, 79], "uv_size": [1, 1]},
								"south": {"uv": [37, 79], "uv_size": [1, 1]},
								"west": {"uv": [38, 79], "uv_size": [1, 1]},
								"up": {"uv": [39, 79], "uv_size": [1, 1]},
								"down": {"uv": [40, 80], "uv_size": [1, -1]}
							}
						},
						{
							"origin": [0.51915, -0.11463, 4.18192],
							"size": [0.06108, 0.23083, 0.17644],
							"uv": {
								"north": {"uv": [41, 79], "uv_size": [1, 1]},
								"east": {"uv": [42, 79], "uv_size": [1, 1]},
								"south": {"uv": [43, 79], "uv_size": [1, 1]},
								"west": {"uv": [44, 79], "uv_size": [1, 1]},
								"up": {"uv": [45, 79], "uv_size": [1, 1]},
								"down": {"uv": [46, 80], "uv_size": [1, -1]}
							}
						},
						{
							"origin": [0.42791, -0.13692, 4.18192],
							"size": [0.06108, 0.23082, 0.17644],
							"pivot": [0.01041, -0.2397, 2.40307],
							"rotation": [0, 0, 22.5],
							"uv": {
								"north": {"uv": [47, 79], "uv_size": [1, 1]},
								"east": {"uv": [48, 79], "uv_size": [1, 1]},
								"south": {"uv": [49, 79], "uv_size": [1, 1]},
								"west": {"uv": [50, 79], "uv_size": [1, 1]},
								"up": {"uv": [51, 79], "uv_size": [1, 1]},
								"down": {"uv": [52, 80], "uv_size": [1, -1]}
							}
						},
						{
							"origin": [-0.4874, -0.12895, 4.18192],
							"size": [0.06108, 0.23083, 0.17644],
							"pivot": [0.01041, -0.2397, 2.40307],
							"rotation": [0, 0, -22.5],
							"uv": {
								"north": {"uv": [53, 79], "uv_size": [1, 1]},
								"east": {"uv": [54, 79], "uv_size": [1, 1]},
								"south": {"uv": [55, 79], "uv_size": [1, 1]},
								"west": {"uv": [56, 79], "uv_size": [1, 1]},
								"up": {"uv": [57, 79], "uv_size": [1, 1]},
								"down": {"uv": [58, 80], "uv_size": [1, -1]}
							}
						},
						{
							"origin": [-0.58022, -0.11463, 4.18192],
							"size": [0.06108, 0.23083, 0.17644],
							"uv": {
								"north": {"uv": [59, 79], "uv_size": [1, 1]},
								"east": {"uv": [60, 79], "uv_size": [1, 1]},
								"south": {"uv": [61, 79], "uv_size": [1, 1]},
								"west": {"uv": [62, 79], "uv_size": [1, 1]},
								"up": {"uv": [63, 79], "uv_size": [1, 1]},
								"down": {"uv": [64, 80], "uv_size": [1, -1]}
							}
						},
						{
							"origin": [-0.67146, -0.13692, 4.18192],
							"size": [0.06108, 0.23082, 0.17644],
							"pivot": [0.01041, -0.2397, 2.40307],
							"rotation": [0, 0, 22.5],
							"uv": {
								"north": {"uv": [65, 79], "uv_size": [1, 1]},
								"east": {"uv": [66, 79], "uv_size": [1, 1]},
								"south": {"uv": [67, 79], "uv_size": [1, 1]},
								"west": {"uv": [68, 79], "uv_size": [1, 1]},
								"up": {"uv": [69, 79], "uv_size": [1, 1]},
								"down": {"uv": [70, 80], "uv_size": [1, -1]}
							}
						}
					]
				}
			]
		}
	]
}