{
  "model": "ww:gun/stg44_geo",
  "texture": "ww:gun/uv/stg44",
  "lod": {
    "model": "ww:gun/stg44_geo",
    "texture": "ww:gun/uv/stg44"
  },
  "hud": "ww:gun/hud/stg44",
  "slot": "ww:gun/slot/stg44",
  "animation": "ww:stg44",
  "use_default_animation": "rifle",
  "third_person_animation": "default",
  "state_machine": "tacz:scar_h_state_machine",
  "transform": {
    "scale": {
      "thirdperson": [0.6, 0.6, 0.6],
      "ground": [0.6, 0.6, 0.6],
      "fixed": [1.2, 1.2, 1.2]
    }
  },
  "muzzle_flash": {
    "texture": "tacz:flash/common_muzzle_flash",
    "scale": 1.125
  },
  "iron_zoom": 1.33,
  "zoom_model_fov": 55,
  "shell": {
    "initial_velocity": [5, 2, 1],
    "random_velocity": [1, 1, 0.25],
    "acceleration": [0.0, -10, 0.0],
    "angular_velocity": [360, -1200, 90],
    "living_time": 1.0
  },
  "sounds": {
    "shoot": "tacz:ak47/ak47_shoot",
    "shoot_3p": "tacz:ak47/ak47_shoot_3p",
    "silence": "tacz:scar_h/scar_h_silence",
    "silence_3p": "tacz:scar_h/scar_h_silence_3p",
    "dry_fire": "tacz:dry_fire",
    "fire_select": "tacz:fire_select",
    "head_hit": "tacz:head_hit",
    "flesh_hit": "tacz:flesh_hit",
    "kill": "tacz:kill",
    "melee_push": "tacz:melee_stock/melee_stock_01",
    "melee_stock": "tacz:melee_stock/melee_stock_03"
  },
  "offhand_show": {
    "pos": [0, 19, 4],
    "rotate": [0, 0, 60],
    "scale": [0.5, 0.5, 0.5]
  },
  "hotbar_show": {
    "0": {
      "pos": [0, 19, 3],
      "rotate": [-180, 0, 120],
      "scale": [0.5, 0.5, 0.5]
    }
  }
}