{
  "model": "ww:gun/t20_geo",
  "texture": "ww:gun/uv/t20",
  "lod": {
    "model": "ww:gun/t20_geo",
    "texture": "ww:gun/uv/t20"
  },
  "hud": "ww:gun/hud/t20",
  "slot": "ww:gun/slot/t20",
  "animation": "ww:t20",
  "use_default_animation": "rifle",
  "player_animator_3rd": "tacz:pistol_default.player_animation",
  "transform": {
    "scale": {
      "thirdperson": [0.6, 0.6, 0.6],
      "ground": [0.6, 0.6, 0.6],
      "fixed": [1.2, 1.2, 1.2]
    }
  },
  "shell": {
    "initial_velocity": [8.0, 5.0, -0.5],
    "random_velocity": [2.5, 1.5, 0.25],
    "acceleration": [0.0, -20, 0.0],
    "angular_velocity": [360, -720, 90],
    "living_time": 1.0
  },
  "muzzle_flash": {
    "texture": "tacz:flash/common_muzzle_flash",
    "scale": 0.4
  },
  "sounds": {
    "shoot": "tacz:mk14/mk14_shoot",
    "shoot_3p": "tacz:mk14/mk14_shoot_3p",
    "reload_empty": "tacz:mk14/mk14_reload_empty",
    "reload_tactical": "tacz:mk14/mk14_reload_tactical",
    "inspect": "tacz:mk14/mk14_inspect",
    "inspect_empty": "tacz:mk14/mk14_inspect_empty",
    "draw": "tacz:mk14/mk14_draw",
    "put_away": "tacz:mk14/mk14_put_away",
    "silence": "tacz:mk14/mk14_silence",
    "silence_3p": "tacz:mk14/mk14_silence_3p",
    "dry_fire": "tacz:dry_fire",
    "fire_select": "tacz:fire_select",
    "head_hit": "tacz:head_hit",
    "flesh_hit": "tacz:flesh_hit",
    "kill": "tacz:kill",
    "melee_push": "tacz:melee_stock/melee_stock_01",
    "melee_stock": "tacz:melee_stock/melee_stock_03"
  },
  "offhand_show": {
    "pos": [4, 13, -1],
    "rotate": [-90, -35, 90],
    "scale": [0.5, 0.5, 0.5]
  },
  "hotbar_show": {
    "0": {
      "pos": [-5, 13, -1],
      "rotate": [-90, -35, 90],
      "scale": [0.5, 0.5, 0.5]
    }
  }
}