{
  "model": "ww:gun/t96_geo",
  "texture": "ww:gun/uv/t96",
  "lod": {
    "model": "ww:gun/t96_geo",
    "texture": "ww:gun/uv/t96"
  },
  "hud": "ww:gun/hud/t96",
  "slot": "ww:gun/slot/t96",
  "animation": "ww:t96",
  "use_default_animation": "rifle",
  "player_animator_3rd": "tacz:pistol_default.player_animation",
  "transform": {
    "scale": {
      "thirdperson": [0.6, 0.6, 0.6],
      "ground": [0.6, 0.6, 0.6],
      "fixed": [1.2, 1.2, 1.2]
    }
  },
  "shell": {
    "initial_velocity": [8.0, 5.0, -0.5],
    "random_velocity": [2.5, 1.5, 0.25],
    "acceleration": [0.0, -20, 0.0],
    "angular_velocity": [360, -720, 90],
    "living_time": 1.0
  },
  "muzzle_flash": {
    "texture": "tacz:flash/common_muzzle_flash",
    "scale": 0.4
  },
  "sounds": {
    "shoot": "ww:t99/t99_shoot",
    "shoot_3p": "ww:t99/t99_shoot_3p"
  },
  "offhand_show": {
    "pos": [4, 13, -1],
    "rotate": [-90, -35, 90],
    "scale": [0.5, 0.5, 0.5]
  },
  "hotbar_show": {
    "0": {
      "pos": [-5, 13, -1],
      "rotate": [-90, -35, 90],
      "scale": [0.5, 0.5, 0.5]
    }
  }
}