{
  "model": "ww:gun/type99_geo",
  "texture": "ww:gun/uv/type99",
  "lod": {
    "model": "ww:gun/lod/type99",
    "texture": "ww:gun/lod/type99"
  },
  "hud": "ww:gun/hud/type99",
  "slot": "ww:gun/slot/type99",
  "animation": "ww:type99",
  "use_default_animation": "rifle",
  "third_person_animation": "default",
  "player_animator_3rd": "tacz:rifle_default.player_animation",
  "show_crosshair": false,
  "transform": {
    "scale": {
      "thirdperson": [0.6, 0.6, 0.6],
      "ground": [0.6, 0.6, 0.6],
      "fixed": [1.2, 1.2, 1.2]
    }
  },
  "muzzle_flash": {
    "texture": "tacz:flash/common_muzzle_flash",
    "scale": 0.75
  },
  "iron_zoom": 1.2,
  "shell": {
    "initial_velocity": [5, 2, 1],
    "random_velocity": [1, 1, 0.25],
    "acceleration": [0.0, -10, 0.0],
    "angular_velocity": [360, -1200, 90],
    "living_time": 1.0
  },
  "ammo": {
    "tracer_color": "#FF8888"
  },
  "sounds": {
    "shoot": "tacz:ai_awp/awp_shoot",
    "shoot_3p": "tacz:ai_awp/awp_shoot_3p",
    "reload_empty": "ww:type38/type38_reload_empty",
    "reload_intro": "ww:type38/type38_reload_intro",
    "reload_loop": "ww:type38/type38_reload_loop",
    "reload_end": "ww:type38/type38_reload_end",
    "inspect": "ww:type38/type38_inspect",
    "inspect_empty": "ww:type38/type38_inspect_empty",
    "draw": "ww:type38/type38_draw",
    "put_away": "ww:type38/type38_put_away",
    "silence": "ww:type38/type38_silence",
    "silence_3p": "ww:type38/type38_silence_3p",
    "bolt":  "ww:type38/type38_bolt",
    "dry_fire": "tacz:dry_fire",
    "head_hit": "tacz:head_hit",
    "flesh_hit": "tacz:flesh_hit",
    "kill": "tacz:kill"
  },
  "offhand_show": {
    "pos": [1, 20, 3.5],
    "rotate": [0, 0, 60],
    "scale": [0.5, 0.5, 0.5]
  },
  "hotbar_show": {
    "0": {
      "pos": [-1, 20, 3],
      "rotate": [-180, 0, 120],
      "scale": [0.5, 0.5, 0.5]
    }
  },
  "state_machine": "ww:type_state_machine",
  "state_machine_param": {
  }, 
  "text_show": {
    "ammo_count_text_show_pos": {
      "scale": 1,
      "align": "center",
      "shadow": false,
      "color": "#FFFFFF",
      "light": 15,
      "text": "text_show.battlefield1.type38.ammo_count"
    }
  }
}