{
	"format_version": "1.8.0",
	"animations": {
		"static_idle": {
			"loop": true,
			"animation_length": 0.0417,
			"bones": {
				"R": {
					"rotation": [95.50333, 1.99079, -179.80823],
					"position": [-7.2, -14.7, 7.7],
					"scale": [1.75, 2, 1.75]
				},
				"l": {
					"rotation": [90, 0, 180],
					"position": [24, -33, 23],
					"scale": [1.75, 2, 1.75]
				},
				"constraint": {
					"rotation": [0.2, 0.2, 0.2],
					"position": [0.2, 0.2, 0.35]
				},
				"oem_stock_tactical": {
					"position": {
						"0.0": [0, -3.8, -1.1],
						"0.0417": [0, -3.8, -1.1]
					},
					"scale": {
						"0.0": [2.6, 1.9, 1.6],
						"0.0417": [2.6, 1.9, 1.6]
					}
				}
			}
		},
		"static_bolt_caught": {
			"loop": true,
			"bones": {
				"R": {
					"rotation": [95.50333, 1.99079, -179.80823],
					"position": [-7.2, -14.7, 7.7],
					"scale": [1.75, 2, 1.75]
				},
				"l": {
					"rotation": [90, 0, 180],
					"position": [24, -33, 23],
					"scale": [1.75, 2, 1.75]
				},
				"Bolt": {
					"position": [0, 0, 3]
				},
				"bullet_in_mag": {
					"scale": 0
				},
				"constraint": {
					"rotation": [0.2, 0.2, 0.2],
					"position": [0.2, 0.2, 0.35]
				},
				"oem_stock_tactical": {
					"position": [0, -3.8, -1.1],
					"scale": [2.6, 1.9, 1.6]
				}
			}
		},
		"draw": {
			"animation_length": 0.75,
			"bones": {
				"root": {
					"rotation": {
						"0.0": {
							"post": [-3.93142, -13.44726, 16.46366],
							"lerp_mode": "catmullrom"
						},
						"0.2": {
							"post": [-32.49049, -2.71981, 14.59665],
							"lerp_mode": "catmullrom"
						},
						"0.3": {
							"post": [-21.22874, -0.65776, 11.11646],
							"lerp_mode": "catmullrom"
						},
						"0.45": {
							"post": [0, 0, 5],
							"lerp_mode": "catmullrom"
						},
						"0.6": {
							"post": [0, 0, -1],
							"lerp_mode": "catmullrom"
						},
						"0.75": {
							"post": [0, 0, 0],
							"lerp_mode": "catmullrom"
						}
					},
					"position": {
						"0.0": {
							"post": [-8.6, -28.5, 10.4],
							"lerp_mode": "catmullrom"
						},
						"0.3": {
							"post": [-2.87, -3.5, 3.47],
							"lerp_mode": "catmullrom"
						},
						"0.4": {
							"post": [-1.6, -0.71, 2.2],
							"lerp_mode": "catmullrom"
						},
						"0.5": {
							"post": [0, -0.3, 0.8],
							"lerp_mode": "catmullrom"
						},
						"0.7": {
							"post": [0, 0, 0],
							"lerp_mode": "catmullrom"
						}
					}
				},
				"R": {
					"rotation": [95.50333, 1.99079, -179.80823],
					"position": [-7.2, -14.7, 7.7],
					"scale": [1.75, 2, 1.75]
				},
				"l": {
					"rotation": [90, 0, 180],
					"position": [24, -33, 23],
					"scale": [1.75, 2, 1.75]
				},
				"camera": {
					"rotation": {
						"0.0": {
							"post": [0, 0, 0],
							"lerp_mode": "catmullrom"
						},
						"0.1": {
							"post": [0.11, 0.06, 0.13],
							"lerp_mode": "catmullrom"
						},
						"0.2": {
							"post": [0.76303, 0.21614, 0.52935],
							"lerp_mode": "catmullrom"
						},
						"0.3": {
							"post": [1.025, 0.19, 0.345],
							"lerp_mode": "catmullrom"
						},
						"0.4": {
							"post": [0.475, 0, -0.175],
							"lerp_mode": "catmullrom"
						},
						"0.45": {
							"post": [0.17, -0.01, 0.19],
							"lerp_mode": "catmullrom"
						},
						"0.5": {
							"post": [-0.175, -0.01, 0.09],
							"lerp_mode": "catmullrom"
						},
						"0.6": {
							"post": [0, 0, -0.05],
							"lerp_mode": "catmullrom"
						},
						"0.7": {
							"post": [0, 0, 0],
							"lerp_mode": "catmullrom"
						}
					}
				},
				"constraint": {
					"rotation": [0.2, 0.2, 0.2],
					"position": [0.2, 0.2, 0.35]
				},
				"oem_stock_tactical": {
					"position": {
						"0.0": [0, -3.8, -1.1],
						"0.05": [0, -3.8, -1.1],
						"0.1": [0, -3.8, -1.1],
						"0.15": [0, -3.8, -1.1],
						"0.2": [0, -3.8, -1.1],
						"0.25": [0, -3.8, -1.1],
						"0.3": [0, -3.8, -1.1],
						"0.35": [0, -3.8, -1.1],
						"0.4": [0, -3.8, -1.1],
						"0.45": [0, -3.8, -1.1],
						"0.5": [0, -3.8, -1.1],
						"0.55": [0, -3.8, -1.1],
						"0.6": [0, -3.8, -1.1],
						"0.65": [0, -3.8, -1.1],
						"0.7": [0, -3.8, -1.1],
						"0.75": [0, -3.8, -1.1]
					},
					"scale": {
						"0.0": [2.6, 1.9, 1.6],
						"0.05": [2.6, 1.9, 1.6],
						"0.1": [2.6, 1.9, 1.6],
						"0.15": [2.6, 1.9, 1.6],
						"0.2": [2.6, 1.9, 1.6],
						"0.25": [2.6, 1.9, 1.6],
						"0.3": [2.6, 1.9, 1.6],
						"0.35": [2.6, 1.9, 1.6],
						"0.4": [2.6, 1.9, 1.6],
						"0.45": [2.6, 1.9, 1.6],
						"0.5": [2.6, 1.9, 1.6],
						"0.55": [2.6, 1.9, 1.6],
						"0.6": [2.6, 1.9, 1.6],
						"0.65": [2.6, 1.9, 1.6],
						"0.7": [2.6, 1.9, 1.6],
						"0.75": [2.6, 1.9, 1.6]
					}
				}
			},
			"sound_effects": {
				"0.0": {
					"effect": "wfoly_pi_mike1911_fast_reload_lift"
				},
				"0.3": {
					"effect": "c96carbine_rattle"
				}
			}
		},
		"reload_tactical": {
			"animation_length": 2.4,
			"bones": {
				"root": {
					"rotation": {
						"0.05": {
							"pre": [0, 0, 0],
							"post": [0, 0, 0],
							"lerp_mode": "catmullrom"
						},
						"0.15": {
							"post": [1.53, -10.67, 1],
							"lerp_mode": "catmullrom"
						},
						"0.3": {
							"post": [-12.24749, -43.79853, -25.60083],
							"lerp_mode": "catmullrom"
						},
						"0.55": {
							"post": [-3.91796, -45.38016, -39.14889],
							"lerp_mode": "catmullrom"
						},
						"0.7": {
							"post": [-5.35, -44.97, -39.66],
							"lerp_mode": "catmullrom"
						},
						"0.8": {
							"post": [-9.61662, -44.27616, -33.59358],
							"lerp_mode": "catmullrom"
						},
						"0.9": {
							"post": [-15.77466, -42.79843, -25.55614],
							"lerp_mode": "catmullrom"
						},
						"1.05": {
							"post": [-15.58564, -42.40251, -16.80268],
							"lerp_mode": "catmullrom"
						},
						"1.2": {
							"post": [-14.68802, -43.19953, -17.74731],
							"lerp_mode": "catmullrom"
						},
						"1.35": {
							"post": [-4.16, -44.56, -33.84],
							"lerp_mode": "catmullrom"
						},
						"1.45": [-5.49615, -44.48648, -32.59594],
						"1.55": [-4.31278, -44.54913, -33.26476],
						"1.6": [0.09749, -44.68928, -37.33823],
						"1.65": [-9.3794, -44.53256, -29.47545],
						"1.7": [-10.19766, -38.28223, -19.17532],
						"1.8": {
							"pre": [-4.67591, -23.27124, -15.42801],
							"post": [-4.67591, -23.27124, -15.42801],
							"lerp_mode": "catmullrom"
						},
						"1.9": {
							"post": [-1.65007, -6.80712, -0.34052],
							"lerp_mode": "catmullrom"
						},
						"2.0": {
							"post": [0.2, 0.95, 0.3],
							"lerp_mode": "catmullrom"
						},
						"2.1": {
							"post": [-0.1, -0.25, -0.175],
							"lerp_mode": "catmullrom"
						},
						"2.25": {
							"post": [0, 0, 0],
							"lerp_mode": "catmullrom"
						}
					},
					"position": {
						"0.05": {
							"pre": [0, 0, 0],
							"post": [0, 0, 0],
							"lerp_mode": "catmullrom"
						},
						"0.15": {
							"post": [-1.66, -0.28, 0.61],
							"lerp_mode": "catmullrom"
						},
						"0.3": {
							"post": [-6.275, 0.67, 4.59],
							"lerp_mode": "catmullrom"
						},
						"0.55": {
							"post": [-6.795, -0.4, 4.865],
							"lerp_mode": "catmullrom"
						},
						"0.7": {
							"post": [-6.83, -0.69, 4.925],
							"lerp_mode": "catmullrom"
						},
						"0.8": {
							"post": [-6.795, -0.825, 4.515],
							"lerp_mode": "catmullrom"
						},
						"0.95": {
							"post": [-6.805, -1.705, 4.29],
							"lerp_mode": "catmullrom"
						},
						"1.05": {
							"post": [-6.795, -2.18, 4.165],
							"lerp_mode": "catmullrom"
						},
						"1.15": {
							"post": [-6.87, -2.18, 3.94],
							"lerp_mode": "catmullrom"
						},
						"1.3": {
							"post": [-6.57, -1.455, 3.25],
							"lerp_mode": "catmullrom"
						},
						"1.35": {
							"post": [-6.47, -1.335, 2.905],
							"lerp_mode": "catmullrom"
						},
						"1.45": {
							"post": [-6.225, -1.245, 2.485],
							"lerp_mode": "catmullrom"
						},
						"1.6": {
							"post": [-6.17, -1.25, 2.29],
							"lerp_mode": "catmullrom"
						},
						"1.65": {
							"post": [-5.955, -1.835, 2.155],
							"lerp_mode": "catmullrom"
						},
						"1.7": {
							"post": [-5.605, -1.855, 1.995],
							"lerp_mode": "catmullrom"
						},
						"1.75": {
							"post": [-5.1, -2.215, 1.825],
							"lerp_mode": "catmullrom"
						},
						"1.9": {
							"post": [-2.62, -1.065, 1.05],
							"lerp_mode": "catmullrom"
						},
						"2.0": {
							"post": [-0.775, -0.4, 0.475],
							"lerp_mode": "catmullrom"
						},
						"2.1": {
							"post": [-0.12, -0.045, -0.035],
							"lerp_mode": "catmullrom"
						},
						"2.25": {
							"post": [0, 0, 0],
							"lerp_mode": "catmullrom"
						}
					}
				},
				"magb": {
					"rotation": {
						"0.0": [0, 0, 0],
						"0.35": [0, 0, 0],
						"0.5": [0, 0, 0],
						"0.7": [0, 0, 0],
						"0.75": [0, 0, 0],
						"0.8": [3.92, 0.595, -16.365],
						"0.85": [0.84, 1.19, -32.73],
						"0.95": [-72.85, 1.59, -45.75],
						"1.25": [-13.25, 0, -19],
						"1.3": [-2.08971, -0.71935, -29.65688],
						"1.35": [-2.08971, -0.71935, -29.65688],
						"1.6": [0, 0, 0],
						"1.65": [0, 0, 0]
					},
					"position": {
						"0.0": [0, 0, 0],
						"0.35": [0, 0, 0],
						"0.5": [0, -1.8, 0],
						"0.7": [0, -1.8, 0],
						"0.75": {
							"pre": [0, -6.4, 0],
							"post": [0, -6.4, 0],
							"lerp_mode": "catmullrom"
						},
						"0.9": {
							"post": [11.725, -15.075, 4.75],
							"lerp_mode": "catmullrom"
						},
						"1.05": {
							"post": [9.41789, -25.38873, 7.33926],
							"lerp_mode": "catmullrom"
						},
						"1.1": {
							"post": [8.45433, -36.27048, 18.13919],
							"lerp_mode": "catmullrom"
						},
						"1.15": {
							"post": [9.41789, -25.38873, 7.33926],
							"lerp_mode": "catmullrom"
						},
						"1.35": [2.93, -8.17, 1.19],
						"1.4": [1.88, -6.28, 0.32],
						"1.45": [1.88, -6.555, 0.32],
						"1.5": [1.25, -6.645, 0.21],
						"1.6": [0, -6.1, 0],
						"1.65": [0, 0, 0]
					}
				},
				"R": {
					"rotation": [95.50333, 1.99079, -179.80823],
					"position": [-7.2, -14.7, 7.7],
					"scale": [1.75, 2, 1.75]
				},
				"l": {
					"rotation": {
						"0.0": [90, 0, 180],
						"0.3": [32.43295, -21.85401, 282.62409],
						"0.4": [20.67517, -34.99641, 316.05412],
						"0.45": [23.2892, -32.46353, 309.01745],
						"0.6": [24.44733, -39.00379, 307.78665],
						"0.75": [28.94262, -36.7945, 302.1005],
						"1.65": [27.94262, -36.7945, 302.1005],
						"1.8": {
							"pre": [26.53117, -27.07154, 296.40516],
							"post": [26.53117, -27.07154, 296.40516],
							"lerp_mode": "catmullrom"
						},
						"2.0": {
							"post": [90, 0, 180],
							"lerp_mode": "catmullrom"
						}
					},
					"position": {
						"0.0": [24, -33, 23],
						"0.25": [4.15, -17.075, 0.4],
						"0.3": [4.15, -16.575, 0.4],
						"0.35": [4.15, -17.84, 0.4],
						"0.5": [4.15, -17.875, 0.4],
						"0.6": [5.75, -17.875, 1.1],
						"0.7": [5.75, -17.875, 1.1],
						"0.75": {
							"pre": [5.75, -23.475, 1.1],
							"post": [5.75, -23.475, 1.1],
							"lerp_mode": "catmullrom"
						},
						"0.9": {
							"post": [17.475, -32.15, 5.85],
							"lerp_mode": "catmullrom"
						},
						"1.0": {
							"post": [15.16789, -42.46373, 8.43926],
							"lerp_mode": "catmullrom"
						},
						"1.1": {
							"post": [14.20433, -53.34548, 19.23919],
							"lerp_mode": "catmullrom"
						},
						"1.15": {
							"post": [15.16789, -42.46373, 8.43926],
							"lerp_mode": "catmullrom"
						},
						"1.35": [8.68, -25.245, 2.29],
						"1.4": [7.63, -23.355, 1.42],
						"1.45": [7.63, -23.63, 1.42],
						"1.5": [7, -23.72, 1.31],
						"1.6": [5.75, -23.175, 1.1],
						"1.65": [5.75, -17.075, 1.1],
						"1.8": {
							"pre": [5.75, -17.075, 1.1],
							"post": [5.75, -17.075, 1.1],
							"lerp_mode": "catmullrom"
						},
						"1.95": {
							"post": [21.92, -27.69, 9.77],
							"lerp_mode": "catmullrom"
						},
						"2.0": {
							"post": [24, -33, 23],
							"lerp_mode": "catmullrom"
						}
					},
					"scale": [1.75, 2, 1.75]
				},
				"camera": {
					"rotation": {
						"0.0": {
							"post": [0, 0, 0],
							"lerp_mode": "catmullrom"
						},
						"0.1": {
							"post": [0.1, 0.13, -0.17],
							"lerp_mode": "catmullrom"
						},
						"0.2": {
							"post": [0.30217, 0.25436, -0.49779],
							"lerp_mode": "catmullrom"
						},
						"0.35": {
							"post": [0.15, 0.24, -0.83],
							"lerp_mode": "catmullrom"
						},
						"0.45": {
							"post": [0.04249, 0.24224, -0.44782],
							"lerp_mode": "catmullrom"
						},
						"0.55": {
							"post": [-0.02, 0.32, -0.93],
							"lerp_mode": "catmullrom"
						},
						"0.7": {
							"post": [-0.01646, 0.44957, -0.74336],
							"lerp_mode": "catmullrom"
						},
						"0.75": {
							"post": [0.59006, 0.48949, 0.49903],
							"lerp_mode": "catmullrom"
						},
						"0.85": {
							"post": [0.17397, 0.54486, -0.8789],
							"lerp_mode": "catmullrom"
						},
						"0.95": {
							"post": [0.35, 0.62, -0.51],
							"lerp_mode": "catmullrom"
						},
						"1.05": {
							"post": [0.6022, 0.73571, -0.61849],
							"lerp_mode": "catmullrom"
						},
						"1.2": {
							"post": [0.62563, 0.48735, -0.59459],
							"lerp_mode": "catmullrom"
						},
						"1.45": {
							"post": [-0.25093, 0.239, -0.97069],
							"lerp_mode": "catmullrom"
						},
						"1.6": {
							"post": [0.25055, 0.23812, -1.39951],
							"lerp_mode": "catmullrom"
						},
						"1.7": {
							"post": [1.60697, 0.22351, -0.21922],
							"lerp_mode": "catmullrom"
						},
						"1.75": {
							"post": [0.99586, 0.25205, -1.32058],
							"lerp_mode": "catmullrom"
						},
						"1.85": {
							"post": [0.75684, 0.19444, -0.69712],
							"lerp_mode": "catmullrom"
						},
						"1.95": {
							"post": [0.53499, 0.12606, -0.47915],
							"lerp_mode": "catmullrom"
						},
						"2.05": {
							"post": [0.22, 0.03, 0.175],
							"lerp_mode": "catmullrom"
						},
						"2.15": {
							"post": [-0.035, 0, 0],
							"lerp_mode": "catmullrom"
						},
						"2.2": {
							"post": [0, 0, 0],
							"lerp_mode": "catmullrom"
						}
					}
				},
				"oem_stock_tactical": {
					"position": {
						"0.0": [0, -3.8, -1.1],
						"0.05": [0, -3.8, -1.1],
						"0.1": [0, -3.8, -1.1],
						"0.15": [0, -3.8, -1.1],
						"0.2": [0, -3.8, -1.1],
						"0.25": [0, -3.8, -1.1],
						"0.3": [0, -3.8, -1.1],
						"0.35": [0, -3.8, -1.1],
						"0.4": [0, -3.8, -1.1],
						"0.45": [0, -3.8, -1.1],
						"0.5": [0, -3.8, -1.1],
						"0.55": [0, -3.8, -1.1],
						"0.6": [0, -3.8, -1.1],
						"0.65": [0, -3.8, -1.1],
						"0.7": [0, -3.8, -1.1],
						"0.75": [0, -3.8, -1.1],
						"0.8": [0, -3.8, -1.1],
						"0.85": [0, -3.8, -1.1],
						"0.9": [0, -3.8, -1.1],
						"0.95": [0, -3.8, -1.1],
						"1.0": [0, -3.8, -1.1],
						"1.05": [0, -3.8, -1.1],
						"1.1": [0, -3.8, -1.1],
						"1.15": [0, -3.8, -1.1],
						"1.2": [0, -3.8, -1.1],
						"1.25": [0, -3.8, -1.1],
						"1.3": [0, -3.8, -1.1],
						"1.35": [0, -3.8, -1.1],
						"1.4": [0, -3.8, -1.1],
						"1.45": [0, -3.8, -1.1],
						"1.5": [0, -3.8, -1.1],
						"1.55": [0, -3.8, -1.1],
						"1.6": [0, -3.8, -1.1],
						"1.65": [0, -3.8, -1.1],
						"1.7": [0, -3.8, -1.1],
						"1.75": [0, -3.8, -1.1],
						"1.8": [0, -3.8, -1.1],
						"1.85": [0, -3.8, -1.1],
						"1.9": [0, -3.8, -1.1],
						"1.95": [0, -3.8, -1.1],
						"2.0": [0, -3.8, -1.1]
					},
					"scale": {
						"0.0": [2.6, 1.9, 1.6],
						"0.05": [2.6, 1.9, 1.6],
						"0.1": [2.6, 1.9, 1.6],
						"0.15": [2.6, 1.9, 1.6],
						"0.2": [2.6, 1.9, 1.6],
						"0.25": [2.6, 1.9, 1.6],
						"0.3": [2.6, 1.9, 1.6],
						"0.35": [2.6, 1.9, 1.6],
						"0.4": [2.6, 1.9, 1.6],
						"0.45": [2.6, 1.9, 1.6],
						"0.5": [2.6, 1.9, 1.6],
						"0.55": [2.6, 1.9, 1.6],
						"0.6": [2.6, 1.9, 1.6],
						"0.65": [2.6, 1.9, 1.6],
						"0.7": [2.6, 1.9, 1.6],
						"0.75": [2.6, 1.9, 1.6],
						"0.8": [2.6, 1.9, 1.6],
						"0.85": [2.6, 1.9, 1.6],
						"0.9": [2.6, 1.9, 1.6],
						"0.95": [2.6, 1.9, 1.6],
						"1.0": [2.6, 1.9, 1.6],
						"1.05": [2.6, 1.9, 1.6],
						"1.1": [2.6, 1.9, 1.6],
						"1.15": [2.6, 1.9, 1.6],
						"1.2": [2.6, 1.9, 1.6],
						"1.25": [2.6, 1.9, 1.6],
						"1.3": [2.6, 1.9, 1.6],
						"1.35": [2.6, 1.9, 1.6],
						"1.4": [2.6, 1.9, 1.6],
						"1.45": [2.6, 1.9, 1.6],
						"1.5": [2.6, 1.9, 1.6],
						"1.55": [2.6, 1.9, 1.6],
						"1.6": [2.6, 1.9, 1.6],
						"1.65": [2.6, 1.9, 1.6],
						"1.7": [2.6, 1.9, 1.6],
						"1.75": [2.6, 1.9, 1.6],
						"1.8": [2.6, 1.9, 1.6],
						"1.85": [2.6, 1.9, 1.6],
						"1.9": [2.6, 1.9, 1.6],
						"1.95": [2.6, 1.9, 1.6],
						"2.0": [2.6, 1.9, 1.6]
					}
				}
			},
			"sound_effects": {
				"0.0": {
					"effect": "p24_pi_golf17_idle_active_move2"
				},
				"0.35": {
					"effect": "c96carbine_magrelease"
				},
				"0.65": {
					"effect": "c96carbine_magout"
				},
				"1.4": {
					"effect": "c96carbine_rattle"
				},
				"1.6": {
					"effect": "c96carbine_magin"
				},
				"1.8": {
					"effect": "p24_pi_golf17_drop"
				}
			}
		},
		"reload_empty": {
			"animation_length": 2.85,
			"bones": {
				"root": {
					"rotation": {
						"0.0": {
							"post": [0, 0, 0],
							"lerp_mode": "catmullrom"
						},
						"0.1": {
							"post": [0.31, 0.52, 0.34],
							"lerp_mode": "catmullrom"
						},
						"0.15": {
							"post": [0, 0, 1.975],
							"lerp_mode": "catmullrom"
						},
						"0.3": {
							"post": [-4.18898, -6.9939, -33.46131],
							"lerp_mode": "catmullrom"
						},
						"0.35": {
							"post": [-5.79, 6.315, 40.45],
							"lerp_mode": "catmullrom"
						},
						"0.4": {
							"post": [-11.61087, 10.70399, 62.01189],
							"lerp_mode": "catmullrom"
						},
						"0.45": {
							"post": [-15.55418, 7.99031, 57.92221],
							"lerp_mode": "catmullrom"
						},
						"0.55": {
							"post": [-17.79045, -3.87254, 37.42736],
							"lerp_mode": "catmullrom"
						},
						"0.65": {
							"post": [-20.08326, -25.68971, -1.99314],
							"lerp_mode": "catmullrom"
						},
						"0.75": {
							"post": [-1.36118, -55.1453, -51.9404],
							"lerp_mode": "catmullrom"
						},
						"0.9": {
							"post": [17.58704, -58.33405, -78.08942],
							"lerp_mode": "catmullrom"
						},
						"1.25": {
							"post": [18.76222, -59.14913, -78.63976],
							"lerp_mode": "catmullrom"
						},
						"1.35": {
							"post": [15.45435, -60.6146, -75.35069],
							"lerp_mode": "catmullrom"
						},
						"1.55": {
							"post": [20.54, -61.94, -80.59],
							"lerp_mode": "catmullrom"
						},
						"1.6": {
							"post": [19.68205, -62.61291, -82.70778],
							"lerp_mode": "catmullrom"
						},
						"1.65": {
							"post": [19.01733, -58.68227, -76.60052],
							"lerp_mode": "catmullrom"
						},
						"1.75": {
							"post": [-6.35121, -23.1792, -16.03944],
							"lerp_mode": "catmullrom"
						},
						"1.85": {
							"post": [-16.24127, 1.5886, 23.81254],
							"lerp_mode": "catmullrom"
						},
						"1.95": {
							"post": [-17.61239, 8.31351, 25.87337],
							"lerp_mode": "catmullrom"
						},
						"2.15": {
							"post": [-17.15017, 7.93816, 24.09331],
							"lerp_mode": "catmullrom"
						},
						"2.2": {
							"post": [-14.21975, 9.56025, 19.55571],
							"lerp_mode": "catmullrom"
						},
						"2.3": {
							"post": [-16.51037, 11.01808, 24.94355],
							"lerp_mode": "catmullrom"
						},
						"2.45": {
							"post": [-2.93919, -2.80647, 0.74066],
							"lerp_mode": "catmullrom"
						},
						"2.6": {
							"post": [0, 1, 0],
							"lerp_mode": "catmullrom"
						},
						"2.7": {
							"post": [0, -0.5, 0],
							"lerp_mode": "catmullrom"
						},
						"2.85": {
							"post": [0, 0, 0],
							"lerp_mode": "catmullrom"
						}
					},
					"position": {
						"0.0": {
							"post": [0, 0, 0],
							"lerp_mode": "catmullrom"
						},
						"0.15": {
							"post": [-0.135, 0, 0],
							"lerp_mode": "catmullrom"
						},
						"0.3": {
							"post": [2.175, 0, 0],
							"lerp_mode": "catmullrom"
						},
						"0.4": {
							"post": [-6.905, -2.67, 1.33],
							"lerp_mode": "catmullrom"
						},
						"0.55": {
							"post": [-5.49, -1.975, 1.92],
							"lerp_mode": "catmullrom"
						},
						"0.7": {
							"post": [-4.665, -0.225, 3.83],
							"lerp_mode": "catmullrom"
						},
						"0.95": {
							"post": [-3.93, -0.855, 5.115],
							"lerp_mode": "catmullrom"
						},
						"1.1": {
							"post": [-3.82, -1.14, 5.415],
							"lerp_mode": "catmullrom"
						},
						"1.3": {
							"post": [-3.845, -0.83, 5.965],
							"lerp_mode": "catmullrom"
						},
						"1.55": {
							"post": [-3.675, -0.845, 6.015],
							"lerp_mode": "catmullrom"
						},
						"1.6": {
							"post": [-2.66, -1.125, 6.005],
							"lerp_mode": "catmullrom"
						},
						"1.7": {
							"post": [-1.62, -1.245, 5.05],
							"lerp_mode": "catmullrom"
						},
						"1.85": {
							"post": [-0.245, -4.45, 1.04],
							"lerp_mode": "catmullrom"
						},
						"2.0": {
							"post": [2.74, -4.77, 1.165],
							"lerp_mode": "catmullrom"
						},
						"2.2": {
							"post": [3.04, -4.74, 1.14],
							"lerp_mode": "catmullrom"
						},
						"2.25": {
							"post": [3.18, -5.54, -2.4],
							"lerp_mode": "catmullrom"
						},
						"2.35": {
							"post": [2.37, -4.31, -0.92],
							"lerp_mode": "catmullrom"
						},
						"2.55": {
							"post": [0.525, -1.14, 0.4],
							"lerp_mode": "catmullrom"
						},
						"2.65": {
							"post": [0.075, 0, 0],
							"lerp_mode": "catmullrom"
						},
						"2.75": {
							"post": [0, 0, 0],
							"lerp_mode": "catmullrom"
						},
						"2.85": {
							"post": [0, 0, 0],
							"lerp_mode": "catmullrom"
						}
					}
				},
				"magb": {
					"rotation": {
						"0.0": [0, 0, 0],
						"0.4": [0, 0, 0],
						"0.55": {
							"pre": [5.50782, -4.23893, 197.71397],
							"post": [5.50782, -4.23893, 197.71397],
							"lerp_mode": "catmullrom"
						},
						"0.95": {
							"post": [-87.41625, 6.5644, -21.24236],
							"lerp_mode": "catmullrom"
						},
						"1.1": {
							"post": [-12.47671, 4.4961, 0.50827],
							"lerp_mode": "catmullrom"
						},
						"1.2": {
							"post": [-5.07047, 1.16892, -0.11426],
							"lerp_mode": "catmullrom"
						},
						"1.3": [4, 0, 0],
						"1.45": [0, 0, 0],
						"1.5": [0, 0, 0]
					},
					"position": {
						"0.0": [0, 0, 0],
						"0.35": [0, 0, 0],
						"0.4": [0, -6.2, 0],
						"0.5": {
							"pre": [-9.0776, -23.2379, 7.98223],
							"post": [-9.0776, -23.2379, 7.98223],
							"lerp_mode": "catmullrom"
						},
						"0.55": {
							"post": [-16.99763, -31.11671, 12.68601],
							"lerp_mode": "catmullrom"
						},
						"0.6": {
							"post": [-28.77043, -33.67922, 17.52105],
							"lerp_mode": "catmullrom"
						},
						"0.7": [-51.76756, -30.95765, 41.17048],
						"0.95": {
							"pre": [-5.53743, -35.76022, 17.29194],
							"post": [-5.53743, -35.76022, 17.29194],
							"lerp_mode": "catmullrom"
						},
						"1.1": {
							"post": [1.06255, -17.22242, 3.45393],
							"lerp_mode": "catmullrom"
						},
						"1.2": {
							"post": [-1.10681, -7.83749, -1.2777],
							"lerp_mode": "catmullrom"
						},
						"1.3": [0, -6.625, -0.25],
						"1.35": [0, -6.75, 0],
						"1.45": [0, -6.35, 0],
						"1.5": [0, 0, 0]
					}
				},
				"R": {
					"rotation": [95.50333, 1.99079, -179.80823],
					"position": [-7.2, -14.7, 7.7],
					"scale": [1.75, 2, 1.75]
				},
				"l": {
					"rotation": {
						"0.0": [90, 0, 180],
						"0.95": [20.50449, -42.97219, 329.92541],
						"1.0": [22.86837, -53.57622, 316.49279],
						"1.1": [56.81817, -38.72915, 306.41966],
						"1.2": [33.37961, -16.78015, 321.80806],
						"1.4": [33.37961, -16.78015, 321.80806],
						"1.6": [30.63126, -32.20701, 330.46497],
						"1.65": [27.66207, -50.74169, 329.58295],
						"1.85": [95.8465, -35.84387, 177.15404],
						"2.05": [127.23234, 17.33703, 105.08843],
						"2.2": [127.23234, 17.33703, 105.08843],
						"2.45": [90, 0, 180]
					},
					"position": {
						"0.0": [24, -33, 23],
						"0.95": {
							"pre": [-1.88629, -47.52352, 15.51606],
							"post": [-1.88629, -47.52352, 15.51606],
							"lerp_mode": "catmullrom"
						},
						"1.0": {
							"post": [2.48211, -43.06827, 10.34767],
							"lerp_mode": "catmullrom"
						},
						"1.1": {
							"post": [5.36588, -31.86406, 4.08778],
							"lerp_mode": "catmullrom"
						},
						"1.2": {
							"post": [3.21819, -23.46249, 1.2223],
							"lerp_mode": "catmullrom"
						},
						"1.3": [4.325, -22.25, 2.25],
						"1.35": [4.325, -22.375, 2.5],
						"1.45": [4.325, -21.975, 2.5],
						"1.5": [4.325, -15.625, 2.5],
						"1.6": [4.325, -15.625, 2.5],
						"1.65": {
							"pre": [4.325, -15.625, 2.5],
							"post": [4.325, -15.625, 2.5],
							"lerp_mode": "catmullrom"
						},
						"1.75": {
							"post": [11.49, -19.59, 4.78],
							"lerp_mode": "catmullrom"
						},
						"1.9": {
							"post": [13.25, -12.22, 9.7],
							"lerp_mode": "catmullrom"
						},
						"2.0": {
							"post": [9.27642, -6.0493, 14.67892],
							"lerp_mode": "catmullrom"
						},
						"2.05": [8.38806, -6.66851, 14.8184],
						"2.1": [8.38806, -6.66851, 14.8184],
						"2.15": [8.39, -6.67, 16.145],
						"2.2": [8.39, -6.67, 27.945],
						"2.45": [24, -33, 23]
					},
					"scale": [1.75, 2, 1.75]
				},
				"Bolt": {
					"position": {
						"2.1": [0, 0, 3],
						"2.15": [0, 0, 4.5],
						"2.2": [0, 0, 0],
						"2.25": [0, 0, 1.1],
						"2.3": [0, 0, 0]
					}
				},
				"bullet_in_mag": {
					"scale": {
						"0.0": [0, 0, 0],
						"0.9": [0, 0, 0],
						"0.95": [1, 1, 1]
					}
				},
				"camera": {
					"rotation": {
						"0.0": {
							"post": [0, 0, 0],
							"lerp_mode": "catmullrom"
						},
						"0.05": {
							"post": [0.025, -0.175, 0.03],
							"lerp_mode": "catmullrom"
						},
						"0.1": {
							"post": [0.23, -0.525, 0.07],
							"lerp_mode": "catmullrom"
						},
						"0.2": {
							"post": [0.28031, -0.83332, 0.19569],
							"lerp_mode": "catmullrom"
						},
						"0.3": {
							"post": [0.075, -0.615, 0.625],
							"lerp_mode": "catmullrom"
						},
						"0.35": {
							"post": [0.73726, -0.15574, 3.92785],
							"lerp_mode": "catmullrom"
						},
						"0.4": {
							"post": [1.03516, 0.74865, 4.10237],
							"lerp_mode": "catmullrom"
						},
						"0.5": {
							"post": [1.11015, 1.14864, 0.37432],
							"lerp_mode": "catmullrom"
						},
						"0.65": {
							"post": [0.98554, 0.99969, 0.97737],
							"lerp_mode": "catmullrom"
						},
						"0.85": {
							"post": [-0.11241, 0.1377, -0.49994],
							"lerp_mode": "catmullrom"
						},
						"1.05": {
							"post": [-0.48949, -0.35031, -0.62063],
							"lerp_mode": "catmullrom"
						},
						"1.35": {
							"post": [-0.68195, 0.11933, -0.82602],
							"lerp_mode": "catmullrom"
						},
						"1.5": {
							"post": [-0.94324, 0.07741, -1.3684],
							"lerp_mode": "catmullrom"
						},
						"1.55": {
							"post": [-0.26584, 0.3351, 0.12977],
							"lerp_mode": "catmullrom"
						},
						"1.65": {
							"post": [-1.00527, 0.35125, -2.31005],
							"lerp_mode": "catmullrom"
						},
						"1.75": {
							"post": [-0.91119, 0.33158, -1.54351],
							"lerp_mode": "catmullrom"
						},
						"1.9": {
							"post": [-0.45, -0.265, -1.885],
							"lerp_mode": "catmullrom"
						},
						"2.05": {
							"post": [0.0907, -0.50357, -1.75112],
							"lerp_mode": "catmullrom"
						},
						"2.15": {
							"post": [0.888, -0.46, -3.25123],
							"lerp_mode": "catmullrom"
						},
						"2.2": {
							"post": [1.35801, -0.53653, -0.70825],
							"lerp_mode": "catmullrom"
						},
						"2.3": {
							"post": [0.35666, -0.48046, -2.25095],
							"lerp_mode": "catmullrom"
						},
						"2.4": {
							"post": [0.19, -0.295, -1.495],
							"lerp_mode": "catmullrom"
						},
						"2.5": {
							"post": [0.05, -0.2, -0.91],
							"lerp_mode": "catmullrom"
						},
						"2.6": {
							"post": [0.02, -0.04, -0.455],
							"lerp_mode": "catmullrom"
						},
						"2.7": {
							"post": [0, 0, -0.075],
							"lerp_mode": "catmullrom"
						},
						"2.8": {
							"post": [0, 0, 0],
							"lerp_mode": "catmullrom"
						}
					}
				},
				"oem_stock_tactical": {
					"position": {
						"0.0": [0, -3.8, -1.1],
						"0.05": [0, -3.8, -1.1],
						"0.1": [0, -3.8, -1.1],
						"0.15": [0, -3.8, -1.1],
						"0.2": [0, -3.8, -1.1],
						"0.25": [0, -3.8, -1.1],
						"0.3": [0, -3.8, -1.1],
						"0.35": [0, -3.8, -1.1],
						"0.4": [0, -3.8, -1.1],
						"0.45": [0, -3.8, -1.1],
						"0.5": [0, -3.8, -1.1],
						"0.55": [0, -3.8, -1.1],
						"0.6": [0, -3.8, -1.1],
						"0.65": [0, -3.8, -1.1],
						"0.7": [0, -3.8, -1.1],
						"0.75": [0, -3.8, -1.1],
						"0.8": [0, -3.8, -1.1],
						"0.85": [0, -3.8, -1.1],
						"0.9": [0, -3.8, -1.1],
						"0.95": [0, -3.8, -1.1],
						"1.0": [0, -3.8, -1.1],
						"1.05": [0, -3.8, -1.1],
						"1.1": [0, -3.8, -1.1],
						"1.15": [0, -3.8, -1.1],
						"1.2": [0, -3.8, -1.1],
						"1.25": [0, -3.8, -1.1],
						"1.3": [0, -3.8, -1.1],
						"1.35": [0, -3.8, -1.1],
						"1.4": [0, -3.8, -1.1],
						"1.45": [0, -3.8, -1.1],
						"1.5": [0, -3.8, -1.1],
						"1.55": [0, -3.8, -1.1],
						"1.6": [0, -3.8, -1.1],
						"1.65": [0, -3.8, -1.1],
						"1.7": [0, -3.8, -1.1],
						"1.75": [0, -3.8, -1.1],
						"1.8": [0, -3.8, -1.1],
						"1.85": [0, -3.8, -1.1],
						"1.9": [0, -3.8, -1.1],
						"1.95": [0, -3.8, -1.1],
						"2.0": [0, -3.8, -1.1],
						"2.05": [0, -3.8, -1.1],
						"2.1": [0, -3.8, -1.1],
						"2.15": [0, -3.8, -1.1],
						"2.2": [0, -3.8, -1.1],
						"2.25": [0, -3.8, -1.1],
						"2.3": [0, -3.8, -1.1],
						"2.35": [0, -3.8, -1.1],
						"2.4": [0, -3.8, -1.1],
						"2.45": [0, -3.8, -1.1],
						"2.5": [0, -3.8, -1.1],
						"2.55": [0, -3.8, -1.1],
						"2.6": [0, -3.8, -1.1],
						"2.65": [0, -3.8, -1.1],
						"2.7": [0, -3.8, -1.1],
						"2.75": [0, -3.8, -1.1],
						"2.8": [0, -3.8, -1.1],
						"2.85": [0, -3.8, -1.1]
					},
					"scale": {
						"0.0": [2.6, 1.9, 1.6],
						"0.05": [2.6, 1.9, 1.6],
						"0.1": [2.6, 1.9, 1.6],
						"0.15": [2.6, 1.9, 1.6],
						"0.2": [2.6, 1.9, 1.6],
						"0.25": [2.6, 1.9, 1.6],
						"0.3": [2.6, 1.9, 1.6],
						"0.35": [2.6, 1.9, 1.6],
						"0.4": [2.6, 1.9, 1.6],
						"0.45": [2.6, 1.9, 1.6],
						"0.5": [2.6, 1.9, 1.6],
						"0.55": [2.6, 1.9, 1.6],
						"0.6": [2.6, 1.9, 1.6],
						"0.65": [2.6, 1.9, 1.6],
						"0.7": [2.6, 1.9, 1.6],
						"0.75": [2.6, 1.9, 1.6],
						"0.8": [2.6, 1.9, 1.6],
						"0.85": [2.6, 1.9, 1.6],
						"0.9": [2.6, 1.9, 1.6],
						"0.95": [2.6, 1.9, 1.6],
						"1.0": [2.6, 1.9, 1.6],
						"1.05": [2.6, 1.9, 1.6],
						"1.1": [2.6, 1.9, 1.6],
						"1.15": [2.6, 1.9, 1.6],
						"1.2": [2.6, 1.9, 1.6],
						"1.25": [2.6, 1.9, 1.6],
						"1.3": [2.6, 1.9, 1.6],
						"1.35": [2.6, 1.9, 1.6],
						"1.4": [2.6, 1.9, 1.6],
						"1.45": [2.6, 1.9, 1.6],
						"1.5": [2.6, 1.9, 1.6],
						"1.55": [2.6, 1.9, 1.6],
						"1.6": [2.6, 1.9, 1.6],
						"1.65": [2.6, 1.9, 1.6],
						"1.7": [2.6, 1.9, 1.6],
						"1.75": [2.6, 1.9, 1.6],
						"1.8": [2.6, 1.9, 1.6],
						"1.85": [2.6, 1.9, 1.6],
						"1.9": [2.6, 1.9, 1.6],
						"1.95": [2.6, 1.9, 1.6],
						"2.0": [2.6, 1.9, 1.6],
						"2.05": [2.6, 1.9, 1.6],
						"2.1": [2.6, 1.9, 1.6],
						"2.15": [2.6, 1.9, 1.6],
						"2.2": [2.6, 1.9, 1.6],
						"2.25": [2.6, 1.9, 1.6],
						"2.3": [2.6, 1.9, 1.6],
						"2.35": [2.6, 1.9, 1.6],
						"2.4": [2.6, 1.9, 1.6],
						"2.45": [2.6, 1.9, 1.6],
						"2.5": [2.6, 1.9, 1.6],
						"2.55": [2.6, 1.9, 1.6],
						"2.6": [2.6, 1.9, 1.6],
						"2.65": [2.6, 1.9, 1.6],
						"2.7": [2.6, 1.9, 1.6],
						"2.75": [2.6, 1.9, 1.6],
						"2.8": [2.6, 1.9, 1.6],
						"2.85": [2.6, 1.9, 1.6]
					}
				}
			},
			"sound_effects": {
				"0.35": {
					"effect": "c96carbine_boltrelease"
				},
				"0.4": {
					"effect": "c96carbine_magout"
				},
				"1.3": {
					"effect": "c96carbine_magfiddle"
				},
				"1.45": {
					"effect": "c96carbine_magin"
				},
				"2.15": {
					"effect": "c96carbine_boltrelease"
				},
				"2.5": {
					"effect": "p27_pi_papa220_reload_fast_end"
				}
			}
		},
		"inspect": {
			"animation_length": 4.55,
			"bones": {
				"R": {
					"rotation": {
						"0.0": [95.50333, 1.99079, -179.80823],
						"0.15": [95.50333, 1.99079, -179.80823],
						"0.35": [95.34841, 2.36827, -183.79496],
						"2.3": [95.34841, 2.36827, -183.79496],
						"2.5": [95.50333, 1.99079, -179.80823]
					},
					"position": {
						"0.0": [-7.2, -14.7, 7.7],
						"0.15": [-6.6, -14.7, 7.7],
						"0.35": [-9.6, -14.7, 7.7],
						"2.3": [-9.6, -14.7, 7.7],
						"2.5": [-7.2, -14.7, 7.7]
					},
					"scale": [1.75, 2, 1.75]
				},
				"l": {
					"rotation": {
						"0.0": [90, 0, 180],
						"1.5": {
							"pre": [134.19567, -4.69246, 134.89339],
							"post": [134.19567, -4.69246, 134.89339],
							"lerp_mode": "catmullrom"
						},
						"2.25": {
							"post": [134.19567, -4.69246, 134.89339],
							"lerp_mode": "catmullrom"
						},
						"2.65": {
							"post": [86.4138, -58.86895, 52.56755],
							"lerp_mode": "catmullrom"
						},
						"3.85": {
							"post": [86.4138, -58.86895, 52.56755],
							"lerp_mode": "catmullrom"
						},
						"4.3": [90, 0, 180]
					},
					"position": {
						"0.0": [24, -33, 23],
						"2.25": [24, -33, 23],
						"2.65": [14.04107, 8.35495, 39.28153],
						"3.85": [14.04107, 8.35495, 39.28153],
						"4.3": [24, -33, 23]
					},
					"scale": [1.75, 2, 1.75]
				},
				"root": {
					"rotation": {
						"0.0": {
							"post": [0, 0, 0],
							"lerp_mode": "catmullrom"
						},
						"0.15": {
							"post": [-7.98572, -8.64679, -4.79307],
							"lerp_mode": "catmullrom"
						},
						"0.25": {
							"post": [-14, -22.17, -11.52],
							"lerp_mode": "catmullrom"
						},
						"0.35": {
							"post": [-17.51347, -38.79398, -19.26689],
							"lerp_mode": "catmullrom"
						},
						"0.7": {
							"post": [-13.65208, -45.33165, -22.03326],
							"lerp_mode": "catmullrom"
						},
						"1.4": {
							"post": [-11.6625, -45.77, -24.82],
							"lerp_mode": "catmullrom"
						},
						"1.6": {
							"post": [-4.94424, -46.73493, -35.22592],
							"lerp_mode": "catmullrom"
						},
						"2.2": {
							"post": [-3.95, -46.77, -38.01],
							"lerp_mode": "catmullrom"
						},
						"2.3": {
							"post": [-9.84424, -39.73493, -31.02592],
							"lerp_mode": "catmullrom"
						},
						"2.4": {
							"post": [-32.6189, -1.13882, 13.37063],
							"lerp_mode": "catmullrom"
						},
						"2.55": {
							"post": [-42.35745, 40.24974, 44.02499],
							"lerp_mode": "catmullrom"
						},
						"2.7": {
							"post": [-43.81, 45.15, 53.52],
							"lerp_mode": "catmullrom"
						},
						"2.9": {
							"post": [-43.35968, 45.20784, 54.26512],
							"lerp_mode": "catmullrom"
						},
						"3.15": {
							"post": [-43.91678, 45.52576, 53.43217],
							"lerp_mode": "catmullrom"
						},
						"3.35": {
							"post": [-40.17641, 49.44711, 58.53085],
							"lerp_mode": "catmullrom"
						},
						"3.9": [-40.07, 49.43, 58.25],
						"4.0": [-37.32626, 43.92766, 54.92974],
						"4.25": {
							"pre": [-4, 0, 7],
							"post": [-4, 0, 7],
							"lerp_mode": "catmullrom"
						},
						"4.35": {
							"post": [-1.03359, -1.05716, 0.66825],
							"lerp_mode": "catmullrom"
						},
						"4.45": {
							"post": [-0.20685, 0.38999, 0.25251],
							"lerp_mode": "catmullrom"
						},
						"4.55": {
							"post": [0, 0, 0],
							"lerp_mode": "catmullrom"
						}
					},
					"position": {
						"0.0": {
							"post": [0, 0, 0],
							"lerp_mode": "catmullrom"
						},
						"0.15": {
							"post": [1.11, -1.03, 0.97],
							"lerp_mode": "catmullrom"
						},
						"0.35": {
							"post": [2.3, 3.2, 2],
							"lerp_mode": "catmullrom"
						},
						"0.55": {
							"post": [2.99, 4.61, 2.5],
							"lerp_mode": "catmullrom"
						},
						"0.8": {
							"post": [3.03, 4.7, 2.49],
							"lerp_mode": "catmullrom"
						},
						"1.05": {
							"post": [2.9, 4.38, 2.49],
							"lerp_mode": "catmullrom"
						},
						"1.3": {
							"post": [2.82, 4.34, 2.48],
							"lerp_mode": "catmullrom"
						},
						"1.5": {
							"post": [2.81, 4.66, 2.48],
							"lerp_mode": "catmullrom"
						},
						"1.75": {
							"post": [3.11, 4.29, 2.47],
							"lerp_mode": "catmullrom"
						},
						"2.0": {
							"post": [3.09, 4.07, 2.47],
							"lerp_mode": "catmullrom"
						},
						"2.2": {
							"post": [3.12, 3.6, 2.48],
							"lerp_mode": "catmullrom"
						},
						"2.3": {
							"post": [3.8, 2.1, 2.5],
							"lerp_mode": "catmullrom"
						},
						"2.45": {
							"post": [1.95, 1.78, 1.19],
							"lerp_mode": "catmullrom"
						},
						"2.55": {
							"post": [0.88, 3.41, 0.4],
							"lerp_mode": "catmullrom"
						},
						"2.65": {
							"post": [1.7, 4.85, 0.44],
							"lerp_mode": "catmullrom"
						},
						"2.8": {
							"post": [1.74, 5.7, 0.44],
							"lerp_mode": "catmullrom"
						},
						"2.95": {
							"post": [1.71, 5.8, 0.44],
							"lerp_mode": "catmullrom"
						},
						"3.35": {
							"post": [1.91, 5.78, 0.44],
							"lerp_mode": "catmullrom"
						},
						"3.9": [1.89, 5.67, 0.43],
						"4.0": [1.58, 5.41, 0.4],
						"4.3": {
							"pre": [0.3, 0.8, 0],
							"post": [0.3, 0.8, 0],
							"lerp_mode": "catmullrom"
						},
						"4.45": {
							"post": [0, 0, 0],
							"lerp_mode": "catmullrom"
						},
						"4.55": {
							"post": [0, 0, 0],
							"lerp_mode": "catmullrom"
						}
					}
				},
				"camera": {
					"rotation": {
						"0.0": {
							"post": [0, 0, 0],
							"lerp_mode": "catmullrom"
						},
						"0.15": {
							"post": [0.04, 0.065, 0.1],
							"lerp_mode": "catmullrom"
						},
						"0.35": {
							"post": [0.50436, 0.4956, 0.50436],
							"lerp_mode": "catmullrom"
						},
						"0.45": {
							"post": [0.59, 0.58, 0.355],
							"lerp_mode": "catmullrom"
						},
						"0.55": {
							"post": [0.65, 0.65, 0.51],
							"lerp_mode": "catmullrom"
						},
						"0.9": {
							"post": [1.00448, 0.99552, 0.51313],
							"lerp_mode": "catmullrom"
						},
						"1.25": {
							"post": [0.95, 0.81, 0.71],
							"lerp_mode": "catmullrom"
						},
						"1.6": {
							"post": [2.50842, 0.47413, 0.99082],
							"lerp_mode": "catmullrom"
						},
						"1.9": {
							"post": [2.77, 0.43, 0.79],
							"lerp_mode": "catmullrom"
						},
						"2.05": {
							"post": [2.75842, -0.35087, 0.09082],
							"lerp_mode": "catmullrom"
						},
						"2.65": {
							"post": [1.62829, -2.22396, -1.62709],
							"lerp_mode": "catmullrom"
						},
						"3.25": {
							"post": [-3.62122, -2.75567, -1.29863],
							"lerp_mode": "catmullrom"
						},
						"4.0": {
							"post": [-2.62122, -2.48067, -1.29863],
							"lerp_mode": "catmullrom"
						},
						"4.2": {
							"post": [0, -0.225, 0.2],
							"lerp_mode": "catmullrom"
						},
						"4.3": {
							"post": [0.16, 0, -0.345],
							"lerp_mode": "catmullrom"
						},
						"4.35": {
							"post": [0, 0, 0.15],
							"lerp_mode": "catmullrom"
						},
						"4.5": {
							"post": [0, 0, 0],
							"lerp_mode": "catmullrom"
						}
					}
				},
				"oem_stock_tactical": {
					"position": {
						"0.0": [0, -3.8, -1.1],
						"0.05": [0, -3.8, -1.1],
						"0.1": [0, -3.8, -1.1],
						"0.15": [0, -3.8, -1.1],
						"0.2": [0, -3.8, -1.1],
						"0.25": [0, -3.8, -1.1],
						"0.3": [0, -3.8, -1.1],
						"0.35": [0, -3.8, -1.1],
						"0.4": [0, -3.8, -1.1],
						"0.45": [0, -3.8, -1.1],
						"0.5": [0, -3.8, -1.1],
						"0.55": [0, -3.8, -1.1],
						"0.6": [0, -3.8, -1.1],
						"0.65": [0, -3.8, -1.1],
						"0.7": [0, -3.8, -1.1],
						"0.75": [0, -3.8, -1.1],
						"0.8": [0, -3.8, -1.1],
						"0.85": [0, -3.8, -1.1],
						"0.9": [0, -3.8, -1.1],
						"0.95": [0, -3.8, -1.1],
						"1.0": [0, -3.8, -1.1],
						"1.05": [0, -3.8, -1.1],
						"1.1": [0, -3.8, -1.1],
						"1.15": [0, -3.8, -1.1],
						"1.2": [0, -3.8, -1.1],
						"1.25": [0, -3.8, -1.1],
						"1.3": [0, -3.8, -1.1],
						"1.35": [0, -3.8, -1.1],
						"1.4": [0, -3.8, -1.1],
						"1.45": [0, -3.8, -1.1],
						"1.5": [0, -3.8, -1.1],
						"1.55": [0, -3.8, -1.1],
						"1.6": [0, -3.8, -1.1],
						"1.65": [0, -3.8, -1.1],
						"1.7": [0, -3.8, -1.1],
						"1.75": [0, -3.8, -1.1],
						"1.8": [0, -3.8, -1.1],
						"1.85": [0, -3.8, -1.1],
						"1.9": [0, -3.8, -1.1],
						"1.95": [0, -3.8, -1.1],
						"2.0": [0, -3.8, -1.1],
						"2.05": [0, -3.8, -1.1],
						"2.1": [0, -3.8, -1.1],
						"2.15": [0, -3.8, -1.1],
						"2.2": [0, -3.8, -1.1],
						"2.25": [0, -3.8, -1.1],
						"2.3": [0, -3.8, -1.1],
						"2.35": [0, -3.8, -1.1],
						"2.4": [0, -3.8, -1.1],
						"2.45": [0, -3.8, -1.1],
						"2.5": [0, -3.8, -1.1],
						"2.55": [0, -3.8, -1.1],
						"2.6": [0, -3.8, -1.1],
						"2.65": [0, -3.8, -1.1],
						"2.7": [0, -3.8, -1.1],
						"2.75": [0, -3.8, -1.1],
						"2.8": [0, -3.8, -1.1],
						"2.85": [0, -3.8, -1.1],
						"2.9": [0, -3.8, -1.1],
						"2.95": [0, -3.8, -1.1],
						"3.0": [0, -3.8, -1.1],
						"3.05": [0, -3.8, -1.1],
						"3.1": [0, -3.8, -1.1],
						"3.15": [0, -3.8, -1.1],
						"3.2": [0, -3.8, -1.1],
						"3.25": [0, -3.8, -1.1],
						"3.3": [0, -3.8, -1.1],
						"3.35": [0, -3.8, -1.1],
						"3.4": [0, -3.8, -1.1],
						"3.45": [0, -3.8, -1.1],
						"3.5": [0, -3.8, -1.1],
						"3.55": [0, -3.8, -1.1],
						"3.6": [0, -3.8, -1.1],
						"3.65": [0, -3.8, -1.1],
						"3.7": [0, -3.8, -1.1],
						"3.75": [0, -3.8, -1.1],
						"3.8": [0, -3.8, -1.1],
						"3.85": [0, -3.8, -1.1],
						"3.9": [0, -3.8, -1.1],
						"3.95": [0, -3.8, -1.1],
						"4.0": [0, -3.8, -1.1],
						"4.05": [0, -3.8, -1.1],
						"4.1": [0, -3.8, -1.1],
						"4.15": [0, -3.8, -1.1],
						"4.2": [0, -3.8, -1.1],
						"4.25": [0, -3.8, -1.1],
						"4.3": [0, -3.8, -1.1],
						"4.35": [0, -3.8, -1.1],
						"4.4": [0, -3.8, -1.1],
						"4.45": [0, -3.8, -1.1],
						"4.5": [0, -3.8, -1.1],
						"4.55": [0, -3.8, -1.1]
					},
					"scale": {
						"0.0": [2.6, 1.9, 1.6],
						"0.05": [2.6, 1.9, 1.6],
						"0.1": [2.6, 1.9, 1.6],
						"0.15": [2.6, 1.9, 1.6],
						"0.2": [2.6, 1.9, 1.6],
						"0.25": [2.6, 1.9, 1.6],
						"0.3": [2.6, 1.9, 1.6],
						"0.35": [2.6, 1.9, 1.6],
						"0.4": [2.6, 1.9, 1.6],
						"0.45": [2.6, 1.9, 1.6],
						"0.5": [2.6, 1.9, 1.6],
						"0.55": [2.6, 1.9, 1.6],
						"0.6": [2.6, 1.9, 1.6],
						"0.65": [2.6, 1.9, 1.6],
						"0.7": [2.6, 1.9, 1.6],
						"0.75": [2.6, 1.9, 1.6],
						"0.8": [2.6, 1.9, 1.6],
						"0.85": [2.6, 1.9, 1.6],
						"0.9": [2.6, 1.9, 1.6],
						"0.95": [2.6, 1.9, 1.6],
						"1.0": [2.6, 1.9, 1.6],
						"1.05": [2.6, 1.9, 1.6],
						"1.1": [2.6, 1.9, 1.6],
						"1.15": [2.6, 1.9, 1.6],
						"1.2": [2.6, 1.9, 1.6],
						"1.25": [2.6, 1.9, 1.6],
						"1.3": [2.6, 1.9, 1.6],
						"1.35": [2.6, 1.9, 1.6],
						"1.4": [2.6, 1.9, 1.6],
						"1.45": [2.6, 1.9, 1.6],
						"1.5": [2.6, 1.9, 1.6],
						"1.55": [2.6, 1.9, 1.6],
						"1.6": [2.6, 1.9, 1.6],
						"1.65": [2.6, 1.9, 1.6],
						"1.7": [2.6, 1.9, 1.6],
						"1.75": [2.6, 1.9, 1.6],
						"1.8": [2.6, 1.9, 1.6],
						"1.85": [2.6, 1.9, 1.6],
						"1.9": [2.6, 1.9, 1.6],
						"1.95": [2.6, 1.9, 1.6],
						"2.0": [2.6, 1.9, 1.6],
						"2.05": [2.6, 1.9, 1.6],
						"2.1": [2.6, 1.9, 1.6],
						"2.15": [2.6, 1.9, 1.6],
						"2.2": [2.6, 1.9, 1.6],
						"2.25": [2.6, 1.9, 1.6],
						"2.3": [2.6, 1.9, 1.6],
						"2.35": [2.6, 1.9, 1.6],
						"2.4": [2.6, 1.9, 1.6],
						"2.45": [2.6, 1.9, 1.6],
						"2.5": [2.6, 1.9, 1.6],
						"2.55": [2.6, 1.9, 1.6],
						"2.6": [2.6, 1.9, 1.6],
						"2.65": [2.6, 1.9, 1.6],
						"2.7": [2.6, 1.9, 1.6],
						"2.75": [2.6, 1.9, 1.6],
						"2.8": [2.6, 1.9, 1.6],
						"2.85": [2.6, 1.9, 1.6],
						"2.9": [2.6, 1.9, 1.6],
						"2.95": [2.6, 1.9, 1.6],
						"3.0": [2.6, 1.9, 1.6],
						"3.05": [2.6, 1.9, 1.6],
						"3.1": [2.6, 1.9, 1.6],
						"3.15": [2.6, 1.9, 1.6],
						"3.2": [2.6, 1.9, 1.6],
						"3.25": [2.6, 1.9, 1.6],
						"3.3": [2.6, 1.9, 1.6],
						"3.35": [2.6, 1.9, 1.6],
						"3.4": [2.6, 1.9, 1.6],
						"3.45": [2.6, 1.9, 1.6],
						"3.5": [2.6, 1.9, 1.6],
						"3.55": [2.6, 1.9, 1.6],
						"3.6": [2.6, 1.9, 1.6],
						"3.65": [2.6, 1.9, 1.6],
						"3.7": [2.6, 1.9, 1.6],
						"3.75": [2.6, 1.9, 1.6],
						"3.8": [2.6, 1.9, 1.6],
						"3.85": [2.6, 1.9, 1.6],
						"3.9": [2.6, 1.9, 1.6],
						"3.95": [2.6, 1.9, 1.6],
						"4.0": [2.6, 1.9, 1.6],
						"4.05": [2.6, 1.9, 1.6],
						"4.1": [2.6, 1.9, 1.6],
						"4.15": [2.6, 1.9, 1.6],
						"4.2": [2.6, 1.9, 1.6],
						"4.25": [2.6, 1.9, 1.6],
						"4.3": [2.6, 1.9, 1.6],
						"4.35": [2.6, 1.9, 1.6],
						"4.4": [2.6, 1.9, 1.6],
						"4.45": [2.6, 1.9, 1.6],
						"4.5": [2.6, 1.9, 1.6],
						"4.55": [2.6, 1.9, 1.6]
					}
				}
			},
			"sound_effects": {
				"0.1": {
					"effect": "wfoly_pi_mike1911_ads_up"
				},
				"1.35": {
					"effect": "wfoly_pi_mike1911_ads_down"
				},
				"2.3": {
					"effect": "p27_pi_papa220_inspect_empty_raise"
				},
				"3.95": {
					"effect": "wfoly_pi_mike1911_fast_reload_empty_end"
				}
			}
		},
		"inspect_empty": {
			"animation_length": 4.55,
			"bones": {
				"R": {
					"rotation": {
						"0.0": [95.50333, 1.99079, -179.80823],
						"0.15": [95.50333, 1.99079, -179.80823],
						"0.35": [95.34841, 2.36827, -183.79496],
						"2.3": [95.34841, 2.36827, -183.79496],
						"2.5": [95.50333, 1.99079, -179.80823]
					},
					"position": {
						"0.0": [-7.2, -14.7, 7.7],
						"0.15": [-6.6, -14.7, 7.7],
						"0.35": [-9.6, -14.7, 7.7],
						"2.3": [-9.6, -14.7, 7.7],
						"2.5": [-7.2, -14.7, 7.7]
					},
					"scale": [1.75, 2, 1.75]
				},
				"l": {
					"rotation": {
						"0.0": [90, 0, 180],
						"1.5": {
							"pre": [134.19567, -4.69246, 134.89339],
							"post": [134.19567, -4.69246, 134.89339],
							"lerp_mode": "catmullrom"
						},
						"2.25": {
							"post": [134.19567, -4.69246, 134.89339],
							"lerp_mode": "catmullrom"
						},
						"2.65": {
							"post": [86.4138, -58.86895, 52.56755],
							"lerp_mode": "catmullrom"
						},
						"3.85": {
							"post": [86.4138, -58.86895, 52.56755],
							"lerp_mode": "catmullrom"
						},
						"4.3": [90, 0, 180]
					},
					"position": {
						"0.0": [24, -33, 23],
						"2.25": [24, -33, 23],
						"2.65": [14.04107, 8.35495, 39.28153],
						"3.85": [14.04107, 8.35495, 39.28153],
						"4.3": [24, -33, 23]
					},
					"scale": [1.75, 2, 1.75]
				},
				"root": {
					"rotation": {
						"0.0": {
							"post": [0, 0, 0],
							"lerp_mode": "catmullrom"
						},
						"0.15": {
							"post": [-7.98572, -8.64679, -4.79307],
							"lerp_mode": "catmullrom"
						},
						"0.25": {
							"post": [-14, -22.17, -11.52],
							"lerp_mode": "catmullrom"
						},
						"0.35": {
							"post": [-17.51347, -38.79398, -19.26689],
							"lerp_mode": "catmullrom"
						},
						"0.7": {
							"post": [-13.65208, -45.33165, -22.03326],
							"lerp_mode": "catmullrom"
						},
						"1.4": {
							"post": [-11.6625, -45.77, -24.82],
							"lerp_mode": "catmullrom"
						},
						"1.6": {
							"post": [-4.94424, -46.73493, -35.22592],
							"lerp_mode": "catmullrom"
						},
						"2.2": {
							"post": [-3.95, -46.77, -38.01],
							"lerp_mode": "catmullrom"
						},
						"2.3": {
							"post": [-9.84424, -39.73493, -31.02592],
							"lerp_mode": "catmullrom"
						},
						"2.4": {
							"post": [-32.6189, -1.13882, 13.37063],
							"lerp_mode": "catmullrom"
						},
						"2.55": {
							"post": [-42.35745, 40.24974, 44.02499],
							"lerp_mode": "catmullrom"
						},
						"2.7": {
							"post": [-43.81, 45.15, 53.52],
							"lerp_mode": "catmullrom"
						},
						"2.9": {
							"post": [-43.35968, 45.20784, 54.26512],
							"lerp_mode": "catmullrom"
						},
						"3.15": {
							"post": [-43.91678, 45.52576, 53.43217],
							"lerp_mode": "catmullrom"
						},
						"3.35": {
							"post": [-40.17641, 49.44711, 58.53085],
							"lerp_mode": "catmullrom"
						},
						"3.9": [-40.07, 49.43, 58.25],
						"4.0": [-37.32626, 43.92766, 54.92974],
						"4.25": {
							"pre": [-4, 0, 7],
							"post": [-4, 0, 7],
							"lerp_mode": "catmullrom"
						},
						"4.35": {
							"post": [-1.03359, -1.05716, 0.66825],
							"lerp_mode": "catmullrom"
						},
						"4.45": {
							"post": [-0.20685, 0.38999, 0.25251],
							"lerp_mode": "catmullrom"
						},
						"4.55": {
							"post": [0, 0, 0],
							"lerp_mode": "catmullrom"
						}
					},
					"position": {
						"0.0": {
							"post": [0, 0, 0],
							"lerp_mode": "catmullrom"
						},
						"0.15": {
							"post": [1.11, -1.03, 0.97],
							"lerp_mode": "catmullrom"
						},
						"0.35": {
							"post": [2.3, 3.2, 2],
							"lerp_mode": "catmullrom"
						},
						"0.55": {
							"post": [2.99, 4.61, 2.5],
							"lerp_mode": "catmullrom"
						},
						"0.8": {
							"post": [3.03, 4.7, 2.49],
							"lerp_mode": "catmullrom"
						},
						"1.05": {
							"post": [2.9, 4.38, 2.49],
							"lerp_mode": "catmullrom"
						},
						"1.3": {
							"post": [2.82, 4.34, 2.48],
							"lerp_mode": "catmullrom"
						},
						"1.5": {
							"post": [2.81, 4.66, 2.48],
							"lerp_mode": "catmullrom"
						},
						"1.75": {
							"post": [3.11, 4.29, 2.47],
							"lerp_mode": "catmullrom"
						},
						"2.0": {
							"post": [3.09, 4.07, 2.47],
							"lerp_mode": "catmullrom"
						},
						"2.2": {
							"post": [3.12, 3.6, 2.48],
							"lerp_mode": "catmullrom"
						},
						"2.3": {
							"post": [3.8, 2.1, 2.5],
							"lerp_mode": "catmullrom"
						},
						"2.45": {
							"post": [1.95, 1.78, 1.19],
							"lerp_mode": "catmullrom"
						},
						"2.55": {
							"post": [0.88, 3.41, 0.4],
							"lerp_mode": "catmullrom"
						},
						"2.65": {
							"post": [1.7, 4.85, 0.44],
							"lerp_mode": "catmullrom"
						},
						"2.8": {
							"post": [1.74, 5.7, 0.44],
							"lerp_mode": "catmullrom"
						},
						"2.95": {
							"post": [1.71, 5.8, 0.44],
							"lerp_mode": "catmullrom"
						},
						"3.35": {
							"post": [1.91, 5.78, 0.44],
							"lerp_mode": "catmullrom"
						},
						"3.9": [1.89, 5.67, 0.43],
						"4.0": [1.58, 5.41, 0.4],
						"4.3": {
							"pre": [0.3, 0.8, 0],
							"post": [0.3, 0.8, 0],
							"lerp_mode": "catmullrom"
						},
						"4.45": {
							"post": [0, 0, 0],
							"lerp_mode": "catmullrom"
						},
						"4.55": {
							"post": [0, 0, 0],
							"lerp_mode": "catmullrom"
						}
					}
				},
				"Bolt": {
					"position": [0, 0, 3]
				},
				"camera": {
					"rotation": {
						"0.0": {
							"post": [0, 0, 0],
							"lerp_mode": "catmullrom"
						},
						"0.15": {
							"post": [0.04, 0.065, 0.1],
							"lerp_mode": "catmullrom"
						},
						"0.35": {
							"post": [0.50436, 0.4956, 0.50436],
							"lerp_mode": "catmullrom"
						},
						"0.45": {
							"post": [0.59, 0.58, 0.355],
							"lerp_mode": "catmullrom"
						},
						"0.55": {
							"post": [0.65, 0.65, 0.51],
							"lerp_mode": "catmullrom"
						},
						"0.9": {
							"post": [1.00448, 0.99552, 0.51313],
							"lerp_mode": "catmullrom"
						},
						"1.25": {
							"post": [0.95, 0.81, 0.71],
							"lerp_mode": "catmullrom"
						},
						"1.6": {
							"post": [2.50842, 0.47413, 0.99082],
							"lerp_mode": "catmullrom"
						},
						"1.9": {
							"post": [2.77, 0.43, 0.79],
							"lerp_mode": "catmullrom"
						},
						"2.05": {
							"post": [2.75842, -0.35087, 0.09082],
							"lerp_mode": "catmullrom"
						},
						"2.65": {
							"post": [1.62829, -2.22396, -1.62709],
							"lerp_mode": "catmullrom"
						},
						"3.25": {
							"post": [-3.62122, -2.75567, -1.29863],
							"lerp_mode": "catmullrom"
						},
						"4.0": {
							"post": [-2.62122, -2.48067, -1.29863],
							"lerp_mode": "catmullrom"
						},
						"4.2": {
							"post": [0, -0.225, 0.2],
							"lerp_mode": "catmullrom"
						},
						"4.3": {
							"post": [0.16, 0, -0.345],
							"lerp_mode": "catmullrom"
						},
						"4.35": {
							"post": [0, 0, 0.15],
							"lerp_mode": "catmullrom"
						},
						"4.5": {
							"post": [0, 0, 0],
							"lerp_mode": "catmullrom"
						}
					}
				},
				"oem_stock_tactical": {
					"position": {
						"0.0": [0, -3.8, -1.1],
						"0.05": [0, -3.8, -1.1],
						"0.1": [0, -3.8, -1.1],
						"0.15": [0, -3.8, -1.1],
						"0.2": [0, -3.8, -1.1],
						"0.25": [0, -3.8, -1.1],
						"0.3": [0, -3.8, -1.1],
						"0.35": [0, -3.8, -1.1],
						"0.4": [0, -3.8, -1.1],
						"0.45": [0, -3.8, -1.1],
						"0.5": [0, -3.8, -1.1],
						"0.55": [0, -3.8, -1.1],
						"0.6": [0, -3.8, -1.1],
						"0.65": [0, -3.8, -1.1],
						"0.7": [0, -3.8, -1.1],
						"0.75": [0, -3.8, -1.1],
						"0.8": [0, -3.8, -1.1],
						"0.85": [0, -3.8, -1.1],
						"0.9": [0, -3.8, -1.1],
						"0.95": [0, -3.8, -1.1],
						"1.0": [0, -3.8, -1.1],
						"1.05": [0, -3.8, -1.1],
						"1.1": [0, -3.8, -1.1],
						"1.15": [0, -3.8, -1.1],
						"1.2": [0, -3.8, -1.1],
						"1.25": [0, -3.8, -1.1],
						"1.3": [0, -3.8, -1.1],
						"1.35": [0, -3.8, -1.1],
						"1.4": [0, -3.8, -1.1],
						"1.45": [0, -3.8, -1.1],
						"1.5": [0, -3.8, -1.1],
						"1.55": [0, -3.8, -1.1],
						"1.6": [0, -3.8, -1.1],
						"1.65": [0, -3.8, -1.1],
						"1.7": [0, -3.8, -1.1],
						"1.75": [0, -3.8, -1.1],
						"1.8": [0, -3.8, -1.1],
						"1.85": [0, -3.8, -1.1],
						"1.9": [0, -3.8, -1.1],
						"1.95": [0, -3.8, -1.1],
						"2.0": [0, -3.8, -1.1],
						"2.05": [0, -3.8, -1.1],
						"2.1": [0, -3.8, -1.1],
						"2.15": [0, -3.8, -1.1],
						"2.2": [0, -3.8, -1.1],
						"2.25": [0, -3.8, -1.1],
						"2.3": [0, -3.8, -1.1],
						"2.35": [0, -3.8, -1.1],
						"2.4": [0, -3.8, -1.1],
						"2.45": [0, -3.8, -1.1],
						"2.5": [0, -3.8, -1.1],
						"2.55": [0, -3.8, -1.1],
						"2.6": [0, -3.8, -1.1],
						"2.65": [0, -3.8, -1.1],
						"2.7": [0, -3.8, -1.1],
						"2.75": [0, -3.8, -1.1],
						"2.8": [0, -3.8, -1.1],
						"2.85": [0, -3.8, -1.1],
						"2.9": [0, -3.8, -1.1],
						"2.95": [0, -3.8, -1.1],
						"3.0": [0, -3.8, -1.1],
						"3.05": [0, -3.8, -1.1],
						"3.1": [0, -3.8, -1.1],
						"3.15": [0, -3.8, -1.1],
						"3.2": [0, -3.8, -1.1],
						"3.25": [0, -3.8, -1.1],
						"3.3": [0, -3.8, -1.1],
						"3.35": [0, -3.8, -1.1],
						"3.4": [0, -3.8, -1.1],
						"3.45": [0, -3.8, -1.1],
						"3.5": [0, -3.8, -1.1],
						"3.55": [0, -3.8, -1.1],
						"3.6": [0, -3.8, -1.1],
						"3.65": [0, -3.8, -1.1],
						"3.7": [0, -3.8, -1.1],
						"3.75": [0, -3.8, -1.1],
						"3.8": [0, -3.8, -1.1],
						"3.85": [0, -3.8, -1.1],
						"3.9": [0, -3.8, -1.1],
						"3.95": [0, -3.8, -1.1],
						"4.0": [0, -3.8, -1.1],
						"4.05": [0, -3.8, -1.1],
						"4.1": [0, -3.8, -1.1],
						"4.15": [0, -3.8, -1.1],
						"4.2": [0, -3.8, -1.1],
						"4.25": [0, -3.8, -1.1],
						"4.3": [0, -3.8, -1.1],
						"4.35": [0, -3.8, -1.1],
						"4.4": [0, -3.8, -1.1],
						"4.45": [0, -3.8, -1.1],
						"4.5": [0, -3.8, -1.1],
						"4.55": [0, -3.8, -1.1]
					},
					"scale": {
						"0.0": [2.6, 1.9, 1.6],
						"0.05": [2.6, 1.9, 1.6],
						"0.1": [2.6, 1.9, 1.6],
						"0.15": [2.6, 1.9, 1.6],
						"0.2": [2.6, 1.9, 1.6],
						"0.25": [2.6, 1.9, 1.6],
						"0.3": [2.6, 1.9, 1.6],
						"0.35": [2.6, 1.9, 1.6],
						"0.4": [2.6, 1.9, 1.6],
						"0.45": [2.6, 1.9, 1.6],
						"0.5": [2.6, 1.9, 1.6],
						"0.55": [2.6, 1.9, 1.6],
						"0.6": [2.6, 1.9, 1.6],
						"0.65": [2.6, 1.9, 1.6],
						"0.7": [2.6, 1.9, 1.6],
						"0.75": [2.6, 1.9, 1.6],
						"0.8": [2.6, 1.9, 1.6],
						"0.85": [2.6, 1.9, 1.6],
						"0.9": [2.6, 1.9, 1.6],
						"0.95": [2.6, 1.9, 1.6],
						"1.0": [2.6, 1.9, 1.6],
						"1.05": [2.6, 1.9, 1.6],
						"1.1": [2.6, 1.9, 1.6],
						"1.15": [2.6, 1.9, 1.6],
						"1.2": [2.6, 1.9, 1.6],
						"1.25": [2.6, 1.9, 1.6],
						"1.3": [2.6, 1.9, 1.6],
						"1.35": [2.6, 1.9, 1.6],
						"1.4": [2.6, 1.9, 1.6],
						"1.45": [2.6, 1.9, 1.6],
						"1.5": [2.6, 1.9, 1.6],
						"1.55": [2.6, 1.9, 1.6],
						"1.6": [2.6, 1.9, 1.6],
						"1.65": [2.6, 1.9, 1.6],
						"1.7": [2.6, 1.9, 1.6],
						"1.75": [2.6, 1.9, 1.6],
						"1.8": [2.6, 1.9, 1.6],
						"1.85": [2.6, 1.9, 1.6],
						"1.9": [2.6, 1.9, 1.6],
						"1.95": [2.6, 1.9, 1.6],
						"2.0": [2.6, 1.9, 1.6],
						"2.05": [2.6, 1.9, 1.6],
						"2.1": [2.6, 1.9, 1.6],
						"2.15": [2.6, 1.9, 1.6],
						"2.2": [2.6, 1.9, 1.6],
						"2.25": [2.6, 1.9, 1.6],
						"2.3": [2.6, 1.9, 1.6],
						"2.35": [2.6, 1.9, 1.6],
						"2.4": [2.6, 1.9, 1.6],
						"2.45": [2.6, 1.9, 1.6],
						"2.5": [2.6, 1.9, 1.6],
						"2.55": [2.6, 1.9, 1.6],
						"2.6": [2.6, 1.9, 1.6],
						"2.65": [2.6, 1.9, 1.6],
						"2.7": [2.6, 1.9, 1.6],
						"2.75": [2.6, 1.9, 1.6],
						"2.8": [2.6, 1.9, 1.6],
						"2.85": [2.6, 1.9, 1.6],
						"2.9": [2.6, 1.9, 1.6],
						"2.95": [2.6, 1.9, 1.6],
						"3.0": [2.6, 1.9, 1.6],
						"3.05": [2.6, 1.9, 1.6],
						"3.1": [2.6, 1.9, 1.6],
						"3.15": [2.6, 1.9, 1.6],
						"3.2": [2.6, 1.9, 1.6],
						"3.25": [2.6, 1.9, 1.6],
						"3.3": [2.6, 1.9, 1.6],
						"3.35": [2.6, 1.9, 1.6],
						"3.4": [2.6, 1.9, 1.6],
						"3.45": [2.6, 1.9, 1.6],
						"3.5": [2.6, 1.9, 1.6],
						"3.55": [2.6, 1.9, 1.6],
						"3.6": [2.6, 1.9, 1.6],
						"3.65": [2.6, 1.9, 1.6],
						"3.7": [2.6, 1.9, 1.6],
						"3.75": [2.6, 1.9, 1.6],
						"3.8": [2.6, 1.9, 1.6],
						"3.85": [2.6, 1.9, 1.6],
						"3.9": [2.6, 1.9, 1.6],
						"3.95": [2.6, 1.9, 1.6],
						"4.0": [2.6, 1.9, 1.6],
						"4.05": [2.6, 1.9, 1.6],
						"4.1": [2.6, 1.9, 1.6],
						"4.15": [2.6, 1.9, 1.6],
						"4.2": [2.6, 1.9, 1.6],
						"4.25": [2.6, 1.9, 1.6],
						"4.3": [2.6, 1.9, 1.6],
						"4.35": [2.6, 1.9, 1.6],
						"4.4": [2.6, 1.9, 1.6],
						"4.45": [2.6, 1.9, 1.6],
						"4.5": [2.6, 1.9, 1.6],
						"4.55": [2.6, 1.9, 1.6]
					}
				}
			},
			"sound_effects": {
				"0.1": {
					"effect": "wfoly_pi_mike1911_ads_up"
				},
				"1.35": {
					"effect": "wfoly_pi_mike1911_ads_down"
				},
				"2.3": {
					"effect": "p27_pi_papa220_inspect_empty_raise"
				},
				"3.95": {
					"effect": "wfoly_pi_mike1911_fast_reload_empty_end"
				}
			}
		},
		"put_away": {
			"animation_length": 0.5,
			"bones": {
				"root": {
					"rotation": {
						"0.0": {
							"post": [0, 0, 0],
							"lerp_mode": "catmullrom"
						},
						"0.1": {
							"post": [-9.59422, -38.3453, 0.00944],
							"lerp_mode": "catmullrom"
						},
						"0.2333": {
							"post": [-16.39395, -61.25293, 53.07545],
							"lerp_mode": "catmullrom"
						},
						"0.3": {
							"post": [-14.15, -69.24, 56.81],
							"lerp_mode": "catmullrom"
						},
						"0.4": {
							"post": [3.60605, -67.62793, 53.07545],
							"lerp_mode": "catmullrom"
						}
					},
					"position": {
						"0.0": {
							"post": [0, 0, 0],
							"lerp_mode": "catmullrom"
						},
						"0.1": {
							"post": [1.015, -2.235, 2.11],
							"lerp_mode": "catmullrom"
						},
						"0.2333": {
							"post": [5.875, -11.1, 6.35],
							"lerp_mode": "catmullrom"
						},
						"0.3": {
							"post": [7.3, -19.07, 6.49],
							"lerp_mode": "catmullrom"
						},
						"0.4333": {
							"post": [13.2, -28.655, 6.35],
							"lerp_mode": "catmullrom"
						}
					}
				},
				"lefthand": {
					"scale": [1, 1.5, 1]
				},
				"righthand": {
					"scale": [1, 1.5, 1]
				},
				"l": {
					"rotation": {
						"0.0": [0, 0, 0],
						"0.1333": [0, 0, 0]
					},
					"position": {
						"0.0": [0, 0, 0],
						"0.1333": [0, 0, 0]
					},
					"scale": 0
				},
				"R": {
					"rotation": [95.50333, 1.99079, -179.80823],
					"position": [-7.2, -14.7, 7.7],
					"scale": [1.75, 2, 1.75]
				},
				"camera": {
					"rotation": {
						"0.0": {
							"post": [0, 0, 0],
							"lerp_mode": "catmullrom"
						},
						"0.2": {
							"post": [0.49, -0.38, -0.38],
							"lerp_mode": "catmullrom"
						},
						"0.3667": {
							"post": [0, 0, 0],
							"lerp_mode": "catmullrom"
						}
					}
				},
				"constraint": {
					"rotation": [0.2, 0.2, 0.2],
					"position": [0.2, 0.2, 0.35]
				},
				"oem_stock_tactical": {
					"position": {
						"0.0": [0, -3.8, -1.1],
						"0.0333": [0, -3.8, -1.1],
						"0.0667": [0, -3.8, -1.1],
						"0.1": [0, -3.8, -1.1],
						"0.1333": [0, -3.8, -1.1],
						"0.1667": [0, -3.8, -1.1],
						"0.2": [0, -3.8, -1.1],
						"0.2333": [0, -3.8, -1.1],
						"0.2667": [0, -3.8, -1.1],
						"0.3": [0, -3.8, -1.1],
						"0.3333": [0, -3.8, -1.1],
						"0.3667": [0, -3.8, -1.1],
						"0.4": [0, -3.8, -1.1],
						"0.4333": [0, -3.8, -1.1],
						"0.4667": [0, -3.8, -1.1],
						"0.5": [0, -3.8, -1.1]
					},
					"scale": {
						"0.0": [2.6, 1.9, 1.6],
						"0.0333": [2.6, 1.9, 1.6],
						"0.0667": [2.6, 1.9, 1.6],
						"0.1": [2.6, 1.9, 1.6],
						"0.1333": [2.6, 1.9, 1.6],
						"0.1667": [2.6, 1.9, 1.6],
						"0.2": [2.6, 1.9, 1.6],
						"0.2333": [2.6, 1.9, 1.6],
						"0.2667": [2.6, 1.9, 1.6],
						"0.3": [2.6, 1.9, 1.6],
						"0.3333": [2.6, 1.9, 1.6],
						"0.3667": [2.6, 1.9, 1.6],
						"0.4": [2.6, 1.9, 1.6],
						"0.4333": [2.6, 1.9, 1.6],
						"0.4667": [2.6, 1.9, 1.6],
						"0.5": [2.6, 1.9, 1.6]
					}
				}
			}
		},
		"run": {
			"loop": true,
			"animation_length": 0.6667,
			"bones": {
				"root": {
					"rotation": {
						"0.0": [-51.4314, -19.59742, 44.08803],
						"0.0333": [-46.61, -19.67, 40.19],
						"0.1": {
							"pre": [-40.22239, -29.39895, 31.99698],
							"post": [-40.22239, -29.39895, 31.99698],
							"lerp_mode": "catmullrom"
						},
						"0.2": {
							"post": [-44.20711, -33.02027, 40.46132],
							"lerp_mode": "catmullrom"
						},
						"0.3333": {
							"post": [-54.71744, -36.62452, 50.79408],
							"lerp_mode": "catmullrom"
						},
						"0.4667": {
							"post": [-54.16236, -46.62319, 40.48441],
							"lerp_mode": "catmullrom"
						},
						"0.5333": {
							"post": [-47.92557, -39.25531, 38.83491],
							"lerp_mode": "catmullrom"
						},
						"0.6667": {
							"post": [-51.4314, -19.59742, 44.08803],
							"lerp_mode": "catmullrom"
						}
					},
					"position": {
						"0.0": {
							"post": [-5.075, -4.275, 0],
							"lerp_mode": "catmullrom"
						},
						"0.0667": {
							"post": [-5.015, -4.34, -0.125],
							"lerp_mode": "catmullrom"
						},
						"0.2333": {
							"post": [-3.63, -5.445, -1.05],
							"lerp_mode": "catmullrom"
						},
						"0.3667": {
							"post": [-1.65, -3.72, 0],
							"lerp_mode": "catmullrom"
						},
						"0.4667": {
							"post": [-1.935, -5.01, 0.3],
							"lerp_mode": "catmullrom"
						},
						"0.5667": {
							"post": [-3.555, -5.445, -0.725],
							"lerp_mode": "catmullrom"
						},
						"0.6667": {
							"post": [-5.075, -4.275, 0],
							"lerp_mode": "catmullrom"
						}
					}
				},
				"l": {
					"scale": 0
				},
				"oem_stock_tactical": {
					"position": {
						"0.0": [0, -3.8, -1.1],
						"0.0333": [0, -3.8, -1.1],
						"0.0667": [0, -3.8, -1.1],
						"0.1": [0, -3.8, -1.1],
						"0.1333": [0, -3.8, -1.1],
						"0.1667": [0, -3.8, -1.1],
						"0.2": [0, -3.8, -1.1],
						"0.2333": [0, -3.8, -1.1],
						"0.2667": [0, -3.8, -1.1],
						"0.3": [0, -3.8, -1.1],
						"0.3333": [0, -3.8, -1.1],
						"0.3667": [0, -3.8, -1.1],
						"0.4": [0, -3.8, -1.1],
						"0.4333": [0, -3.8, -1.1],
						"0.4667": [0, -3.8, -1.1],
						"0.5": [0, -3.8, -1.1],
						"0.5333": [0, -3.8, -1.1],
						"0.5667": [0, -3.8, -1.1],
						"0.6": [0, -3.8, -1.1],
						"0.6333": [0, -3.8, -1.1],
						"0.6667": [0, -3.8, -1.1]
					},
					"scale": {
						"0.0": [2.6, 1.9, 1.6],
						"0.0333": [2.6, 1.9, 1.6],
						"0.0667": [2.6, 1.9, 1.6],
						"0.1": [2.6, 1.9, 1.6],
						"0.1333": [2.6, 1.9, 1.6],
						"0.1667": [2.6, 1.9, 1.6],
						"0.2": [2.6, 1.9, 1.6],
						"0.2333": [2.6, 1.9, 1.6],
						"0.2667": [2.6, 1.9, 1.6],
						"0.3": [2.6, 1.9, 1.6],
						"0.3333": [2.6, 1.9, 1.6],
						"0.3667": [2.6, 1.9, 1.6],
						"0.4": [2.6, 1.9, 1.6],
						"0.4333": [2.6, 1.9, 1.6],
						"0.4667": [2.6, 1.9, 1.6],
						"0.5": [2.6, 1.9, 1.6],
						"0.5333": [2.6, 1.9, 1.6],
						"0.5667": [2.6, 1.9, 1.6],
						"0.6": [2.6, 1.9, 1.6],
						"0.6333": [2.6, 1.9, 1.6],
						"0.6667": [2.6, 1.9, 1.6]
					}
				}
			}
		},
		"run_hold": {
			"animation_length": 0.0417,
			"bones": {
				"root": {
					"rotation": {
						"0.0": {
							"post": [-54.71744, -36.62452, 50.79408],
							"lerp_mode": "catmullrom"
						}
					},
					"position": {
						"0.0": {
							"post": [-1.65, -3.72, 0],
							"lerp_mode": "catmullrom"
						}
					}
				},
				"l": {
					"scale": 0
				},
				"oem_stock_tactical": {
					"position": {
						"0.0": [0, -3.8, -1.1],
						"0.0417": [0, -3.8, -1.1]
					},
					"scale": {
						"0.0": [2.6, 1.9, 1.6],
						"0.0417": [2.6, 1.9, 1.6]
					}
				}
			}
		},
		"run_start": {
			"animation_length": 0.2333,
			"bones": {
				"root": {
					"rotation": {
						"0.0": [0, 0, 0],
						"0.1": {
							"pre": [-25.13982, -27.21251, 18.96435],
							"post": [-25.13982, -27.21251, 18.96435],
							"lerp_mode": "catmullrom"
						},
						"0.2333": {
							"post": [-42.01, -32.04, 36.88],
							"lerp_mode": "catmullrom"
						}
					},
					"position": {
						"0.0": [0, 0, 0],
						"0.1": {
							"pre": [-2.04, -4.015, -1.2],
							"post": [-2.04, -4.015, -1.2],
							"lerp_mode": "catmullrom"
						},
						"0.2333": {
							"post": [-4.05, -5.34, -0.94],
							"lerp_mode": "catmullrom"
						}
					}
				},
				"l": {
					"scale": 0
				},
				"oem_stock_tactical": {
					"position": {
						"0.0": [0, -3.8, -1.1],
						"0.0333": [0, -3.8, -1.1],
						"0.0667": [0, -3.8, -1.1],
						"0.1": [0, -3.8, -1.1],
						"0.1333": [0, -3.8, -1.1],
						"0.1667": [0, -3.8, -1.1],
						"0.2": [0, -3.8, -1.1],
						"0.2333": [0, -3.8, -1.1]
					},
					"scale": {
						"0.0": [2.6, 1.9, 1.6],
						"0.0333": [2.6, 1.9, 1.6],
						"0.0667": [2.6, 1.9, 1.6],
						"0.1": [2.6, 1.9, 1.6],
						"0.1333": [2.6, 1.9, 1.6],
						"0.1667": [2.6, 1.9, 1.6],
						"0.2": [2.6, 1.9, 1.6],
						"0.2333": [2.6, 1.9, 1.6]
					}
				}
			}
		},
		"shoot": {
			"animation_length": 0.6,
			"bones": {
				"root": {
					"rotation": {
						"0.0": {
							"post": [0, 0, 0],
							"lerp_mode": "catmullrom"
						},
						"0.0333": {
							"post": [-12, -1.30704, -2],
							"lerp_mode": "catmullrom"
						},
						"0.0667": {
							"post": [-7, 0, 0],
							"lerp_mode": "catmullrom"
						},
						"0.1333": {
							"post": [1.71751, -0.98521, -1.02186],
							"lerp_mode": "catmullrom"
						},
						"0.2": {
							"post": [-1.1, 0.2, 0],
							"lerp_mode": "catmullrom"
						},
						"0.3": {
							"post": [1.23707, -0.09694, 0.24998],
							"lerp_mode": "catmullrom"
						},
						"0.4333": {
							"post": [0.05, 0.13, 0.1],
							"lerp_mode": "catmullrom"
						},
						"0.5667": {
							"post": [0, 0, 0],
							"lerp_mode": "catmullrom"
						}
					},
					"position": {
						"0.0": {
							"post": [0, 0, 0],
							"lerp_mode": "catmullrom"
						},
						"0.0333": {
							"post": [0, 0.25, 3.65],
							"lerp_mode": "catmullrom"
						},
						"0.0667": {
							"post": [0, 0.85, 3.7],
							"lerp_mode": "catmullrom"
						},
						"0.1667": {
							"post": [0, 0.06875, 0.475],
							"lerp_mode": "catmullrom"
						},
						"0.3": {
							"post": [0, -0.1125, -0.25],
							"lerp_mode": "catmullrom"
						},
						"0.4333": {
							"post": [0, 0, 0],
							"lerp_mode": "catmullrom"
						}
					}
				},
				"slide": {
					"position": {
						"0.0": [0, 0, 0],
						"0.0667": {
							"pre": [0, 0, 2.375],
							"post": [0, 0, 2.375],
							"lerp_mode": "catmullrom"
						},
						"0.1333": [0, 0, 0]
					}
				},
				"hammer": {
					"rotation": {
						"0.0": [60, 0, 0],
						"0.0333": [-27.5, 0, 0],
						"0.0667": [0, 0, 0]
					},
					"position": [0, 0, 0]
				},
				"camera": {
					"rotation": {
						"0.0": {
							"post": [0, 0, 0],
							"lerp_mode": "catmullrom"
						},
						"0.0333": {
							"post": [0, 0, 0.925],
							"lerp_mode": "catmullrom"
						},
						"0.0667": {
							"post": [0, 0, -0.7],
							"lerp_mode": "catmullrom"
						},
						"0.1": {
							"post": [0, 0, 0.4],
							"lerp_mode": "catmullrom"
						},
						"0.1333": {
							"post": [0, 0, -0.22],
							"lerp_mode": "catmullrom"
						},
						"0.1667": {
							"post": [0, 0, 0],
							"lerp_mode": "catmullrom"
						}
					}
				},
				"Bolt": {
					"position": {
						"0.0333": [0, 0, 0],
						"0.0667": [0, 0, 3],
						"0.1667": [0, 0, 0]
					}
				},
				"oem_stock_tactical": {
					"position": {
						"0.0": [0, -3.8, -1.1],
						"0.0333": [0, -3.8, -1.1],
						"0.0667": [0, -3.8, -1.1],
						"0.1": [0, -3.8, -1.1],
						"0.1333": [0, -3.8, -1.1],
						"0.1667": [0, -3.8, -1.1],
						"0.2": [0, -3.8, -1.1],
						"0.2333": [0, -3.8, -1.1],
						"0.2667": [0, -3.8, -1.1],
						"0.3": [0, -3.8, -1.1],
						"0.3333": [0, -3.8, -1.1],
						"0.3667": [0, -3.8, -1.1],
						"0.4": [0, -3.8, -1.1],
						"0.4333": [0, -3.8, -1.1],
						"0.4667": [0, -3.8, -1.1],
						"0.5": [0, -3.8, -1.1],
						"0.5333": [0, -3.8, -1.1],
						"0.5667": [0, -3.8, -1.1],
						"0.6": [0, -3.8, -1.1]
					},
					"scale": {
						"0.0": [2.6, 1.9, 1.6],
						"0.0333": [2.6, 1.9, 1.6],
						"0.0667": [2.6, 1.9, 1.6],
						"0.1": [2.6, 1.9, 1.6],
						"0.1333": [2.6, 1.9, 1.6],
						"0.1667": [2.6, 1.9, 1.6],
						"0.2": [2.6, 1.9, 1.6],
						"0.2333": [2.6, 1.9, 1.6],
						"0.2667": [2.6, 1.9, 1.6],
						"0.3": [2.6, 1.9, 1.6],
						"0.3333": [2.6, 1.9, 1.6],
						"0.3667": [2.6, 1.9, 1.6],
						"0.4": [2.6, 1.9, 1.6],
						"0.4333": [2.6, 1.9, 1.6],
						"0.4667": [2.6, 1.9, 1.6],
						"0.5": [2.6, 1.9, 1.6],
						"0.5333": [2.6, 1.9, 1.6],
						"0.5667": [2.6, 1.9, 1.6],
						"0.6": [2.6, 1.9, 1.6]
					}
				}
			}
		}
	}
}