{
	"format_version": "1.8.0",
	"animations": {
		"static_idle": {
			"loop": true,
			"animation_length": 0.0833,
			"bones": {
				"constraint": {
					"rotation": [0.1, 0.1, 0.1],
					"position": [0.1, 0.1, 0.4]
				},
				"righthand": {
					"rotation": [101.51712, 4.98455, -179.60671],
					"position": [-6.70625, -15.9625, 15.775],
					"scale": [1, 1.5, 1]
				},
				"lefthand": {
					"rotation": [108.80397, -30.60714, -142.6461],
					"position": [7.275, -14.375, 0.55],
					"scale": [1, 1.5, 1]
				},
				"otherbullet": {
					"scale": 0
				},
				"otherbullet2": {
					"scale": 0
				}
			}
		},
		"reload_start_clip": {
			"loop": "hold_on_last_frame",
			"animation_length": 1.0833,
			"bones": {
				"constraint": {
					"rotation": {
						"0.0": [1, 1, 1],
						"1.0833": [1, 1, 1]
					},
					"position": {
						"0.0": [1, 1, 1],
						"1.0833": [1, 1, 1]
					}
				},
				"righthand": {
					"rotation": {
						"0.0": [101.51712, 4.98455, -179.60671],
						"0.25": [100.83863, 6.33881, -186.51069],
						"0.5": [146.45715, 1.4237, -162.95726],
						"0.625": [171.45715, 1.4237, -162.95726],
						"0.7083": [171.45715, 1.4237, -162.95726],
						"1.0": [102.74121, -0.3413, -167.48596],
						"1.0833": [102.74, -0.34, -167.49]
					},
					"position": {
						"0.0": [-6.70625, -15.9625, 15.775],
						"0.25": [-10.0225, -6.335, 8.5825],
						"0.5": [-10.02, -1.34, 7.58],
						"0.625": [-10.02, -1.09, 12.83],
						"0.7083": [-10.02, -1.09, 12.83],
						"1.0": [-8.02, -11.215, 9.6425],
						"1.0833": [-8.02, -11.21, 9.64]
					},
					"scale": [1, 1.5, 1]
				},
				"lefthand": {
					"rotation": {
						"0.0": [108.80397, -30.60714, -142.6461],
						"1.0417": [108.80397, -30.60714, -142.6461],
						"1.0833": [105.41, -35.17, -138.29]
					},
					"position": {
						"0.0": [7.275, -14.375, 0.55],
						"1.0417": [7.275, -14.375, 0.55],
						"1.0833": [7.12, -14.22, 1.31]
					},
					"scale": [1, 1.5, 1]
				},
				"root": {
					"rotation": {
						"0.0": [0, 0, 0],
						"0.2917": [-4.42234, -18.50988, -9.93393],
						"0.375": [-13.41063, -18.15968, -6.79775],
						"0.4583": [-12.79643, -14.56463, 9.06397],
						"0.5": [-11.51551, -13.58849, 13.21401],
						"0.5833": [-11.01495, -12.02279, 10.79865],
						"0.7083": [-33.3881, -10.8178, 0.03826],
						"0.875": {
							"pre": [-28.39, -10.82, 0.04],
							"post": [-28.39, -10.82, 0.04],
							"lerp_mode": "catmullrom"
						},
						"0.9167": {
							"post": [-28.39, -10.82, 0.04],
							"lerp_mode": "catmullrom"
						},
						"1.0833": {
							"post": [-13.3881, -10.8178, 0.03826],
							"lerp_mode": "catmullrom"
						}
					},
					"position": {
						"0.0": [0, 0, 0],
						"0.2917": [2, -2, 0],
						"0.375": [2, -1.6875, 0],
						"0.5": [2, -0.4375, -0.375],
						"0.5833": [2, -0.44, -0.37],
						"0.7083": [2, -3.44, -0.37],
						"0.875": {
							"pre": [2, -3.44, -0.37],
							"post": [2, -3.44, -0.37],
							"lerp_mode": "catmullrom"
						},
						"0.9167": {
							"post": [2, -3.44, -0.37],
							"lerp_mode": "catmullrom"
						},
						"1.0833": {
							"post": [2, -3.44, -0.37],
							"lerp_mode": "catmullrom"
						}
					}
				},
				"ammo_and_righthand": {
					"rotation": {
						"0.0": [0, 0, 0],
						"1.0833": [0, 0, 0]
					},
					"position": {
						"0.0": [0, -8, 5],
						"1.0833": [0, -8, 5]
					},
					"scale": {
						"0.0": [1, 1, 1],
						"1.0833": [1, 1, 1]
					}
				},
				"clip": {
					"rotation": [0, 0, 0],
					"position": [0, -0.44, 0],
					"scale": 1
				},
				"bolt": {
					"position": {
						"0.5": [0, 0, 0],
						"0.625": [0, 0, 4.5],
						"1.0833": [0, 0, 4.5]
					}
				},
				"bullet3": {
					"rotation": {
						"0.625": {
							"pre": [0, 0, 0],
							"post": [0, 0, 0],
							"lerp_mode": "catmullrom"
						},
						"0.75": {
							"post": [224.8019, 70.88062, -90.56385],
							"lerp_mode": "catmullrom"
						},
						"0.8333": {
							"post": [224.8019, 70.88062, -90.56385],
							"lerp_mode": "catmullrom"
						},
						"1.0833": {
							"post": [224.8, 70.88, -90.56],
							"lerp_mode": "catmullrom"
						}
					},
					"position": {
						"0.625": {
							"pre": [0, 0, 0],
							"post": [0, 0, 0],
							"lerp_mode": "catmullrom"
						},
						"0.75": {
							"post": [-6.625, 5.125, 0],
							"lerp_mode": "catmullrom"
						},
						"0.8333": {
							"post": [-17.25, -8.375, 0],
							"lerp_mode": "catmullrom"
						},
						"1.0833": {
							"post": [-17.25, -8.37, 0],
							"lerp_mode": "catmullrom"
						}
					},
					"scale": {
						"0.8333": {
							"pre": [1, 1, 1],
							"post": [0, 0, 0]
						},
						"1.0833": [0, 0, 0]
					}
				},
				"bullet_head3": {
					"scale": {
						"0.0": [0, 0, 0],
						"1.0833": [0, 0, 0]
					}
				},
				"bolt_front": {
					"rotation": {
						"0.375": [0, 0, 0],
						"0.5": [0, 0, 90],
						"1.0833": [0, 0, 90]
					}
				},
				"ammo2": {
					"scale": {
						"0.0": [0, 0, 0],
						"1.0833": [0, 0, 0]
					}
				},
				"otherbullet": {
					"rotation": [0, 0, 0],
					"position": [0, 0, 0],
					"scale": 1
				},
				"iron_view": {
					"rotation": {
						"0.0": [0, 0, 0],
						"0.25": [0, 0, 0],
						"1.0833": [0, 0, 0]
					},
					"position": {
						"0.0": [0, 0, 0],
						"0.25": [8, 0, 0],
						"1.0833": [8, 0, 0]
					}
				}
			},
			"sound_effects": {
				"0.25": {
					"effect": "tacz:ai_awp/awp_rechamber_out"
				}
			}
		},
		"reload_load_clip": {
			"loop": "hold_on_last_frame",
			"animation_length": 1.625,
			"bones": {
				"constraint": {
					"rotation": {
						"0.0": [1, 1, 1],
						"1.625": [1, 1, 1]
					},
					"position": {
						"0.0": [1, 1, 1],
						"1.625": [1, 1, 1]
					},
					"scale": 1
				},
				"righthand": {
					"rotation": {
						"0.0": [102.74, -0.34, -167.49],
						"0.2917": [102.74, -0.34, -167.49],
						"0.4167": [125.96034, 20.30193, -164.32645],
						"0.6667": [125.96, 20.3, -164.33],
						"0.7917": [132.11595, 19.79617, -140.19271],
						"0.9583": [135.11684, 27.05073, -132.67597],
						"1.0833": [138.94648, 33.19526, -125.06438],
						"1.1667": [144.73103, 24.78094, -119.81284],
						"1.2917": [179.74354, 17.78102, -119.77842],
						"1.4583": [172.91519, 16.35253, -142.75752],
						"1.625": [169.37403, 14.34191, -156.07899]
					},
					"position": {
						"0.0": [-8.39, -11.9, 9.64],
						"0.2917": [-8.02, -11.21, 9.64],
						"0.4167": [-8.52, -11.21, 8.64],
						"0.6667": [-8.52, -11.21, 8.64],
						"0.7917": [-8.52, -11.21, 8.9525],
						"0.9583": [-8.52, -10.835, 8.7625],
						"1.0833": [-8.52, -11.085, 8.7625],
						"1.1667": [-8.52, -10.2725, 8.9525],
						"1.2917": [-10.52, -8.2725, 12.9525],
						"1.4583": [-10.52, -8.2725, 13.64],
						"1.625": [-9.9575, -8.27, 17.89]
					},
					"scale": [1, 1.5, 1]
				},
				"lefthand": {
					"rotation": {
						"0.0": [95.22, -48.86, -125.22],
						"0.125": [95.22016, -48.85771, -125.22433],
						"1.0833": [105.41, -35.17, -138.29],
						"1.625": [95.22, -48.86, -125.22]
					},
					"position": {
						"0.0": [6.66, -13.75, 3.61],
						"0.125": [6.655, -13.75, 3.61],
						"1.0833": [7.12, -14.22, 1.31],
						"1.625": [6.66, -13.75, 3.61]
					},
					"scale": {
						"0.0": [1, 1.5, 1],
						"1.625": [1, 1.5, 1]
					}
				},
				"root": {
					"rotation": {
						"0.0": [-14.37349, -12.79407, -7.35366],
						"0.625": [-14.37349, -12.79407, -7.35366],
						"0.6667": [-13.92116, -13.28305, -9.33956],
						"0.7917": {
							"pre": [-12.21379, -13.99335, -12.33887],
							"post": [-12.21379, -13.99335, -12.33887],
							"lerp_mode": "catmullrom"
						},
						"0.9583": [-16.21806, -15.15269, -16.29457],
						"1.1667": [-13.71193, -14.98432, -16.34158],
						"1.2917": {
							"pre": [-12.91712, -9.43602, 3.33132],
							"post": [-12.91712, -9.43602, 3.33132],
							"lerp_mode": "catmullrom"
						},
						"1.625": [-9.33965, -13.25874, -3.57332]
					},
					"position": {
						"0.0": [2, -3.0025, -0.37],
						"0.625": [2, -3.0025, -0.37],
						"0.6667": [2, -3, -0.37],
						"0.7917": {
							"pre": [2, -2.875, -0.37],
							"post": [2, -2.875, -0.37],
							"lerp_mode": "catmullrom"
						},
						"0.9583": [2, -5.1875, -0.37],
						"1.1667": [2, -4.1875, -0.37],
						"1.2917": {
							"pre": [2, -4.1875, -0.37],
							"post": [2, -4.1875, -0.37],
							"lerp_mode": "catmullrom"
						},
						"1.625": [2, -2.625, 0.63]
					},
					"scale": 1
				},
				"ammo_and_righthand": {
					"rotation": {
						"0.0": [0, 0, -11],
						"0.2917": [0, 0, -33],
						"0.5": [0, 0, -22],
						"0.5417": [0, 0, -22],
						"0.6667": [0, 0, 0],
						"0.7917": [0, 0, 0],
						"0.9583": [0, 0, 0],
						"1.625": [0, 0, 0]
					},
					"position": {
						"0.0": [-1.1875, -3.625, 3.8125],
						"0.2917": [-5.6875, -3, 0],
						"0.5": [-0.8125, 3, 0],
						"0.5417": [-0.5, 3, 0],
						"0.6667": [0, 2.5625, 0],
						"0.7917": [0, 2.5625, 0],
						"0.9583": [0, 0, 0],
						"1.625": [0, 0, 0]
					},
					"scale": 1
				},
				"clip": {
					"rotation": {
						"0.0": [0, 0, 0],
						"1.1667": [0, 0, 0],
						"1.3333": [-125.7367, 15.18892, -54.33217],
						"1.625": [-125.74, 15.19, -54.33]
					},
					"position": {
						"0.0": [0, -0.44, 0],
						"0.7917": [0, -0.4375, 0],
						"0.9583": [0, 2.5625, 0],
						"1.1667": [0, 2.5625, 0],
						"1.3333": [-7.8125, 9.75, 3.625],
						"1.625": [-7.81, 9.75, 3.63]
					},
					"scale": {
						"0.0": [1, 1, 1],
						"1.3333": {"pre": [1, 1, 1], "post": [0, 0, 0]},
						"1.625": [0, 0, 0]
					}
				},
				"bolt": {
					"rotation": [0, 0, 0],
					"position": {
						"0.0": [0, 0, 4.5],
						"1.625": [0, 0, 4.5]
					},
					"scale": 1
				},
				"bullet3": {
					"rotation": {
						"0.0": {
							"post": [224.8, 70.88, -90.56],
							"lerp_mode": "catmullrom"
						},
						"1.625": {
							"post": [224.8, 70.88, -90.56],
							"lerp_mode": "catmullrom"
						}
					},
					"position": {
						"0.0": {
							"post": [-17.25, -8.37, 0],
							"lerp_mode": "catmullrom"
						},
						"1.625": {
							"post": [-17.25, -8.37, 0],
							"lerp_mode": "catmullrom"
						}
					},
					"scale": {
						"0.0": [0, 0, 0],
						"1.625": [0, 0, 0]
					}
				},
				"bullet_head3": {
					"scale": 1
				},
				"bolt_front": {
					"rotation": [0, 0, 90]
				},
				"ammo2": {
					"scale": 1
				},
				"otherbullet": {
					"scale": {
						"0.875": [1, 1, 1],
						"0.9167": [0, 0, 0],
						"1.625": [0, 0, 0]
					}
				},
				"iron_view": {
					"rotation": {
						"0.0": [0, 0, 0],
						"1.625": [0, 0, 0]
					},
					"position": {
						"0.0": [8, 0, 0],
						"1.625": [8, 0, 0]
					}
				},
				"allbullet2": {
					"scale": 0
				}
			},
			"sound_effects": {
				"0.7917": {
					"effect": "ww:mosin/mosin_clip"
				}
			}
		},
		"reload_end_clip": {
			"loop": "hold_on_last_frame",
			"animation_length": 0.875,
			"bones": {
				"constraint": {
					"rotation": {
						"0.0": [1, 1, 1],
						"0.5417": [1, 1, 1],
						"0.6667": [0.91, 0.91, 0.91],
						"0.75": [0.33, 0.33, 0.33],
						"0.875": [0.1, 0.1, 0.1]
					},
					"position": {
						"0.0": [1, 1, 1],
						"0.5417": [1, 1, 1],
						"0.7083": [0.89, 0.89, 0.89],
						"0.75": [0.3, 0.3, 0.3],
						"0.875": [0.1, 0.1, 0.4]
					}
				},
				"righthand": {
					"rotation": {
						"0.0": [169.37403, 14.34191, -156.07899],
						"0.125": [139.37, 14.34, -156.08],
						"0.2917": [139.37, 14.34, -156.08],
						"0.5": [137.38258, 2.32683, -169.65488],
						"0.625": [137.38258, 2.32683, -169.65488],
						"0.8333": [101.51712, 4.98455, -179.60671]
					},
					"position": {
						"0.0": [-9.9575, -8.27, 17.89],
						"0.125": [-9.96, -8.27, 12.89],
						"0.2917": [-9.96, -8.27, 12.89],
						"0.5": [-10.3975, -13.3325, 12.89],
						"0.625": [-10.3975, -13.3325, 12.89],
						"0.8333": [-6.70625, -15.9625, 15.775]
					}
				},
				"lefthand": {
					"rotation": {
						"0.0": [95.22, -48.86, -125.22],
						"0.5833": [95.22016, -48.85771, -125.22433],
						"0.875": [108.80397, -30.60714, -142.6461]
					},
					"position": {
						"0.0": [6.66, -13.75, 3.61],
						"0.5833": [6.655, -13.75, 3.61],
						"0.875": [7.275, -14.375, 0.55]
					},
					"scale": [1, 1.5, 1]
				},
				"root": {
					"rotation": {
						"0.0": [-9.33965, -13.25874, -3.57332],
						"0.125": {
							"pre": [-4.18443, -8.32687, -4.39996],
							"post": [-4.18443, -8.32687, -4.39996],
							"lerp_mode": "catmullrom"
						},
						"0.2917": [-4.43715, -13.79776, 16.59478],
						"0.4583": [3.17171, -11.73847, -14.67095],
						"0.5": [4.4258, -11.37418, -19.29284],
						"0.875": [0, 0, 0]
					},
					"position": {
						"0.0": [2, -2.625, 0.63],
						"0.125": {
							"pre": [2, -2.62, -0.37],
							"post": [2, -2.62, -0.37],
							"lerp_mode": "catmullrom"
						},
						"0.2917": [2, -0.62, -0.37],
						"0.5": [2, -1.12, 0.63],
						"0.875": [0, 0, 0]
					}
				},
				"ammo_and_righthand": {
					"rotation": [0, 0, 0],
					"position": [0, 0, 0]
				},
				"clip": {
					"rotation": [-125.74, 15.19, -54.33],
					"position": [-7.81, 9.75, 3.63],
					"scale": 0
				},
				"bolt": {
					"rotation": [0, 0, 0],
					"position": {
						"0.0": [0, 0, 4.5],
						"0.125": [0, 0, 0]
					}
				},
				"bullet3": {
					"rotation": {
						"0.0": {
							"post": [224.8, 70.88, -90.56],
							"lerp_mode": "catmullrom"
						}
					},
					"position": {
						"0.0": {
							"post": [-17.25, -8.37, 0],
							"lerp_mode": "catmullrom"
						}
					},
					"scale": 0
				},
				"bullet_head3": {
					"scale": 0
				},
				"bolt_front": {
					"rotation": {
						"0.0": [0, 0, 90],
						"0.2917": [0, 0, 90],
						"0.5": [0, 0, 0]
					}
				},
				"ammo2": {
					"scale": 0
				},
				"otherbullet": {
					"scale": 0
				},
				"iron_view": {
					"rotation": {
						"0.0": [0, 0, 0],
						"0.5833": [0, 0, 0],
						"0.875": [0, 0, 0]
					},
					"position": {
						"0.0": [8, 0, 0],
						"0.5833": [8, 0, 0],
						"0.875": [0, 0, 0]
					}
				}
			},
			"sound_effects": {
				"0.0417": {
					"effect": "tacz:ai_awp/awp_rechamber_in"
				}
			}
		},
		"static_idle_scope": {
			"loop": true,
			"animation_length": 0.0833,
			"bones": {
				"constraint": {
					"rotation": [0.1, 0.1, 0.1],
					"position": [0.1, 0.1, 0.4]
				},
				"righthand": {
					"rotation": [101.51712, 4.98455, -179.60671],
					"position": [-6.70625, -15.9625, 15.775],
					"scale": [1, 1.5, 1]
				},
				"lefthand": {
					"rotation": [108.80397, -30.60714, -142.6461],
					"position": [7.275, -14.375, 0.55],
					"scale": [1, 1.5, 1]
				},
				"otherbullet": {
					"scale": 0
				},
				"otherbullet2": {
					"scale": 0
				}
			}
		},
		"shoot": {
			"animation_length": 0.7,
			"bones": {
				"root": {
					"rotation": {
						"0.0": {
							"post": [0, 0, 0],
							"lerp_mode": "catmullrom"
						},
						"0.0333": {
							"post": [-5.355, 0.91406, 5],
							"lerp_mode": "catmullrom"
						},
						"0.0667": {
							"post": [-3.275, 0.96, 5.82],
							"lerp_mode": "catmullrom"
						},
						"0.1333": {
							"post": [-3.94, 0.89, 5.8875],
							"lerp_mode": "catmullrom"
						},
						"0.2333": [-3.105, 0.85, 4.85],
						"0.4667": {
							"pre": [0.63844, -0.46, -0.02844],
							"post": [0.63844, -0.46, -0.02844],
							"lerp_mode": "catmullrom"
						},
						"0.6333": {
							"post": [0.125, 0, 0],
							"lerp_mode": "catmullrom"
						},
						"0.9667": {
							"post": [0, 0, 0],
							"lerp_mode": "catmullrom"
						}
					},
					"position": {
						"0.0": {
							"post": [0, 0, 0],
							"lerp_mode": "catmullrom"
						},
						"0.0333": {
							"post": [-0.14453, 0.07422, 1.5],
							"lerp_mode": "catmullrom"
						},
						"0.1": {
							"post": [-0.14, 0.095, 1.5],
							"lerp_mode": "catmullrom"
						},
						"0.2333": {
							"post": [0, -0.1625, 0.02],
							"lerp_mode": "catmullrom"
						},
						"0.4667": {
							"post": [0, 0, 0],
							"lerp_mode": "catmullrom"
						}
					}
				},
				"constraint": {
					"rotation": {
						"0.0": [0.5, 0.5, 1],
						"0.5667": [0.5, 0.5, 1]
					},
					"position": {
						"0.0": [0.5, 0.5, 1],
						"0.5667": [0, 0, 0]
					}
				},
				"otherbullet": {
					"scale": 0
				},
				"otherbullet2": {
					"scale": 0
				}
			}
		},
		"put_away": {
			"animation_length": 0.4333,
			"bones": {
				"root": {
					"rotation": {
						"0.0": {
							"post": [0, 0, 0],
							"lerp_mode": "catmullrom"
						},
						"0.0667": {
							"post": [-0.51171, -3.6801, -4.19401],
							"lerp_mode": "catmullrom"
						},
						"0.1667": {
							"post": [4.36882, -11.73179, -10.29382],
							"lerp_mode": "catmullrom"
						},
						"0.2667": {
							"post": [16.99835, -17.70783, -19.61271],
							"lerp_mode": "catmullrom"
						},
						"0.3333": {
							"post": [22.5, -27.4, -9.02],
							"lerp_mode": "catmullrom"
						},
						"0.4333": {
							"post": [38.74, -37.82, -13.36],
							"lerp_mode": "catmullrom"
						}
					},
					"position": {
						"0.0": {
							"post": [0, 0, 0],
							"lerp_mode": "catmullrom"
						},
						"0.0667": {
							"post": [-0.45, -0.49, 0.28],
							"lerp_mode": "catmullrom"
						},
						"0.1667": {
							"post": [-0.67, -1.47, 0.34],
							"lerp_mode": "catmullrom"
						},
						"0.2667": {
							"post": [-0.435, -3.245, 0.06],
							"lerp_mode": "catmullrom"
						},
						"0.3333": {
							"post": [0.22, -5.38, -0.15],
							"lerp_mode": "catmullrom"
						},
						"0.4333": {
							"post": [1.49, -9.585, -0.36],
							"lerp_mode": "catmullrom"
						}
					}
				},
				"righthand": {
					"rotation": [101.51712, 4.98455, -179.60671],
					"position": [-6.70625, -15.9625, 15.775],
					"scale": [1, 1.5, 1]
				},
				"lefthand": {
					"rotation": {
						"0.0": [108.80397, -30.60714, -142.6461],
						"0.0667": [127.67152, -14.70086, -183.17363],
						"0.1333": [148.34013, 7.13088, -207.53996]
					},
					"position": {
						"0.0": [7.275, -14.375, 0.55],
						"0.0667": [8.04, -12.29, 1.99],
						"0.1333": [8.805, -12.2, -4.57],
						"0.1667": [8.81, -10.2, 0.43]
					},
					"scale": [1, 1.5, 1]
				},
				"camera": {
					"rotation": {
						"0.0": {
							"post": [0, 0, 0],
							"lerp_mode": "catmullrom"
						},
						"0.1": {
							"post": [0.3, 0, -0.125],
							"lerp_mode": "catmullrom"
						},
						"0.2667": {
							"post": [0.64, 0, 0.3],
							"lerp_mode": "catmullrom"
						},
						"0.3333": {
							"post": [0.5, 0, 0.15],
							"lerp_mode": "catmullrom"
						},
						"0.4333": {
							"post": [0, 0, 0],
							"lerp_mode": "catmullrom"
						}
					}
				}
			},
			"sound_effects": {
				"0.0": {
					"effect": "tacz:sks/sks_drop"
				}
			}
		},
		"inspect": {
			"animation_length": 4.6,
			"bones": {
				"root": {
					"rotation": {
						"0.0": {
							"post": [0, 0, 0],
							"lerp_mode": "catmullrom"
						},
						"0.2": {
							"post": [-15.30902, -2.26482, -10.8535],
							"lerp_mode": "catmullrom"
						},
						"0.3": {
							"post": [-19.87196, -3.17785, -17.95906],
							"lerp_mode": "catmullrom"
						},
						"0.4": {
							"post": [-21.02, -3.65, -14.43],
							"lerp_mode": "catmullrom"
						},
						"0.5": {
							"post": [-22.61825, -4.52968, -16.70733],
							"lerp_mode": "catmullrom"
						},
						"0.65": {
							"post": [-22.75, -4.41, -17.665],
							"lerp_mode": "catmullrom"
						},
						"0.85": {
							"post": [-22.62, -4.53, -17.96],
							"lerp_mode": "catmullrom"
						},
						"1.05": {
							"post": [-21.83419, -7.56045, -25.65573],
							"lerp_mode": "catmullrom"
						},
						"1.25": {
							"post": [-21.78, -7.76, -26.34],
							"lerp_mode": "catmullrom"
						},
						"1.5": {
							"post": [-21.78, -7.74, -26.81],
							"lerp_mode": "catmullrom"
						},
						"1.7": {
							"post": [-21.8, -7.68, -27.385],
							"lerp_mode": "catmullrom"
						},
						"2.0": {
							"post": [-21.83419, -7.56045, -25.65573],
							"lerp_mode": "catmullrom"
						},
						"2.1": {
							"post": [-21.83419, -7.56045, -14.65573],
							"lerp_mode": "catmullrom"
						},
						"2.3": {
							"post": [-24.9445, 7.90002, 43.15984],
							"lerp_mode": "catmullrom"
						},
						"2.4": {
							"post": [-24.9445, 7.90002, 59.65984],
							"lerp_mode": "catmullrom"
						},
						"2.55": {
							"post": [-24.95, 7.88, 61.47],
							"lerp_mode": "catmullrom"
						},
						"2.65": {
							"post": [-24.96, 7.86, 60.99],
							"lerp_mode": "catmullrom"
						},
						"2.9": {
							"post": [-25, 7.75, 61.77],
							"lerp_mode": "catmullrom"
						},
						"3.15": {
							"post": [-24.9445, 7.90002, 61.65984],
							"lerp_mode": "catmullrom"
						},
						"3.35": {
							"post": [-24.22873, 9.9815, 70.7622],
							"lerp_mode": "catmullrom"
						},
						"3.6": {
							"post": [-24.16, 10.35, 71.62],
							"lerp_mode": "catmullrom"
						},
						"3.85": {
							"post": [-23.86, 10.06, 70.09],
							"lerp_mode": "catmullrom"
						},
						"4.0": {
							"post": [-21.22873, 8.4815, 60.2622],
							"lerp_mode": "catmullrom"
						},
						"4.15": {
							"post": [-2.67436, -2.84081, 26.11685],
							"lerp_mode": "catmullrom"
						},
						"4.3": {
							"post": [2.37, -2.9, 0.4],
							"lerp_mode": "catmullrom"
						},
						"4.4": {
							"post": [0, 0, 1.25],
							"lerp_mode": "catmullrom"
						},
						"4.5": {
							"post": [0, 0, 0.5],
							"lerp_mode": "catmullrom"
						},
						"4.6": {
							"post": [0, 0, 0],
							"lerp_mode": "catmullrom"
						}
					},
					"position": {
						"0.0": {
							"post": [0, 0, 0],
							"lerp_mode": "catmullrom"
						},
						"0.2": {
							"post": [0.34, 0.6, -1.65],
							"lerp_mode": "catmullrom"
						},
						"0.3": {
							"post": [0.67385, 0.3, -0.8],
							"lerp_mode": "catmullrom"
						},
						"0.45": {
							"post": [0.67385, 0.4, -1],
							"lerp_mode": "catmullrom"
						},
						"2.05": {
							"post": [0.67385, 0.39886, -0.7],
							"lerp_mode": "catmullrom"
						},
						"2.4": {
							"post": [-1.07086, -0.3546, -1.4],
							"lerp_mode": "catmullrom"
						},
						"3.95": {
							"post": [-1.07086, -0.3546, -1.4],
							"lerp_mode": "catmullrom"
						},
						"4.3": {
							"post": [0, -0.3, -0.7],
							"lerp_mode": "catmullrom"
						},
						"4.45": {
							"post": [0.1, 0, 0.3],
							"lerp_mode": "catmullrom"
						},
						"4.55": {
							"post": [0, 0, 0],
							"lerp_mode": "catmullrom"
						}
					}
				},
				"otherbullet": {
					"scale": 0
				},
				"righthand": {
					"rotation": [101.51712, 4.98455, -179.60671],
					"position": [-6.70625, -15.9625, 15.775],
					"scale": [1, 1.5, 1]
				},
				"otherbullet2": {
					"scale": 0
				},
				"lefthand": {
					"rotation": [108.80397, -30.60714, -142.6461],
					"position": [7.275, -14.375, 0.55],
					"scale": [1, 1.5, 1]
				}
			},
			"sound_effects": {
				"0.0": {
					"effect": "tacz:m700/m700_inspect_up"
				},
				"2.0": {
					"effect": "tacz:m700/m700_inspect_rotate"
				},
				"3.05": {
					"effect": "tacz:m700/m700_reload_empty_rotate"
				},
				"3.8": {
					"effect": "tacz:m700/m700_inspect_end"
				}
			}
		},
		"inspect_empty": {
			"animation_length": 4.6,
			"bones": {
				"root": {
					"rotation": {
						"0.0": {
							"post": [0, 0, 0],
							"lerp_mode": "catmullrom"
						},
						"0.2": {
							"post": [-15.30902, -2.26482, -10.8535],
							"lerp_mode": "catmullrom"
						},
						"0.3": {
							"post": [-19.87196, -3.17785, -17.95906],
							"lerp_mode": "catmullrom"
						},
						"0.4": {
							"post": [-21.02, -3.65, -14.43],
							"lerp_mode": "catmullrom"
						},
						"0.5": {
							"post": [-22.61825, -4.52968, -16.70733],
							"lerp_mode": "catmullrom"
						},
						"0.65": {
							"post": [-22.75, -4.41, -17.665],
							"lerp_mode": "catmullrom"
						},
						"0.85": {
							"post": [-22.62, -4.53, -17.96],
							"lerp_mode": "catmullrom"
						},
						"1.05": {
							"post": [-21.83419, -7.56045, -25.65573],
							"lerp_mode": "catmullrom"
						},
						"1.25": {
							"post": [-21.78, -7.76, -26.34],
							"lerp_mode": "catmullrom"
						},
						"1.5": {
							"post": [-21.78, -7.74, -26.81],
							"lerp_mode": "catmullrom"
						},
						"1.7": {
							"post": [-21.8, -7.68, -27.385],
							"lerp_mode": "catmullrom"
						},
						"2.0": {
							"post": [-21.83419, -7.56045, -25.65573],
							"lerp_mode": "catmullrom"
						},
						"2.1": {
							"post": [-21.83419, -7.56045, -14.65573],
							"lerp_mode": "catmullrom"
						},
						"2.3": {
							"post": [-24.9445, 7.90002, 43.15984],
							"lerp_mode": "catmullrom"
						},
						"2.4": {
							"post": [-24.9445, 7.90002, 59.65984],
							"lerp_mode": "catmullrom"
						},
						"2.55": {
							"post": [-24.95, 7.88, 61.47],
							"lerp_mode": "catmullrom"
						},
						"2.65": {
							"post": [-24.96, 7.86, 60.99],
							"lerp_mode": "catmullrom"
						},
						"2.9": {
							"post": [-25, 7.75, 61.77],
							"lerp_mode": "catmullrom"
						},
						"3.15": {
							"post": [-24.9445, 7.90002, 61.65984],
							"lerp_mode": "catmullrom"
						},
						"3.35": {
							"post": [-24.22873, 9.9815, 70.7622],
							"lerp_mode": "catmullrom"
						},
						"3.6": {
							"post": [-24.16, 10.35, 71.62],
							"lerp_mode": "catmullrom"
						},
						"3.85": {
							"post": [-23.86, 10.06, 70.09],
							"lerp_mode": "catmullrom"
						},
						"4.0": {
							"post": [-21.22873, 8.4815, 60.2622],
							"lerp_mode": "catmullrom"
						},
						"4.15": {
							"post": [-2.67436, -2.84081, 26.11685],
							"lerp_mode": "catmullrom"
						},
						"4.3": {
							"post": [2.37, -2.9, 0.4],
							"lerp_mode": "catmullrom"
						},
						"4.4": {
							"post": [0, 0, 1.25],
							"lerp_mode": "catmullrom"
						},
						"4.5": {
							"post": [0, 0, 0.5],
							"lerp_mode": "catmullrom"
						},
						"4.6": {
							"post": [0, 0, 0],
							"lerp_mode": "catmullrom"
						}
					},
					"position": {
						"0.0": {
							"post": [0, 0, 0],
							"lerp_mode": "catmullrom"
						},
						"0.2": {
							"post": [0.34, 0.6, -1.65],
							"lerp_mode": "catmullrom"
						},
						"0.3": {
							"post": [0.67385, 0.3, -0.8],
							"lerp_mode": "catmullrom"
						},
						"0.45": {
							"post": [0.67385, 0.4, -1],
							"lerp_mode": "catmullrom"
						},
						"2.05": {
							"post": [0.67385, 0.39886, -0.7],
							"lerp_mode": "catmullrom"
						},
						"2.4": {
							"post": [-1.07086, -0.3546, -1.4],
							"lerp_mode": "catmullrom"
						},
						"3.95": {
							"post": [-1.07086, -0.3546, -1.4],
							"lerp_mode": "catmullrom"
						},
						"4.3": {
							"post": [0, -0.3, -0.7],
							"lerp_mode": "catmullrom"
						},
						"4.45": {
							"post": [0.1, 0, 0.3],
							"lerp_mode": "catmullrom"
						},
						"4.55": {
							"post": [0, 0, 0],
							"lerp_mode": "catmullrom"
						}
					}
				},
				"otherbullet": {
					"scale": 0
				},
				"righthand": {
					"rotation": [101.51712, 4.98455, -179.60671],
					"position": [-6.70625, -15.9625, 15.775],
					"scale": [1, 1.5, 1]
				},
				"otherbullet2": {
					"scale": 0
				},
				"lefthand": {
					"rotation": [108.80397, -30.60714, -142.6461],
					"position": [7.275, -14.375, 0.55],
					"scale": [1, 1.5, 1]
				}
			},
			"sound_effects": {
				"0.0": {
					"effect": "tacz:m700/m700_inspect_up"
				},
				"2.0": {
					"effect": "tacz:m700/m700_inspect_rotate"
				},
				"3.05": {
					"effect": "tacz:m700/m700_reload_empty_rotate"
				},
				"3.8": {
					"effect": "tacz:m700/m700_inspect_end"
				}
			}
		},
		"reload_start": {
			"loop": "hold_on_last_frame",
			"animation_length": 1.5417,
			"bones": {
				"righthand": {
					"rotation": {
						"0.0": [101.51712, 4.98455, -179.60671],
						"0.25": [100.83863, 6.33881, -186.51069],
						"0.5": [146.45715, 1.4237, -162.95726],
						"0.625": [171.45715, 1.4237, -162.95726],
						"0.7083": [171.45715, 1.4237, -162.95726],
						"1.0": [102.74121, -0.3413, -167.48596],
						"1.5417": [102.74, -0.34, -167.49]
					},
					"position": {
						"0.0": [-6.70625, -15.9625, 15.775],
						"0.25": [-10.0225, -6.335, 8.5825],
						"0.5": [-10.02, -1.34, 7.58],
						"0.625": [-10.02, -1.09, 12.83],
						"0.7083": [-10.02, -1.09, 12.83],
						"1.0": [-8.395, -11.9025, 9.6425],
						"1.5417": [-8.39, -11.9, 9.64]
					},
					"scale": {
						"0.0": [1, 1.5, 1],
						"1.5417": [1, 1.5, 1]
					}
				},
				"lefthand": {
					"rotation": {
						"0.0": [108.80397, -30.60714, -142.6461],
						"0.3333": [169.91058, -20.54, -189.33373],
						"0.7917": [169.91058, -20.54, -189.33373],
						"1.125": [95.22016, -48.85771, -125.22433],
						"1.5417": [95.22, -48.86, -125.22]
					},
					"position": {
						"0.0": [7.275, -14.375, 0.55],
						"0.3333": [6.655, -11.125, 8.1725],
						"0.7917": [6.655, -11.125, 8.1725],
						"1.125": [6.655, -13.75, 3.61],
						"1.5417": [6.66, -13.75, 3.61]
					},
					"scale": {
						"0.0": [1, 1.5, 1],
						"1.5417": [1, 1.5, 1]
					}
				},
				"root": {
					"rotation": {
						"0.0": [0, 0, 0],
						"0.2917": [-4.42234, -18.50988, -9.93393],
						"0.375": [-13.41063, -18.15968, -6.79775],
						"0.4583": [-12.79643, -14.56463, 9.06397],
						"0.5": [-11.51551, -13.58849, 13.21401],
						"0.5833": [-11.01495, -12.02279, 10.79865],
						"0.7083": [-33.3881, -10.8178, 0.03826],
						"0.875": {
							"pre": [-28.39, -10.82, 0.04],
							"post": [-28.39, -10.82, 0.04],
							"lerp_mode": "catmullrom"
						},
						"1.0833": {
							"post": [-13.3881, -10.8178, 0.03826],
							"lerp_mode": "catmullrom"
						},
						"1.5417": [-14.37349, -12.79407, -7.35366]
					},
					"position": {
						"0.0": [0, 0, 0],
						"0.2917": [2, -2, 0],
						"0.375": [2, -1.6875, 0],
						"0.5": [2, -0.4375, -0.375],
						"0.5833": [2, -0.44, -0.37],
						"0.7083": [2, -3.44, -0.37],
						"0.875": {
							"pre": [2, -3.44, -0.37],
							"post": [2, -3.44, -0.37],
							"lerp_mode": "catmullrom"
						},
						"1.0833": {
							"post": [2, -3.44, -0.37],
							"lerp_mode": "catmullrom"
						},
						"1.5417": [2, -3.0025, -0.37]
					},
					"scale": 1
				},
				"ammo_and_righthand": {
					"rotation": {
						"1.0833": [0, 0, 0],
						"1.5417": [0, 0, -11]
					},
					"position": {
						"0.0": [0, -8, 5],
						"1.0833": [0, -8, 5],
						"1.5417": [-1.1875, -3.625, 3.8125]
					},
					"scale": 1
				},
				"clip": {
					"scale": 0
				},
				"bolt": {
					"position": {
						"0.5": [0, 0, 0],
						"0.625": [0, 0, 4.5]
					}
				},
				"bullet3": {
					"rotation": {
						"0.625": {
							"pre": [0, 0, 0],
							"post": [0, 0, 0],
							"lerp_mode": "catmullrom"
						}
					},
					"position": {
						"0.625": {
							"pre": [0, 0, 0],
							"post": [0, 0, 0],
							"lerp_mode": "catmullrom"
						},
						"0.75": {
							"post": [0, -0.5625, 0],
							"lerp_mode": "catmullrom"
						}
					},
					"scale": {
						"0.75": {
							"pre": [1, 1, 1],
							"post": [0, 0, 0]
						}
					}
				},
				"bolt_front": {
					"rotation": {
						"0.375": [0, 0, 0],
						"0.5": [0, 0, 90]
					}
				},
				"ammo2": {
					"scale": {
						"0.0": [0, 0, 0],
						"0.75": {
							"pre": [0, 0, 0],
							"post": [1, 1, 1]
						}
					}
				},
				"otherbullet": {
					"scale": 0
				},
				"otherbullet2": {
					"scale": 0
				}
			},
			"sound_effects": {
				"0.0": {
					"effect": "tacz:ai_awp/awp_rechamber_out"
				}
			}
		},
		"reload_loop": {
			"loop": "hold_on_last_frame",
			"animation_length": 0.5417,
			"bones": {
				"righthand": {
					"rotation": {
						"0.0": [102.74, -0.34, -167.49],
						"0.2083": [102.74, -0.34, -167.49],
						"0.375": [103.09754, 13.30908, -164.34731],
						"0.5417": [102.74, -0.34, -167.49]
					},
					"position": {
						"0.0": [-9.39, -11.9, 12.64],
						"0.2083": [-8.39, -11.9, 9.64],
						"0.375": [-8.5775, -11.9, 9.64],
						"0.5417": [-9.39, -11.9, 12.64]
					},
					"scale": [1, 1.5, 1]
				},
				"lefthand": {
					"rotation": [95.22016, -48.85771, -125.22433],
					"position": [6.655, -13.75, 3.61],
					"scale": [1, 1.5, 1]
				},
				"root": {
					"rotation": {
						"0.0": [-14.37349, -12.79407, -7.35366],
						"0.2083": [-13.45726, -13.76489, -11.34077],
						"0.375": [-18.03, -13.16, -8.85],
						"0.5417": [-14.37349, -12.79407, -7.35366]
					},
					"position": {
						"0.0": [2, -3.0025, -0.37],
						"0.2083": [1.8125, -3.0025, -0.37],
						"0.375": [1.93, -3.8275, -0.37],
						"0.5417": [2, -3.0025, -0.37]
					}
				},
				"ammo_and_righthand": {
					"rotation": {
						"0.0": [0, -2.6, -11],
						"0.2083": [0, -13, -11],
						"0.375": [0, 0, 0],
						"0.5417": [0, -2.6, -11]
					},
					"position": {
						"0.0": [-1.19, -2.0275, 0.835],
						"0.2083": [-0.69, 0.3175, -0.19],
						"0.375": [0, 0, 0],
						"0.5417": [-1.19, -2.0275, 0.835]
					}
				},
				"clip": {
					"scale": 0
				},
				"bolt": {
					"position": [0, 0, 4.5]
				},
				"bullet3": {
					"scale": 0
				},
				"bolt_front": {
					"rotation": [0, 0, 90]
				},
				"ammo2": {
					"position": {
						"0.2083": [0, 0, 0],
						"0.375": {
							"pre": [0, -0.375, 0],
							"post": [0, 0, 0]
						}
					}
				},
				"otherbullet": {
					"scale": 0
				},
				"otherbullet2": {
					"scale": 0
				}
			},
			"sound_effects": {
				"0.2083": {
					"effect": "ww:kar98k/kar98kloop"
				}
			}
		},
		"reload_end": {
			"loop": "hold_on_last_frame",
			"animation_length": 1.1667,
			"bones": {
				"righthand": {
					"rotation": {
						"0.0": [102.74, -0.34, -167.49],
						"0.2917": [169.37403, 14.34191, -156.07899],
						"0.4167": [139.37, 14.34, -156.08],
						"0.5833": [139.37, 14.34, -156.08],
						"0.7917": [137.38258, 2.32683, -169.65488],
						"0.9167": [137.38258, 2.32683, -169.65488],
						"1.125": [101.51712, 4.98455, -179.60671]
					},
					"position": {
						"0.0": [-9.39, -11.9, 12.64],
						"0.2917": [-9.9575, -8.27, 17.89],
						"0.4167": [-9.96, -8.27, 12.89],
						"0.5833": [-9.96, -8.27, 12.89],
						"0.7917": [-10.3975, -13.3325, 12.89],
						"0.9167": [-10.3975, -13.3325, 12.89],
						"1.125": [-6.70625, -15.9625, 15.775]
					},
					"scale": [1, 1.5, 1]
				},
				"lefthand": {
					"rotation": {
						"0.0": [95.22016, -48.85771, -125.22433],
						"0.375": [95.22016, -48.85771, -125.22433],
						"0.6667": [108.80397, -30.60714, -142.6461]
					},
					"position": {
						"0.0": [6.655, -13.75, 3.61],
						"0.375": [6.655, -13.75, 3.61],
						"0.6667": [7.275, -14.375, 0.55]
					},
					"scale": [1, 1.5, 1]
				},
				"root": {
					"rotation": {
						"0.0": [-14.37349, -12.79407, -7.35366],
						"0.2917": [-9.33965, -13.25874, -3.57332],
						"0.4167": {
							"pre": [-4.18443, -8.32687, -4.39996],
							"post": [-4.18443, -8.32687, -4.39996],
							"lerp_mode": "catmullrom"
						},
						"0.5833": [-4.43715, -13.79776, 16.59478],
						"0.75": [3.17171, -11.73847, -14.67095],
						"0.7917": [4.4258, -11.37418, -19.29284],
						"1.1667": [0, 0, 0]
					},
					"position": {
						"0.0": [2, -3.0025, -0.37],
						"0.2917": [2, -2.625, 0.63],
						"0.4167": {
							"pre": [2, -2.62, -0.37],
							"post": [2, -2.62, -0.37],
							"lerp_mode": "catmullrom"
						},
						"0.5833": [2, -0.62, -0.37],
						"0.7917": [2, -1.12, 0.63],
						"1.1667": [0, 0, 0]
					}
				},
				"ammo_and_righthand": {
					"rotation": {
						"0.0": [0, -2.6, -11],
						"0.2917": [0, -2.6, -11]
					},
					"position": {
						"0.0": [-1.19, -2.0275, 0.835],
						"0.2917": [0, 0, 0]
					}
				},
				"clip": {
					"scale": 0
				},
				"bolt": {
					"position": {
						"0.0": [0, 0, 4.5],
						"0.2917": [0, 0, 4.5],
						"0.4167": [0, 0, 0]
					}
				},
				"bullet3": {
					"scale": 0
				},
				"bolt_front": {
					"rotation": {
						"0.0": [0, 0, 90],
						"0.5833": [0, 0, 90],
						"0.7917": [0, 0, 0]
					}
				},
				"ammo2": {
					"position": [0, 0, 0]
				},
				"otherbullet": {
					"scale": 0
				},
				"ammo": {
					"scale": {
						"0.0": {
							"pre": [1, 1, 1],
							"post": [0, 0, 0]
						}
					}
				},
				"otherbullet2": {
					"scale": 0
				}
			},
			"sound_effects": {
				"0.2917": {
					"effect": "tacz:ai_awp/awp_rechamber_in"
				}
			}
		},
		"static_bolt_caught": {
			"loop": true,
			"animation_length": 0.0833,
			"bones": {
				"constraint": {
					"rotation": [0.1, 0.1, 0.1],
					"position": [0.1, 0.1, 0.4]
				},
				"righthand": {
					"rotation": [101.51712, 4.98455, -179.60671],
					"position": [-6.70625, -15.9625, 15.775],
					"scale": [1, 1.5, 1]
				},
				"lefthand": {
					"rotation": [108.80397, -30.60714, -142.6461],
					"position": [7.275, -14.375, 0.55],
					"scale": [1, 1.5, 1]
				},
				"otherbullet": {
					"scale": 0
				},
				"otherbullet2": {
					"scale": 0
				}
			}
		},
		"reload_start_1round": {
			"loop": "hold_on_last_frame",
			"animation_length": 1.5417,
			"bones": {
				"righthand": {
					"rotation": {
						"0.0": [101.51712, 4.98455, -179.60671],
						"0.25": [100.83863, 6.33881, -186.51069],
						"0.5": [146.45715, 1.4237, -162.95726],
						"0.625": [171.45715, 1.4237, -162.95726],
						"0.7083": [171.45715, 1.4237, -162.95726],
						"1.0": [102.74121, -0.3413, -167.48596]
					},
					"position": {
						"0.0": [-6.70625, -15.9625, 15.775],
						"0.25": [-10.0225, -6.335, 8.5825],
						"0.5": [-10.02, -1.34, 7.58],
						"0.625": [-10.02, -1.09, 12.83],
						"0.7083": [-10.02, -1.09, 12.83],
						"1.0": [-8.395, -11.9025, 9.6425]
					},
					"scale": [1, 1.5, 1]
				},
				"lefthand": {
					"rotation": {
						"0.0": [108.80397, -30.60714, -142.6461],
						"0.3333": [169.91058, -20.54, -189.33373],
						"0.7917": [169.91058, -20.54, -189.33373],
						"1.125": [95.22016, -48.85771, -125.22433]
					},
					"position": {
						"0.0": [7.275, -14.375, 0.55],
						"0.3333": [6.655, -11.125, 8.1725],
						"0.7917": [6.655, -11.125, 8.1725],
						"1.125": [6.655, -13.75, 3.61]
					},
					"scale": [1, 1.5, 1]
				},
				"root": {
					"rotation": {
						"0.0": [0, 0, 0],
						"0.2917": [-4.42234, -18.50988, -9.93393],
						"0.375": [-13.41063, -18.15968, -6.79775],
						"0.4583": [-12.79643, -14.56463, 9.06397],
						"0.5": [-11.51551, -13.58849, 13.21401],
						"0.5833": [-11.01495, -12.02279, 10.79865],
						"0.7083": [-33.3881, -10.8178, 0.03826],
						"0.875": {
							"pre": [-28.39, -10.82, 0.04],
							"post": [-28.39, -10.82, 0.04],
							"lerp_mode": "catmullrom"
						},
						"1.0833": {
							"post": [-13.3881, -10.8178, 0.03826],
							"lerp_mode": "catmullrom"
						},
						"1.5417": [-14.37349, -12.79407, -7.35366]
					},
					"position": {
						"0.0": [0, 0, 0],
						"0.2917": [2, -2, 0],
						"0.375": [2, -1.6875, 0],
						"0.5": [2, -0.4375, -0.375],
						"0.5833": [2, -0.44, -0.37],
						"0.7083": [2, -3.44, -0.37],
						"0.875": {
							"pre": [2, -3.44, -0.37],
							"post": [2, -3.44, -0.37],
							"lerp_mode": "catmullrom"
						},
						"1.0833": {
							"post": [2, -3.44, -0.37],
							"lerp_mode": "catmullrom"
						},
						"1.5417": [2, -3.0025, -0.37]
					}
				},
				"ammo_and_righthand": {
					"rotation": {
						"1.0833": [0, 0, 0],
						"1.5417": [0, 0, -11]
					},
					"position": {
						"0.0": [0, -8, 5],
						"1.0833": [0, -8, 5],
						"1.5417": [-1.1875, -3.625, 3.8125]
					}
				},
				"clip": {
					"scale": 0
				},
				"bolt": {
					"position": {
						"0.5": [0, 0, 0],
						"0.625": [0, 0, 4.5]
					}
				},
				"bullet3": {
					"rotation": {
						"0.625": {
							"pre": [0, 0, 0],
							"post": [0, 0, 0],
							"lerp_mode": "catmullrom"
						}
					},
					"position": {
						"0.625": {
							"pre": [0, 0, 0],
							"post": [0, 0, 0],
							"lerp_mode": "catmullrom"
						},
						"0.75": {
							"post": [0, -0.5625, 0],
							"lerp_mode": "catmullrom"
						}
					},
					"scale": {
						"0.75": {
							"pre": [1, 1, 1],
							"post": [0, 0, 0]
						}
					}
				},
				"bolt_front": {
					"rotation": {
						"0.375": [0, 0, 0],
						"0.5": [0, 0, 90]
					}
				},
				"ammo2": {
					"scale": {
						"0.0": [0, 0, 0],
						"0.75": {
							"pre": [0, 0, 0],
							"post": [1, 1, 1]
						}
					}
				},
				"otherbullet": {
					"scale": 0
				},
				"otherbullet2": {
					"scale": 0
				}
			},
			"sound_effects": {
				"0.375": {
					"effect": "tacz:ai_awp/awp_rechamber_out"
				}
			}
		},
		"reload_start_empty": {
			"loop": "hold_on_last_frame",
			"animation_length": 1.5417,
			"bones": {
				"righthand": {
					"rotation": {
						"0.0": [101.51712, 4.98455, -179.60671],
						"0.25": [100.83863, 6.33881, -186.51069],
						"0.5": [146.45715, 1.4237, -162.95726],
						"0.625": [171.45715, 1.4237, -162.95726],
						"0.7083": [171.45715, 1.4237, -162.95726],
						"1.0": [102.74121, -0.3413, -167.48596]
					},
					"position": {
						"0.0": [-6.70625, -15.9625, 15.775],
						"0.25": [-10.0225, -6.335, 8.5825],
						"0.5": [-10.02, -1.34, 7.58],
						"0.625": [-10.02, -1.09, 12.83],
						"0.7083": [-10.02, -1.09, 12.83],
						"1.0": [-8.395, -11.9025, 9.6425]
					},
					"scale": [1, 1.5, 1]
				},
				"lefthand": {
					"rotation": {
						"0.0": [108.80397, -30.60714, -142.6461],
						"0.3333": [169.91058, -20.54, -189.33373],
						"0.7917": [169.91058, -20.54, -189.33373],
						"1.125": [95.22016, -48.85771, -125.22433]
					},
					"position": {
						"0.0": [7.275, -14.375, 0.55],
						"0.3333": [6.655, -11.125, 8.1725],
						"0.7917": [6.655, -11.125, 8.1725],
						"1.125": [6.655, -13.75, 3.61]
					},
					"scale": [1, 1.5, 1]
				},
				"root": {
					"rotation": {
						"0.0": [0, 0, 0],
						"0.2917": [-4.42234, -18.50988, -9.93393],
						"0.375": [-13.41063, -18.15968, -6.79775],
						"0.4583": [-12.79643, -14.56463, 9.06397],
						"0.5": [-11.51551, -13.58849, 13.21401],
						"0.5833": [-11.01495, -12.02279, 10.79865],
						"0.7083": [-33.3881, -10.8178, 0.03826],
						"0.875": {
							"pre": [-28.39, -10.82, 0.04],
							"post": [-28.39, -10.82, 0.04],
							"lerp_mode": "catmullrom"
						},
						"1.0833": {
							"post": [-13.3881, -10.8178, 0.03826],
							"lerp_mode": "catmullrom"
						},
						"1.5417": [-14.37349, -12.79407, -7.35366]
					},
					"position": {
						"0.0": [0, 0, 0],
						"0.2917": [2, -2, 0],
						"0.375": [2, -1.6875, 0],
						"0.5": [2, -0.4375, -0.375],
						"0.5833": [2, -0.44, -0.37],
						"0.7083": [2, -3.44, -0.37],
						"0.875": {
							"pre": [2, -3.44, -0.37],
							"post": [2, -3.44, -0.37],
							"lerp_mode": "catmullrom"
						},
						"1.0833": {
							"post": [2, -3.44, -0.37],
							"lerp_mode": "catmullrom"
						},
						"1.5417": [2, -3.0025, -0.37]
					}
				},
				"ammo_and_righthand": {
					"rotation": {
						"1.0833": [0, 0, 0],
						"1.5417": [0, 0, -11]
					},
					"position": {
						"0.0": [0, -8, 5],
						"1.0833": [0, -8, 5],
						"1.5417": [-1.1875, -3.625, 3.8125]
					}
				},
				"clip": {
					"scale": 0
				},
				"bolt": {
					"position": {
						"0.5": [0, 0, 0],
						"0.625": [0, 0, 4.5]
					}
				},
				"bullet3": {
					"rotation": {
						"0.625": {
							"pre": [0, 0, 0],
							"post": [0, 0, 0],
							"lerp_mode": "catmullrom"
						}
					},
					"position": {
						"0.625": {
							"pre": [0, 0, -8],
							"post": [0, 0, -8],
							"lerp_mode": "catmullrom"
						},
						"0.75": {
							"post": [0, -0.5625, 0],
							"lerp_mode": "catmullrom"
						}
					},
					"scale": {
						"0.75": {
							"pre": [1, 1, 1],
							"post": [0, 0, 0]
						}
					}
				},
				"bolt_front": {
					"rotation": {
						"0.375": [0, 0, 0],
						"0.5": [0, 0, 90]
					}
				},
				"ammo2": {
					"position": {
						"0.0": [0, 0, 0],
						"0.625": [0, 0, -7]
					},
					"scale": {
						"0.0": [0, 0, 0],
						"0.75": {
							"pre": [0, 0, 0],
							"post": [1, 1, 1]
						}
					}
				},
				"otherbullet": {
					"scale": 0
				},
				"otherbullet2": {
					"scale": 0
				}
			},
			"sound_effects": {
				"0.375": {
					"effect": "tacz:ai_awp/awp_rechamber_out"
				}
			}
		},
		"reload_loop_1round": {
			"loop": "hold_on_last_frame",
			"animation_length": 0.5417,
			"bones": {
				"righthand": {
					"rotation": {
						"0.0": [102.74, -0.34, -167.49],
						"0.2083": [102.74, -0.34, -167.49],
						"0.375": [103.09754, 13.30908, -164.34731],
						"0.5417": [102.74, -0.34, -167.49]
					},
					"position": {
						"0.0": [-9.39, -11.9, 12.64],
						"0.2083": [-8.39, -11.9, 9.64],
						"0.375": [-8.5775, -11.9, 9.64],
						"0.5417": [-9.39, -11.9, 12.64]
					},
					"scale": [1, 1.5, 1]
				},
				"lefthand": {
					"rotation": [95.22016, -48.85771, -125.22433],
					"position": [6.655, -13.75, 3.61],
					"scale": [1, 1.5, 1]
				},
				"root": {
					"rotation": {
						"0.0": [-14.37349, -12.79407, -7.35366],
						"0.2083": [-13.45726, -13.76489, -11.34077],
						"0.375": [-18.03, -13.16, -8.85],
						"0.5417": [-14.37349, -12.79407, -7.35366]
					},
					"position": {
						"0.0": [2, -3.0025, -0.37],
						"0.2083": [1.8125, -3.0025, -0.37],
						"0.375": [1.93, -3.8275, -0.37],
						"0.5417": [2, -3.0025, -0.37]
					}
				},
				"ammo_and_righthand": {
					"rotation": {
						"0.0": [0, -2.6, -11],
						"0.2083": [0, -13, -11],
						"0.375": [0, 0, 0],
						"0.5417": [0, -2.6, -11]
					},
					"position": {
						"0.0": [-1.19, -2.0275, 0.835],
						"0.2083": [-0.69, 0.3175, -0.19],
						"0.375": [0, 0, 0],
						"0.5417": [-1.19, -2.0275, 0.835]
					}
				},
				"clip": {
					"scale": 0
				},
				"bolt": {
					"position": [0, 0, 4.5]
				},
				"bullet3": {
					"position": {
						"0.0": [0, 0, 0],
						"0.0833": [0, 0, -5]
					},
					"scale": 0
				},
				"bolt_front": {
					"rotation": [0, 0, 90]
				},
				"ammo2": {
					"position": {
						"0.0": [0, 0, 0],
						"0.0833": [0, 0, -7],
						"0.2083": [0, 0, 0],
						"0.375": {
							"pre": [0, -0.375, 0],
							"post": [0, 0, 0]
						}
					}
				},
				"otherbullet": {
					"scale": 0
				},
				"otherbullet2": {
					"scale": 0
				}
			},
			"sound_effects": {
				"0.2083": {
					"effect": "ww:kar98k/kar98kloop"
				}
			}
		},
		"bolt_charge": {
			"animation_length": 0.9167,
			"bones": {
				"bolt_back": {
					"position": {
						"0.0": [0, 0, -0.48437],
						"0.7708": [0, 0, -0.48437],
						"0.9167": [0, 0, 0]
					}
				}
			}
		},
		"shoot_scope": {
			"animation_length": 0.7,
			"bones": {
				"root": {
					"rotation": {
						"0.0": {
							"post": [0, 0, 0],
							"lerp_mode": "catmullrom"
						},
						"0.0333": {
							"post": [-5.355, 0.91406, 5],
							"lerp_mode": "catmullrom"
						},
						"0.0667": {
							"post": [-3.275, 0.96, 5.82],
							"lerp_mode": "catmullrom"
						},
						"0.1333": {
							"post": [-3.94, 0.89, 5.8875],
							"lerp_mode": "catmullrom"
						},
						"0.2333": [-3.105, 0.85, 4.85],
						"0.4667": {
							"pre": [0.63844, -0.46, -0.02844],
							"post": [0.63844, -0.46, -0.02844],
							"lerp_mode": "catmullrom"
						},
						"0.6333": {
							"post": [0.125, 0, 0],
							"lerp_mode": "catmullrom"
						},
						"0.9667": {
							"post": [0, 0, 0],
							"lerp_mode": "catmullrom"
						}
					},
					"position": {
						"0.0": {
							"post": [0, 0, 0],
							"lerp_mode": "catmullrom"
						},
						"0.0333": {
							"post": [-0.14453, 0.07422, 1.5],
							"lerp_mode": "catmullrom"
						},
						"0.1": {
							"post": [-0.14, 0.095, 1.5],
							"lerp_mode": "catmullrom"
						},
						"0.2333": {
							"post": [0, -0.1625, 0.02],
							"lerp_mode": "catmullrom"
						},
						"0.4667": {
							"post": [0, 0, 0],
							"lerp_mode": "catmullrom"
						}
					}
				},
				"constraint": {
					"rotation": {
						"0.0": [0.5, 0.5, 1],
						"0.5667": [0.5, 0.5, 1]
					},
					"position": {
						"0.0": [0.5, 0.5, 1],
						"0.5667": [0, 0, 0]
					}
				},
				"otherbullet": {
					"scale": 0
				},
				"otherbullet2": {
					"scale": 0
				}
			}
		},
		"reload_start_empty2": {
			"loop": "hold_on_last_frame",
			"animation_length": 1.5417,
			"bones": {
				"righthand": {
					"rotation": {
						"0.0": [101.51712, 4.98455, -179.60671],
						"0.25": [100.83863, 6.33881, -186.51069],
						"0.5": [146.45715, 1.4237, -162.95726],
						"0.625": [171.45715, 1.4237, -162.95726],
						"0.7083": [171.45715, 1.4237, -162.95726],
						"1.0": [102.74121, -0.3413, -167.48596]
					},
					"position": {
						"0.0": [-6.70625, -15.9625, 15.775],
						"0.25": [-10.0225, -6.335, 8.5825],
						"0.5": [-10.02, -1.34, 7.58],
						"0.625": [-10.02, -1.09, 12.83],
						"0.7083": [-10.02, -1.09, 12.83],
						"1.0": [-8.395, -11.9025, 9.6425]
					},
					"scale": [1, 1.5, 1]
				},
				"lefthand": {
					"rotation": {
						"0.0": [108.80397, -30.60714, -142.6461],
						"0.3333": [169.91058, -20.54, -189.33373],
						"0.7917": [169.91058, -20.54, -189.33373],
						"1.125": [95.22016, -48.85771, -125.22433]
					},
					"position": {
						"0.0": [7.275, -14.375, 0.55],
						"0.3333": [6.655, -11.125, 8.1725],
						"0.7917": [6.655, -11.125, 8.1725],
						"1.125": [6.655, -13.75, 3.61]
					},
					"scale": [1, 1.5, 1]
				},
				"root": {
					"rotation": {
						"0.0": [0, 0, 0],
						"0.2917": [-4.42234, -18.50988, -9.93393],
						"0.375": [-13.41063, -18.15968, -6.79775],
						"0.4583": [-12.79643, -14.56463, 9.06397],
						"0.5": [-11.51551, -13.58849, 13.21401],
						"0.5833": [-11.01495, -12.02279, 10.79865],
						"0.7083": [-33.3881, -10.8178, 0.03826],
						"0.875": {
							"pre": [-28.39, -10.82, 0.04],
							"post": [-28.39, -10.82, 0.04],
							"lerp_mode": "catmullrom"
						},
						"1.0833": {
							"post": [-13.3881, -10.8178, 0.03826],
							"lerp_mode": "catmullrom"
						},
						"1.5417": [-14.37349, -12.79407, -7.35366]
					},
					"position": {
						"0.0": [0, 0, 0],
						"0.2917": [2, -2, 0],
						"0.375": [2, -1.6875, 0],
						"0.5": [2, -0.4375, -0.375],
						"0.5833": [2, -0.44, -0.37],
						"0.7083": [2, -3.44, -0.37],
						"0.875": {
							"pre": [2, -3.44, -0.37],
							"post": [2, -3.44, -0.37],
							"lerp_mode": "catmullrom"
						},
						"1.0833": {
							"post": [2, -3.44, -0.37],
							"lerp_mode": "catmullrom"
						},
						"1.5417": [2, -3.0025, -0.37]
					}
				},
				"ammo_and_righthand": {
					"rotation": {
						"1.0833": [0, 0, 0],
						"1.5417": [0, 0, -11]
					},
					"position": {
						"0.0": [0, -8, 5],
						"1.0833": [0, -8, 5],
						"1.5417": [-1.1875, -3.625, 3.8125]
					}
				},
				"clip": {
					"scale": 0
				},
				"bolt": {
					"position": {
						"0.5": [0, 0, 0],
						"0.625": [0, 0, 4.5]
					}
				},
				"bullet3": {
					"rotation": {
						"0.625": {
							"pre": [0, 0, 0],
							"post": [0, 0, 0],
							"lerp_mode": "catmullrom"
						}
					},
					"position": {
						"0.625": {
							"pre": [0, 0, 0],
							"post": [0, 0, 0],
							"lerp_mode": "catmullrom"
						},
						"0.75": {
							"post": [0, -0.5625, 0],
							"lerp_mode": "catmullrom"
						}
					},
					"scale": {
						"0.75": {
							"pre": [1, 1, 1],
							"post": [0, 0, 0]
						}
					}
				},
				"bolt_front": {
					"rotation": {
						"0.375": [0, 0, 0],
						"0.5": [0, 0, 90]
					}
				},
				"ammo2": {
					"scale": {
						"0.0": [0, 0, 0],
						"0.75": {
							"pre": [0, 0, 0],
							"post": [1, 1, 1]
						}
					}
				},
				"otherbullet": {
					"scale": 0
				},
				"otherbullet2": {
					"scale": 0
				}
			},
			"sound_effects": {
				"0.375": {
					"effect": "ww:kar98k/kar98kopen"
				}
			}
		},
		"bolt": {
			"loop": true,
			"animation_length": 1.3333,
			"bones": {
				"constraint": {
					"rotation": [0.1, 0.1, 0.1],
					"position": [0.1, 0.1, 0.4]
				},
				"righthand": {
					"rotation": [101.51712, 4.98455, -179.60671],
					"position": {
						"0.0": [-6.70625, -15.9625, 15.775],
						"0.2917": [-6.71, -15.96, 16.78],
						"0.3333": [-6.71, -15.96, 17.78],
						"0.375": [-6.71, -15.96, 17.78],
						"0.4167": [-6.71, -15.96, 19.78],
						"0.7083": [-6.71, -15.96, 19.78],
						"0.75": [-6.71, -15.96, 17.78],
						"0.7917": [-6.71, -15.96, 15.78]
					},
					"scale": [1, 1.5, 1]
				},
				"lefthand": {
					"rotation": [108.80397, -30.60714, -142.6461],
					"position": [7.275, -14.375, 0.55],
					"scale": [1, 1.5, 1]
				},
				"otherbullet": {
					"scale": 0
				},
				"otherbullet2": {
					"scale": 0
				},
				"righthand_pos": {
					"position": {
						"0.0": [0, 0, 0],
						"0.0417": [2, 1, 0],
						"0.125": [2, 2, -2],
						"0.1667": [3, 2, -4],
						"0.2083": [3, 2, -6],
						"0.25": [3, 2, -6],
						"0.2917": [3, 2, -6],
						"0.3333": [3, 2, -6],
						"0.375": [3, 2, -6],
						"0.4167": [3, 2, -6],
						"0.4583": [3, 2, -6],
						"0.5": [3, 2, -6],
						"0.5417": [3, 2, -6],
						"0.5833": [3, 2, -6],
						"0.625": [3, 2, -6],
						"0.6667": [3, 2, -6],
						"0.7083": [3, 2, -6],
						"0.75": [3, 2, -6],
						"0.7917": [3, 2, -6],
						"0.8333": [3, 2, -6],
						"0.875": [3, 2, -6],
						"0.9167": [3, 2, -4],
						"1.0833": [0, 0, 0]
					}
				},
				"bolt": {
					"position": {
						"0.0": [0, 0, 0],
						"0.2083": [0, 0, 0],
						"0.25": [0, 0, 0],
						"0.2917": [0, 0, 1],
						"0.3333": [0, 0, 2],
						"0.375": [0, 0, 2],
						"0.4167": [0, 0, 4],
						"0.7083": [0, 0, 4],
						"0.75": [0, 0, 2],
						"0.7917": [0, 0, 0]
					}
				},
				"bolt_front": {
					"rotation": {
						"0.0": [0, 0, 0],
						"0.0417": [0, 0, 0],
						"0.0833": [0, 0, 0],
						"0.125": [0, 0, 0],
						"0.1667": [0, 0, 42.5],
						"0.2083": [0, 0, 82.5],
						"0.875": [0, 0, 82.5],
						"0.9167": [0, 0, 45],
						"0.9583": [0, 0, 0]
					}
				}
			},
			"sound_effects": {
				"0.125": {
					"effect": "tacz:ai_awp/awp_rechamber_out"
				},
				"0.6667": {
					"effect": "tacz:ai_awp/awp_rechamber_in"
				}
			}
		},
		"bolt_scope": {
			"loop": true,
			"animation_length": 1.3333,
			"bones": {
				"constraint": {
					"rotation": [0.1, 0.1, 0.1],
					"position": [0.1, 0.1, 0.4]
				},
				"righthand": {
					"rotation": [101.51712, 4.98455, -179.60671],
					"position": {
						"0.0": [-6.70625, -15.9625, 15.775],
						"0.2917": [-6.71, -15.96, 16.78],
						"0.3333": [-6.71, -15.96, 17.78],
						"0.375": [-6.71, -15.96, 17.78],
						"0.4167": [-6.71, -15.96, 19.78],
						"0.7083": [-6.71, -15.96, 19.78],
						"0.75": [-6.71, -15.96, 17.78],
						"0.7917": [-6.71, -15.96, 15.78]
					},
					"scale": [1, 1.5, 1]
				},
				"lefthand": {
					"rotation": [108.80397, -30.60714, -142.6461],
					"position": [7.275, -14.375, 0.55],
					"scale": [1, 1.5, 1]
				},
				"otherbullet": {
					"scale": 0
				},
				"otherbullet2": {
					"scale": 0
				},
				"righthand_pos": {
					"position": {
						"0.0": [0, 0, 0],
						"0.0417": [2, 1, 0],
						"0.125": [2, 2, -2],
						"0.1667": [3, 2, -4],
						"0.2083": [3, 2, -6],
						"0.25": [3, 2, -6],
						"0.2917": [3, 2, -6],
						"0.3333": [3, 2, -6],
						"0.375": [3, 2, -6],
						"0.4167": [3, 2, -6],
						"0.4583": [3, 2, -6],
						"0.5": [3, 2, -6],
						"0.5417": [3, 2, -6],
						"0.5833": [3, 2, -6],
						"0.625": [3, 2, -6],
						"0.6667": [3, 2, -6],
						"0.7083": [3, 2, -6],
						"0.75": [3, 2, -6],
						"0.7917": [3, 2, -6],
						"0.8333": [3, 2, -6],
						"0.875": [3, 2, -6],
						"0.9167": [3, 2, -4],
						"1.0833": [0, 0, 0]
					}
				},
				"bolt": {
					"position": {
						"0.0": [0, 0, 0],
						"0.2083": [0, 0, 0],
						"0.25": [0, 0, 0],
						"0.2917": [0, 0, 1],
						"0.3333": [0, 0, 2],
						"0.375": [0, 0, 2],
						"0.4167": [0, 0, 4],
						"0.7083": [0, 0, 4],
						"0.75": [0, 0, 2],
						"0.7917": [0, 0, 0]
					}
				},
				"bolt_front": {
					"rotation": {
						"0.0": [0, 0, 0],
						"0.0417": [0, 0, 0],
						"0.0833": [0, 0, 0],
						"0.125": [0, 0, 0],
						"0.1667": [0, 0, 42.5],
						"0.2083": [0, 0, 82.5],
						"0.875": [0, 0, 82.5],
						"0.9167": [0, 0, 45],
						"0.9583": [0, 0, 0]
					}
				}
			},
			"sound_effects": {
				"0.125": {
					"effect": "tacz:ai_awp/awp_rechamber_out"
				},
				"0.6667": {
					"effect": "tacz:ai_awp/awp_rechamber_in"
				}
			}
		},
		"reload_clip": {
			"loop": "hold_on_last_frame",
			"animation_length": 1.625,
			"bones": {
				"constraint": {
					"rotation": {
						"0.0": [1, 1, 1],
						"1.625": [1, 1, 1]
					},
					"position": {
						"0.0": [1, 1, 1],
						"1.625": [1, 1, 1]
					},
					"scale": 1
				},
				"righthand": {
					"rotation": {
						"0.0": [102.74, -0.34, -167.49],
						"0.2917": [102.74, -0.34, -167.49],
						"0.4167": [125.96034, 20.30193, -164.32645],
						"0.6667": [125.96, 20.3, -164.33],
						"0.7917": [132.11595, 19.79617, -140.19271],
						"0.9583": [135.11684, 27.05073, -132.67597],
						"1.0833": [138.94648, 33.19526, -125.06438],
						"1.1667": [144.73103, 24.78094, -119.81284],
						"1.2917": [179.74354, 17.78102, -119.77842],
						"1.4583": [172.91519, 16.35253, -142.75752],
						"1.625": [169.37403, 14.34191, -156.07899]
					},
					"position": {
						"0.0": [-8.39, -11.9, 9.64],
						"0.2917": [-8.02, -11.21, 9.64],
						"0.4167": [-8.52, -11.21, 8.64],
						"0.6667": [-8.52, -11.21, 8.64],
						"0.7917": [-8.52, -11.21, 8.9525],
						"0.9583": [-8.52, -10.835, 8.7625],
						"1.0833": [-8.52, -11.085, 8.7625],
						"1.1667": [-8.52, -10.2725, 8.9525],
						"1.2917": [-10.52, -8.2725, 12.9525],
						"1.4583": [-10.52, -8.2725, 13.64],
						"1.625": [-9.9575, -8.27, 17.89]
					},
					"scale": [1, 1.5, 1]
				},
				"lefthand": {
					"rotation": {
						"0.0": [95.22, -48.86, -125.22],
						"0.125": [95.22016, -48.85771, -125.22433],
						"1.0833": [105.41, -35.17, -138.29],
						"1.625": [95.22, -48.86, -125.22]
					},
					"position": {
						"0.0": [6.66, -13.75, 3.61],
						"0.125": [6.655, -13.75, 3.61],
						"1.0833": [7.12, -14.22, 1.31],
						"1.625": [6.66, -13.75, 3.61]
					},
					"scale": {
						"0.0": [1, 1.5, 1],
						"1.625": [1, 1.5, 1]
					}
				},
				"root": {
					"rotation": {
						"0.0": [-14.37349, -12.79407, -7.35366],
						"0.625": [-14.37349, -12.79407, -7.35366],
						"0.6667": [-13.92116, -13.28305, -9.33956],
						"0.7917": {
							"pre": [-12.21379, -13.99335, -12.33887],
							"post": [-12.21379, -13.99335, -12.33887],
							"lerp_mode": "catmullrom"
						},
						"0.9583": [-16.21806, -15.15269, -16.29457],
						"1.1667": [-13.71193, -14.98432, -16.34158],
						"1.2917": {
							"pre": [-12.91712, -9.43602, 3.33132],
							"post": [-12.91712, -9.43602, 3.33132],
							"lerp_mode": "catmullrom"
						},
						"1.625": [-9.33965, -13.25874, -3.57332]
					},
					"position": {
						"0.0": [2, -3.0025, -0.37],
						"0.625": [2, -3.0025, -0.37],
						"0.6667": [2, -3, -0.37],
						"0.7917": {
							"pre": [2, -2.875, -0.37],
							"post": [2, -2.875, -0.37],
							"lerp_mode": "catmullrom"
						},
						"0.9583": [2, -5.1875, -0.37],
						"1.1667": [2, -4.1875, -0.37],
						"1.2917": {
							"pre": [2, -4.1875, -0.37],
							"post": [2, -4.1875, -0.37],
							"lerp_mode": "catmullrom"
						},
						"1.625": [2, -2.625, 0.63]
					},
					"scale": 1
				},
				"ammo_and_righthand": {
					"rotation": {
						"0.0": [0, 0, -11],
						"0.2917": [0, 0, -33],
						"0.5": [0, 0, -22],
						"0.5417": [0, 0, -22],
						"0.6667": [0, 0, 0],
						"0.7917": [0, 0, 0],
						"0.9583": [0, 0, 0],
						"1.625": [0, 0, 0]
					},
					"position": {
						"0.0": [-1.1875, -3.625, 3.8125],
						"0.2917": [-5.6875, -3, 0],
						"0.5": [-0.8125, 3, 0],
						"0.5417": [-0.5, 3, 0],
						"0.6667": [0, 2.5625, 0],
						"0.7917": [0, 2.5625, 0],
						"0.9583": [0, 0, 0],
						"1.625": [0, 0, 0]
					},
					"scale": 1
				},
				"clip": {
					"rotation": {
						"0.0": [0, 0, 0],
						"1.1667": [0, 0, 0],
						"1.3333": [-125.7367, 15.18892, -54.33217],
						"1.625": [-125.74, 15.19, -54.33]
					},
					"position": {
						"0.0": [0, -0.44, 0],
						"0.7917": [0, -0.4375, 0],
						"0.9583": [0, 2.5625, 0],
						"1.1667": [0, 2.5625, 0],
						"1.3333": [-7.8125, 9.75, 3.625],
						"1.625": [-7.81, 9.75, 3.63]
					},
					"scale": {
						"0.0": [1, 1, 1],
						"1.3333": {
							"pre": [1, 1, 1],
							"post": [0, 0, 0]
						},
						"1.625": [0, 0, 0]
					}
				},
				"bolt": {
					"rotation": [0, 0, 0],
					"position": {
						"0.0": [0, 0, 4.5],
						"1.625": [0, 0, 4.5]
					},
					"scale": 1
				},
				"bullet3": {
					"rotation": {
						"0.0": {
							"post": [224.8, 70.88, -90.56],
							"lerp_mode": "catmullrom"
						},
						"1.625": {
							"post": [224.8, 70.88, -90.56],
							"lerp_mode": "catmullrom"
						}
					},
					"position": {
						"0.0": {
							"post": [-17.25, -8.37, 0],
							"lerp_mode": "catmullrom"
						},
						"1.625": {
							"post": [-17.25, -8.37, 0],
							"lerp_mode": "catmullrom"
						}
					},
					"scale": {
						"0.0": [0, 0, 0],
						"1.625": [0, 0, 0]
					}
				},
				"bullet_head3": {
					"scale": 1
				},
				"bolt_front": {
					"rotation": [0, 0, 90]
				},
				"ammo2": {
					"scale": 1
				},
				"otherbullet": {
					"scale": {
						"0.875": [1, 1, 1],
						"0.9167": [0, 0, 0],
						"1.625": [0, 0, 0]
					}
				},
				"iron_view": {
					"rotation": {
						"0.0": [0, 0, 0],
						"1.625": [0, 0, 0]
					},
					"position": {
						"0.0": [8, 0, 0],
						"1.625": [8, 0, 0]
					}
				},
				"allbullet2": {
					"scale": 0
				}
			},
			"sound_effects": {
				"0.7917": {
					"effect": "ww:mosin/mosin_clip"
				}
			}
		}
	}
}