{
	"format_version": "1.8.0",
	"animations": {
		"static_idle": {
			"loop": true,
			"animation_length": 0.4,
			"bones": {
				"righthand": {
					"rotation": [94.51712, 4.98455, -179.60671],
					"position": [-6.70625, -12.4, 3.4],
					"scale": [1, 1.75, 1]
				},
				"lefthand": {
					"rotation": [88.01012, -40.23446, -160.19939],
					"position": [6.025, -10.5, -12.2],
					"scale": [1, 1.75, 1]
				},
				"constraint": {
					"rotation": [0.1, 0.1, 0.1],
					"position": [0.1, 0.1, 0.4]
				},
				"magazine": {
					"position": [0, 0, 4]
				},
				"gun": {
					"position": [0, 0, 4]
				}
			}
		},
		"static_bolt_caught": {
			"animation_length": 0.45,
			"bones": {
				"bullet": {
					"scale": 0
				},
				"bolt": {
					"position": [0, 0, -3]
				}
			}
		},
		"draw": {
			"animation_length": 0.95,
			"bones": {
				"righthand": {
					"rotation": [94.51712, 4.98455, -179.60671],
					"position": [-6.70625, -12.4, 3.4],
					"scale": [1, 1.75, 1]
				},
				"lefthand": {
					"rotation": [88.01012, -40.23446, -160.19939],
					"position": [6.025, -10.5, -12.2],
					"scale": [1, 1.75, 1]
				},
				"root": {
					"rotation": {
						"0.0": {
							"post": [42.57929, -37.55577, -0.08401],
							"lerp_mode": "catmullrom"
						},
						"0.2": {
							"post": [24.01193, -29.89831, -5.38555],
							"lerp_mode": "catmullrom"
						},
						"0.3": {
							"post": [-3.04998, -9.12352, 1.70645],
							"lerp_mode": "catmullrom"
						},
						"0.5": {
							"post": [-1.46, 0.47, -1.3],
							"lerp_mode": "catmullrom"
						},
						"0.6": {
							"post": [-0.55, -0.01, 0.82],
							"lerp_mode": "catmullrom"
						},
						"0.75": {
							"post": [0, 0, -0.3],
							"lerp_mode": "catmullrom"
						},
						"0.9": {
							"post": [0, 0, 0],
							"lerp_mode": "catmullrom"
						}
					},
					"position": {
						"0.0": {
							"post": [3.3, -17, 5.7],
							"lerp_mode": "catmullrom"
						},
						"0.2": {
							"post": [1.18, -6.07, -2.76],
							"lerp_mode": "catmullrom"
						},
						"0.45": {
							"post": [0.41, -0.67, -0.3],
							"lerp_mode": "catmullrom"
						},
						"0.55": {
							"post": [0.17, 0, 0.29938],
							"lerp_mode": "catmullrom"
						},
						"0.6": {
							"post": [0.1, 0, 0.6],
							"lerp_mode": "catmullrom"
						},
						"0.7": {
							"post": [0.03, 0.04, -0.06188],
							"lerp_mode": "catmullrom"
						},
						"0.8": {
							"post": [0, 0, 0],
							"lerp_mode": "catmullrom"
						},
						"0.9": {
							"post": [0, 0, 0],
							"lerp_mode": "catmullrom"
						}
					}
				},
				"camera": {
					"rotation": {
						"0.0": {
							"post": [0, 0, 0],
							"lerp_mode": "catmullrom"
						},
						"0.2": {
							"post": [0.89297, -0.12891, 0.44141],
							"lerp_mode": "catmullrom"
						},
						"0.35": {
							"post": [0.94297, -0.19141, 0.44531],
							"lerp_mode": "catmullrom"
						},
						"0.55": {
							"post": [-0.1, 0.01953, -0.25391],
							"lerp_mode": "catmullrom"
						},
						"0.65": {
							"post": [0.1, 0.01953, 0.27344],
							"lerp_mode": "catmullrom"
						},
						"0.8": {
							"post": [-0.0375, 0.01953, -0.01953],
							"lerp_mode": "catmullrom"
						},
						"0.95": {
							"post": [0, 0, 0],
							"lerp_mode": "catmullrom"
						}
					}
				}
			},
			"sound_effects": {
				"0.1": {
					"effect": "aa12_raise"
				}
			}
		},
		"put_away": {
			"animation_length": 0.6,
			"bones": {
				"righthand": {
					"rotation": [94.51712, 4.98455, -179.60671],
					"position": [-6.70625, -12.4, 3.4],
					"scale": [1, 1.75, 1]
				},
				"lefthand": {
					"rotation": {
						"0.0": [88.01012, -40.23446, -160.19939],
						"0.2": [112.81797, -22.00113, -177.77512]
					},
					"position": {
						"0.0": [6.025, -10.5, -12.2],
						"0.1": [9.07, -9.22, -5.17],
						"0.2": [9.005, -7.65, -4.15]
					},
					"scale": [1, 1.75, 1]
				},
				"root": {
					"rotation": {
						"0.0": {
							"post": [0, 0, 0],
							"lerp_mode": "catmullrom"
						},
						"0.05": {
							"post": [-0.51171, -3.6801, -4.19401],
							"lerp_mode": "catmullrom"
						},
						"0.2": {
							"post": [4.36882, -11.73179, -10.29382],
							"lerp_mode": "catmullrom"
						},
						"0.35": {
							"post": [11.60471, -21.56305, -3.66288],
							"lerp_mode": "catmullrom"
						},
						"0.45": {
							"post": [16.97, -33.62, 3.38],
							"lerp_mode": "catmullrom"
						},
						"0.6": {
							"post": [34.73, -44.04, -3.09],
							"lerp_mode": "catmullrom"
						}
					},
					"position": {
						"0.0": {
							"post": [0, 0, 0],
							"lerp_mode": "catmullrom"
						},
						"0.05": {
							"post": [0, -0.49, -0.02],
							"lerp_mode": "catmullrom"
						},
						"0.2": {
							"post": [-0.52, -1.47, -0.56],
							"lerp_mode": "catmullrom"
						},
						"0.35": {
							"post": [-0.36, -2.92, -0.84],
							"lerp_mode": "catmullrom"
						},
						"0.45": {
							"post": [0.13, -5.86, -0.16],
							"lerp_mode": "catmullrom"
						},
						"0.6": {
							"post": [1.72, -9.68, 0.16],
							"lerp_mode": "catmullrom"
						}
					}
				},
				"camera": {
					"rotation": {
						"0.0": {
							"post": [0, 0, 0],
							"lerp_mode": "catmullrom"
						},
						"0.2": {
							"post": [0.35, 0.025, -0.225],
							"lerp_mode": "catmullrom"
						},
						"0.4": {
							"post": [0.1, 0.025, 0.075],
							"lerp_mode": "catmullrom"
						},
						"0.6": {
							"post": [0, 0, 0],
							"lerp_mode": "catmullrom"
						}
					}
				}
			},
			"sound_effects": {
				"0.15": {
					"effect": "aa12_drop"
				}
			}
		},
		"reload_tactical": {
			"animation_length": 3.25,
			"bones": {
				"righthand": {
					"rotation": [94.51712, 4.98455, -179.60671],
					"position": [-6.70625, -12.4, 3.4],
					"scale": [1, 1.75, 1]
				},
				"lefthand": {
					"rotation": {
						"0.0": [88.01012, -40.23446, -160.19939],
						"0.1": [88.01012, -40.23446, -160.19939],
						"0.2": {
							"pre": [90.8048, -31.27324, -131.00752],
							"post": [90.8048, -31.27324, -131.00752],
							"lerp_mode": "catmullrom"
						},
						"0.35": {
							"post": [118.49093, -23.96373, -176.7233],
							"lerp_mode": "catmullrom"
						},
						"0.5": [106.56923, -7.85181, -193.84542],
						"0.6": [106.56923, -7.85181, -193.84542],
						"0.7": [106.56923, -7.85181, -193.84542],
						"0.85": [106.56923, -7.85181, -193.84542],
						"1.7": {
							"pre": [104.99, -6.91, -195.53],
							"post": [104.99, -6.91, -195.53],
							"lerp_mode": "catmullrom"
						},
						"1.85": {
							"post": [110.28021, -42.51898, -208.67734],
							"lerp_mode": "catmullrom"
						},
						"2.0": {
							"post": [110.31599, -34.66734, -218.44448],
							"lerp_mode": "catmullrom"
						},
						"2.1": {
							"post": [108.25456, -32.79464, -204.78161],
							"lerp_mode": "catmullrom"
						},
						"2.25": {
							"post": [109.50334, -32.83852, -205.34122],
							"lerp_mode": "catmullrom"
						},
						"2.35": [129.74122, -28.25695, -209.97569],
						"2.45": [128.18542, -24.36787, -206.46872],
						"2.6": {
							"pre": [87.50262, -23.99609, -138.61183],
							"post": [87.50262, -23.99609, -138.61183],
							"lerp_mode": "catmullrom"
						},
						"2.7": [88.01012, -40.23446, -160.19939],
						"2.8": [88.01012, -40.23446, -160.19939]
					},
					"position": {
						"0.0": [6.025, -10.5, -12.2],
						"0.1": [6.025, -10.5, -5.2],
						"0.4": {
							"pre": [8.83971, -14.39591, -0.7183],
							"post": [8.83971, -14.39591, -0.7183],
							"lerp_mode": "catmullrom"
						},
						"0.55": [8.38365, -13.93931, -0.56864],
						"0.6": [8.38365, -13.93931, 0.43136],
						"0.65": [8.38, -13.94, -0.57],
						"0.7": [8.38365, -13.93931, -0.56864],
						"0.85": {
							"pre": [8.38, -22.54, -0.57],
							"post": [8.38, -22.54, -0.57],
							"lerp_mode": "catmullrom"
						},
						"1.0": {
							"post": [10.11, -25.85, 0.03],
							"lerp_mode": "catmullrom"
						},
						"1.15": {
							"post": [8.38, -30.84, 5.23],
							"lerp_mode": "catmullrom"
						},
						"1.45": {
							"post": [8.38, -35.04, 8.13],
							"lerp_mode": "catmullrom"
						},
						"1.7": {
							"post": [7.98, -33.64, 2.73],
							"lerp_mode": "catmullrom"
						},
						"1.75": {
							"post": [6.16, -28.9, 1.16],
							"lerp_mode": "catmullrom"
						},
						"1.85": {
							"post": [6.16, -17.9, -1.84],
							"lerp_mode": "catmullrom"
						},
						"1.9": [7.72, -18.525, -1.1],
						"2.0": {
							"pre": [8.07, -17.2, -1.1],
							"post": [8.07, -17.2, -1.1],
							"lerp_mode": "catmullrom"
						},
						"2.05": {
							"post": [7.15, -16.23, -1.06],
							"lerp_mode": "catmullrom"
						},
						"2.1": {
							"post": [7.29, -16.83, -1.08],
							"lerp_mode": "catmullrom"
						},
						"2.2": [7.1, -15.67187, -1.04],
						"2.25": [7.08, -14.75562, -0.87],
						"2.35": [7.28, -14.14, -0.77],
						"2.45": [7.28, -14.14, -0.77],
						"2.6": {
							"pre": [8.64, -11.82, -6.34],
							"post": [8.64, -11.82, -6.34],
							"lerp_mode": "catmullrom"
						},
						"2.7": [6.025, -10.5, -8.2],
						"2.8": [6.025, -10.5, -12.2]
					},
					"scale": [1, 1.75, 1]
				},
				"root": {
					"rotation": {
						"0.0": {
							"post": [0, 0, 0],
							"lerp_mode": "catmullrom"
						},
						"0.1": {
							"post": [-2.26525, -2.37715, -5.04106],
							"lerp_mode": "catmullrom"
						},
						"0.3": {
							"post": [-13.34898, -0.63534, -29.48993],
							"lerp_mode": "catmullrom"
						},
						"0.4": {
							"post": [-14.30797, -1.31435, -28.46174],
							"lerp_mode": "catmullrom"
						},
						"0.5": {
							"post": [-14.35415, -1.25247, -30.51516],
							"lerp_mode": "catmullrom"
						},
						"0.6": {
							"post": [-15.05, -2.07828, -29.78],
							"lerp_mode": "catmullrom"
						},
						"0.7": {
							"post": [-16.71249, -4.04284, -31.45875],
							"lerp_mode": "catmullrom"
						},
						"0.8": {
							"post": [-17.77, -4.10828, -35.83],
							"lerp_mode": "catmullrom"
						},
						"0.9": {
							"post": [-17.72867, -3.92054, -32.45978],
							"lerp_mode": "catmullrom"
						},
						"1.0": {
							"post": [-17.43, -3.85828, -33.99],
							"lerp_mode": "catmullrom"
						},
						"1.1": {
							"post": [-16.83, -3.82828, -35.24],
							"lerp_mode": "catmullrom"
						},
						"1.3": {
							"post": [-16.75747, -3.10868, -35.18341],
							"lerp_mode": "catmullrom"
						},
						"1.5": {
							"post": [-18.34, -3.15703, -34.44],
							"lerp_mode": "catmullrom"
						},
						"1.7": {
							"post": [-19.01, -5.25703, -35.87],
							"lerp_mode": "catmullrom"
						},
						"1.85": {
							"post": [-19.00565, -5.03644, -37.49036],
							"lerp_mode": "catmullrom"
						},
						"1.95": {
							"post": [-20.42, -3.94703, -35.02],
							"lerp_mode": "catmullrom"
						},
						"2.05": {
							"post": [-20.51272, -3.25081, -36.33603],
							"lerp_mode": "catmullrom"
						},
						"2.2": {
							"post": [-19.88, -3.28703, -36.41],
							"lerp_mode": "catmullrom"
						},
						"2.3": {
							"post": [-19.42, -3.39703, -38.19],
							"lerp_mode": "catmullrom"
						},
						"2.35": {
							"post": [-19.2, -3.65703, -35.42],
							"lerp_mode": "catmullrom"
						},
						"2.4": {
							"post": [-20.43386, -2.85383, -35.8955],
							"lerp_mode": "catmullrom"
						},
						"2.45": {
							"post": [-18.93009, -4.62747, -37.24338],
							"lerp_mode": "catmullrom"
						},
						"2.55": {
							"post": [-14.39944, -3.25081, -27.73603],
							"lerp_mode": "catmullrom"
						},
						"2.65": {
							"post": [-3.21178, -0.31007, -3.2743],
							"lerp_mode": "catmullrom"
						},
						"2.8": {
							"post": [1.63475, 1.30484, 2.98881],
							"lerp_mode": "catmullrom"
						},
						"2.95": {
							"post": [0.60157, -0.76065, 0.92954],
							"lerp_mode": "catmullrom"
						},
						"3.0": {
							"post": [-1.09609, -0.51, 0.0475],
							"lerp_mode": "catmullrom"
						},
						"3.05": {
							"post": [-1.74609, 0, 1.08516],
							"lerp_mode": "catmullrom"
						},
						"3.15": {
							"post": [-0.2, 0, -0.09844],
							"lerp_mode": "catmullrom"
						},
						"3.25": {
							"post": [0, 0, 0],
							"lerp_mode": "catmullrom"
						}
					},
					"position": {
						"0.0": {
							"post": [0, 0, 0],
							"lerp_mode": "catmullrom"
						},
						"0.1": {
							"post": [0.31, -0.16625, -0.98],
							"lerp_mode": "catmullrom"
						},
						"0.25": {
							"post": [0.69729, -0.08395, -1.7],
							"lerp_mode": "catmullrom"
						},
						"0.35": {
							"post": [0.76538, 0.53752, -0.65],
							"lerp_mode": "catmullrom"
						},
						"0.45": {
							"post": [0.76538, 0.56799, 0.075],
							"lerp_mode": "catmullrom"
						},
						"0.6": {
							"post": [0.76409, 0.28728, -0.01],
							"lerp_mode": "catmullrom"
						},
						"0.75": {
							"post": [0.8, 0.06, -0.01],
							"lerp_mode": "catmullrom"
						},
						"0.8": {
							"post": [1.16216, -0.3007, 0],
							"lerp_mode": "catmullrom"
						},
						"0.95": {
							"post": [0.32922, 0.56157, 0.01],
							"lerp_mode": "catmullrom"
						},
						"1.15": {
							"post": [0.36682, 0.03011, 0],
							"lerp_mode": "catmullrom"
						},
						"1.25": {
							"post": [0.4642, -0.07667, 0.02031],
							"lerp_mode": "catmullrom"
						},
						"1.45": {
							"post": [0.87795, 0.15254, -0.04422],
							"lerp_mode": "catmullrom"
						},
						"1.6": {
							"post": [0.94795, 0.33832, 0],
							"lerp_mode": "catmullrom"
						},
						"1.85": {
							"post": [0.95666, 0.40277, 0],
							"lerp_mode": "catmullrom"
						},
						"2.0": {
							"post": [1.14281, 0.49453, 0],
							"lerp_mode": "catmullrom"
						},
						"2.25": {
							"post": [1.16, 0.58, 0],
							"lerp_mode": "catmullrom"
						},
						"2.35": {
							"post": [1.58, -0.27734, 0.02],
							"lerp_mode": "catmullrom"
						},
						"2.45": {
							"post": [1.5253, 0.14457, 0],
							"lerp_mode": "catmullrom"
						},
						"2.65": {
							"post": [-0.58906, -0.87328, -0.8475],
							"lerp_mode": "catmullrom"
						},
						"2.75": {
							"post": [-0.42, -0.42, -0.92],
							"lerp_mode": "catmullrom"
						},
						"2.85": {
							"post": [-0.1, -0.27, -0.50094],
							"lerp_mode": "catmullrom"
						},
						"2.95": {
							"post": [0, 0, 0.36719],
							"lerp_mode": "catmullrom"
						},
						"3.05": {
							"post": [0, 0, -0.23437],
							"lerp_mode": "catmullrom"
						},
						"3.2": {
							"post": [0, 0, 0],
							"lerp_mode": "catmullrom"
						}
					}
				},
				"magazine_and_bullet": {
					"rotation": {
						"0.7": {
							"pre": [0, 0, 0],
							"post": [0, 0, 0],
							"lerp_mode": "catmullrom"
						},
						"0.85": {
							"post": [0, 0, 0],
							"lerp_mode": "catmullrom"
						},
						"1.05": {
							"post": [13, 0, -16],
							"lerp_mode": "catmullrom"
						},
						"1.2": {
							"post": [0, 0, 11],
							"lerp_mode": "catmullrom"
						},
						"1.65": {
							"post": [0, 0, 11],
							"lerp_mode": "catmullrom"
						},
						"1.85": [-4.97275, 0.52199, 1.97733],
						"2.0": [-5.75048, -0.69419, -9.56291],
						"2.1": [-4.67, 0, -1.33],
						"2.25": [0, 0, 0],
						"2.35": [0, 0, 0]
					},
					"position": {
						"0.7": {
							"pre": [0, 0, 0],
							"post": [0, 0, 0],
							"lerp_mode": "catmullrom"
						},
						"0.85": {
							"post": [0, -8.2, -0.61719],
							"lerp_mode": "catmullrom"
						},
						"1.05": {
							"post": [1.28045, -12.73791, 0.45742],
							"lerp_mode": "catmullrom"
						},
						"1.2": {
							"post": [-0.1, -22.6, 6.3],
							"lerp_mode": "catmullrom"
						},
						"1.65": {
							"post": [-0.1, -24.3, 3.8],
							"lerp_mode": "catmullrom"
						},
						"1.85": [0.4, -3.6, -0.7],
						"1.9": [0.41, -4.16812, -0.83],
						"2.0": [0.42, -3.33, -0.96],
						"2.1": [0.2, -3.1, -0.725],
						"2.25": [0.2, -0.5, -0.6],
						"2.35": {
							"pre": [0, 0, 0],
							"post": [0, 0, 0],
							"lerp_mode": "catmullrom"
						}
					}
				},
				"camera": {
					"rotation": {
						"0.0": {
							"post": [0, 0, 0],
							"lerp_mode": "catmullrom"
						},
						"0.25": {
							"post": [2.28, 0.82813, -1.41797],
							"lerp_mode": "catmullrom"
						},
						"0.45": {
							"post": [2.7, 1.28516, -1.41797],
							"lerp_mode": "catmullrom"
						},
						"0.7": {
							"post": [2.43, 1.44922, -1.41797],
							"lerp_mode": "catmullrom"
						},
						"0.8": {
							"post": [3.14063, 1.16016, -2.4625],
							"lerp_mode": "catmullrom"
						},
						"0.95": {
							"post": [2.54813, 1.11719, -1.0625],
							"lerp_mode": "catmullrom"
						},
						"1.1": {
							"post": [2.89516, 1.19922, -1.74609],
							"lerp_mode": "catmullrom"
						},
						"1.35": {
							"post": [3.25016, 1.11719, -1.41797],
							"lerp_mode": "catmullrom"
						},
						"1.55": {
							"post": [2.91781, 1.03516, -1.41797],
							"lerp_mode": "catmullrom"
						},
						"1.85": {
							"post": [1.89, 1.12109, -1.41797],
							"lerp_mode": "catmullrom"
						},
						"1.9": {
							"post": [1.915, 1.11, -1.21094],
							"lerp_mode": "catmullrom"
						},
						"2.05": {
							"post": [2.22, 1.03906, -1.41797],
							"lerp_mode": "catmullrom"
						},
						"2.2": {
							"post": [2.135, 1.24609, -1.41797],
							"lerp_mode": "catmullrom"
						},
						"2.3": {
							"post": [2.77781, 1.41016, -2.38672],
							"lerp_mode": "catmullrom"
						},
						"2.45": {
							"post": [2.06312, 1.41016, -0.87109],
							"lerp_mode": "catmullrom"
						},
						"2.6": {
							"post": [2.475, 1.28516, -1.41797],
							"lerp_mode": "catmullrom"
						},
						"2.7": {
							"post": [2.305, 0.95313, -1.41797],
							"lerp_mode": "catmullrom"
						},
						"2.9": {
							"post": [0.16406, 0.12109, 0],
							"lerp_mode": "catmullrom"
						},
						"2.95": {
							"post": [0.24109, 0.02, 0.42969],
							"lerp_mode": "catmullrom"
						},
						"3.05": {
							"post": [-0.125, -0.00391, -0.17969],
							"lerp_mode": "catmullrom"
						},
						"3.2": {
							"post": [0, 0, 0],
							"lerp_mode": "catmullrom"
						}
					}
				}
			},
			"sound_effects": {
				"0.0": {
					"effect": "rifle_reload_raise"
				},
				"0.2": {
					"effect": "classicr:rifle/rifle_reload_magout"
				},
				"1.85": {
					"effect": "classicr:rifle/rifle_reload_empty_maghit"
				},
				"2.25": {
					"effect": "classicr:rifle/rifle_reload_magin"
				},
				"2.45": {
					"effect": "classicr:rifle/rifle_reload_end"
				}
			}
		},
		"reload_empty": {
			"animation_length": 4.05,
			"bones": {
				"righthand": {
					"rotation": [94.51712, 4.98455, -179.60671],
					"position": [-6.70625, -12.4, 3.4],
					"scale": [1, 1.75, 1]
				},
				"lefthand": {
					"rotation": {
						"0.0": [88.01012, -40.23446, -160.19939],
						"0.35": [88.01012, -40.23446, -160.19939],
						"0.5": {
							"pre": [97.57293, -18.64279, -165.39321],
							"post": [97.57293, -18.64279, -165.39321],
							"lerp_mode": "catmullrom"
						},
						"0.6": [116.4136, -22.44744, -206.89084],
						"0.75": [116.4136, -22.44744, -206.89084],
						"0.8": {
							"pre": [99.16224, -31.98438, -203.31958],
							"post": [99.16224, -31.98438, -203.31958],
							"lerp_mode": "catmullrom"
						},
						"0.9": {
							"post": [98.63923, 0.60232, -225.61212],
							"lerp_mode": "catmullrom"
						},
						"0.95": {
							"post": [98.587, 1.12665, -229.07303],
							"lerp_mode": "catmullrom"
						},
						"1.5": [94.05549, -23.29996, -197.24305],
						"1.7": [102.26769, -40.586, -198.90312],
						"1.85": [102.26769, -40.586, -198.90312],
						"2.0": [92.16888, -46.1307, -190.21327],
						"2.05": [92.39061, -43.54599, -192.69253],
						"2.15": [117.47967, -40.72318, -192.47317],
						"2.2": [117.47967, -40.72318, -192.47317],
						"2.35": {
							"pre": [130.57577, -16.61419, -185.9138],
							"post": [130.57577, -16.61419, -185.9138],
							"lerp_mode": "catmullrom"
						},
						"2.5": [113.07511, -42.55484, -286.66003],
						"2.6": [120.10752, -32.2447, -298.9564],
						"2.7": [124.55644, -29.30059, -296.87717],
						"2.8": [120.67938, -23.99489, -299.20886],
						"2.85": {
							"pre": [117.95478, -22.54249, -303.95181],
							"post": [117.95478, -22.54249, -303.95181],
							"lerp_mode": "catmullrom"
						},
						"2.9": {
							"post": [117.51258, -25.21793, -293.6437],
							"lerp_mode": "catmullrom"
						},
						"2.95": {
							"post": [115.51258, -25.21793, -293.6437],
							"lerp_mode": "catmullrom"
						},
						"3.05": [147.60786, -21.92541, -298.38781],
						"3.1": [145.01258, -25.21793, -293.6437],
						"3.2": {
							"pre": [129.00265, -15.26395, -205.31163],
							"post": [129.00265, -15.26395, -205.31163],
							"lerp_mode": "catmullrom"
						},
						"3.25": {
							"post": [90.8048, -31.27324, -131.00752],
							"lerp_mode": "catmullrom"
						},
						"3.35": [88.01012, -40.23446, -160.19939]
					},
					"position": {
						"0.0": [6.025, -10.5, -12.2],
						"0.1": [6.025, -10.5, -5.2],
						"0.2": {
							"pre": [7.545, -11.14, -4.94],
							"post": [7.545, -11.14, -4.94],
							"lerp_mode": "catmullrom"
						},
						"0.3": {
							"post": [7.325, -12.8, -0.305],
							"lerp_mode": "catmullrom"
						},
						"0.7": [7.04453, -12.9, 0.1],
						"0.75": [7.04453, -12.9, 0.1],
						"0.8": {
							"pre": [7.74453, -17.9, 0],
							"post": [7.74453, -17.9, 0],
							"lerp_mode": "catmullrom"
						},
						"0.9": {
							"post": [11.34453, -19.1, 3.8],
							"lerp_mode": "catmullrom"
						},
						"0.95": {
							"post": [12.14453, -27.2, 2.6],
							"lerp_mode": "catmullrom"
						},
						"1.15": {
							"post": [13.84453, -24.9, 4.8],
							"lerp_mode": "catmullrom"
						},
						"1.5": [10.16982, -16.89335, 2.20178],
						"1.6": [8.18041, -15.78014, 0.21293],
						"1.7": [5.79344, -15.715, -0.98],
						"1.85": [6.07144, -15.02749, -1.25304],
						"2.0": [6.09344, -14.96, -0.68],
						"2.05": [5.79344, -14.99, -0.48],
						"2.15": [5.87344, -10.8, -0.6],
						"2.2": [5.87344, -10.8, -0.6],
						"2.3": {
							"pre": [8.59, -10.45, -0.82],
							"post": [8.59, -10.45, -0.82],
							"lerp_mode": "catmullrom"
						},
						"2.4": {
							"post": [9.49, -9.76, -1.13],
							"lerp_mode": "catmullrom"
						},
						"2.5": [4.15, -5.4, 3.9],
						"2.6": [4.17094, -5.4, 4.04687],
						"2.7": [4.57969, -5.4, 7.46718],
						"2.8": [4.41719, -5.4, 8.35625],
						"2.95": [4.41719, -5.4, 8.35625],
						"3.05": [4.23125, -5.4, 2.1],
						"3.1": [4.23125, -5.4, 2.1],
						"3.2": {
							"pre": [10, -8.92, -4.05],
							"post": [10, -8.92, -4.05],
							"lerp_mode": "catmullrom"
						},
						"3.25": {
							"post": [8.7, -10.775, -11.2],
							"lerp_mode": "catmullrom"
						},
						"3.3": {
							"post": [7.28, -10.75, -13.08],
							"lerp_mode": "catmullrom"
						},
						"3.35": [6.025, -10.5, -12.2]
					},
					"scale": [1, 1.75, 1]
				},
				"root": {
					"rotation": {
						"0.0": {
							"post": [0, 0, 0],
							"lerp_mode": "catmullrom"
						},
						"0.15": {
							"post": [-3.20127, -3.07695, -1.78944],
							"lerp_mode": "catmullrom"
						},
						"0.3": {
							"post": [-13.97, -1.75125, -11.33],
							"lerp_mode": "catmullrom"
						},
						"0.35": {
							"post": [-16.41043, -2.87458, -15.099],
							"lerp_mode": "catmullrom"
						},
						"0.4": {
							"post": [-18.13432, -1.44164, -12.19443],
							"lerp_mode": "catmullrom"
						},
						"0.5": {
							"post": [-18.21036, -1.43855, -14.00979],
							"lerp_mode": "catmullrom"
						},
						"0.6": {
							"post": [-17.8, -2.04125, -12.49],
							"lerp_mode": "catmullrom"
						},
						"0.7": {
							"post": [-17.43666, -3.86167, -12.43741],
							"lerp_mode": "catmullrom"
						},
						"0.85": {
							"post": [-17.90681, -4.46077, -13.12473],
							"lerp_mode": "catmullrom"
						},
						"0.95": {
							"post": [-16.54, -5.07125, -18.03],
							"lerp_mode": "catmullrom"
						},
						"1.05": {
							"post": [-15.62692, -4.62862, -14.41546],
							"lerp_mode": "catmullrom"
						},
						"1.15": {
							"post": [-15.98028, -4.83815, -16.24945],
							"lerp_mode": "catmullrom"
						},
						"1.25": {
							"post": [-16.49, -4.10125, -14.39],
							"lerp_mode": "catmullrom"
						},
						"1.35": {
							"post": [-16.53832, -3.9979, -14.51685],
							"lerp_mode": "catmullrom"
						},
						"1.45": {
							"post": [-16.17556, -4.56457, -17.97802],
							"lerp_mode": "catmullrom"
						},
						"1.6": {
							"post": [-16.58255, -7.98343, -25.61325],
							"lerp_mode": "catmullrom"
						},
						"1.7": {
							"post": [-19.2722, -8.07671, -28.13582],
							"lerp_mode": "catmullrom"
						},
						"1.75": {
							"post": [-20.05845, -7.73942, -29.55901],
							"lerp_mode": "catmullrom"
						},
						"1.8": {
							"post": [-20.05812, -7.86125, -29.96375],
							"lerp_mode": "catmullrom"
						},
						"1.9": {
							"post": [-19.61203, -8.92125, -30.25375],
							"lerp_mode": "catmullrom"
						},
						"2.0": {
							"post": [-19.15594, -9.21125, -29.81375],
							"lerp_mode": "catmullrom"
						},
						"2.05": {
							"post": [-19.39933, -9.11526, -29.83487],
							"lerp_mode": "catmullrom"
						},
						"2.15": {
							"post": [-18.57817, -5.91257, -28.89092],
							"lerp_mode": "catmullrom"
						},
						"2.2": {
							"post": [-16.63017, -6.90509, -32.91995],
							"lerp_mode": "catmullrom"
						},
						"2.25": {
							"post": [-16.83766, -7.44125, -29.72375],
							"lerp_mode": "catmullrom"
						},
						"2.3": {
							"post": [-17.33766, -7.53125, -27.72375],
							"lerp_mode": "catmullrom"
						},
						"2.35": {
							"post": [-16.91609, -6.90481, -22.60174],
							"lerp_mode": "catmullrom"
						},
						"2.5": {
							"post": [-6.19875, -3.82658, 57.0356],
							"lerp_mode": "catmullrom"
						},
						"2.65": {
							"post": [-7.05067, -2.00156, 59.25747],
							"lerp_mode": "catmullrom"
						},
						"2.7": {
							"post": [-7.52844, -1.90953, 59.6],
							"lerp_mode": "catmullrom"
						},
						"2.8": {
							"post": [-8.53268, -3.27654, 61.22551],
							"lerp_mode": "catmullrom"
						},
						"2.85": {
							"post": [-8.72844, -2.73953, 62.34],
							"lerp_mode": "catmullrom"
						},
						"3.0": {
							"post": [-8.44775, -2.7528, 60.49159],
							"lerp_mode": "catmullrom"
						},
						"3.1": {
							"post": [-5.70228, -0.35019, 65.8522],
							"lerp_mode": "catmullrom"
						},
						"3.2": {
							"post": [-3.84844, -1.02953, 64.16],
							"lerp_mode": "catmullrom"
						},
						"3.3": {
							"post": [0.85156, -0.84953, 62.33],
							"lerp_mode": "catmullrom"
						},
						"3.5": {
							"post": [-6.17059, -1.3766, 4.49142],
							"lerp_mode": "catmullrom"
						},
						"3.65": {
							"post": [-0.25, -0.8, -1.3],
							"lerp_mode": "catmullrom"
						},
						"3.75": {
							"post": [0, 0.1, 0.9],
							"lerp_mode": "catmullrom"
						},
						"3.9": {
							"post": [0, 0, -0.2],
							"lerp_mode": "catmullrom"
						},
						"4.0": {
							"post": [0, 0, 0],
							"lerp_mode": "catmullrom"
						}
					},
					"position": {
						"0.0": {
							"post": [0, 0, 0],
							"lerp_mode": "catmullrom"
						},
						"0.1": {
							"post": [-0.07047, -1.25859, -0.14609],
							"lerp_mode": "catmullrom"
						},
						"0.25": {
							"post": [-0.29125, -1.09547, -1.6225],
							"lerp_mode": "catmullrom"
						},
						"0.35": {
							"post": [-0.30781, -0.04766, -1.825],
							"lerp_mode": "catmullrom"
						},
						"0.45": {
							"post": [-0.35781, 0.25234, -0.06719],
							"lerp_mode": "catmullrom"
						},
						"0.55": {
							"post": [-0.38281, 0.06234, 0.55281],
							"lerp_mode": "catmullrom"
						},
						"0.65": {
							"post": [-0.30781, 0.05234, 0.30781],
							"lerp_mode": "catmullrom"
						},
						"0.75": {
							"post": [-0.34, 0.08, 0.31],
							"lerp_mode": "catmullrom"
						},
						"0.8": {
							"post": [-0.18281, 0.08593, 0.30781],
							"lerp_mode": "catmullrom"
						},
						"0.95": {
							"post": [0.19219, -0.66953, 0.30781],
							"lerp_mode": "catmullrom"
						},
						"1.1": {
							"post": [0.04219, -0.94922, 0.30781],
							"lerp_mode": "catmullrom"
						},
						"1.3": {
							"post": [-0.30781, -0.33203, 0.30781],
							"lerp_mode": "catmullrom"
						},
						"1.45": {
							"post": [-0.30781, 0.10234, 0.30781],
							"lerp_mode": "catmullrom"
						},
						"1.55": {
							"post": [-0.60781, 0.30234, 0.30781],
							"lerp_mode": "catmullrom"
						},
						"1.7": {
							"post": [-0.58281, 0.75234, 0.30781],
							"lerp_mode": "catmullrom"
						},
						"1.85": {
							"post": [-0.57781, 0.59234, 0.28781],
							"lerp_mode": "catmullrom"
						},
						"2.1": {
							"post": [-0.48281, 0.67734, 0.30781],
							"lerp_mode": "catmullrom"
						},
						"2.15": {
							"post": [-0.055, -0.31766, 0.60781],
							"lerp_mode": "catmullrom"
						},
						"2.25": {
							"post": [-0.19172, -0.79813, 0.1],
							"lerp_mode": "catmullrom"
						},
						"2.35": {
							"post": [-0.19172, -0.34188, 0.43594],
							"lerp_mode": "catmullrom"
						},
						"2.5": {
							"post": [2.59828, -1.50984, 0.79438],
							"lerp_mode": "catmullrom"
						},
						"2.65": {
							"post": [2.19719, -1.11594, 0.83438],
							"lerp_mode": "catmullrom"
						},
						"2.75": {
							"post": [2.27, -0.97, 0.82],
							"lerp_mode": "catmullrom"
						},
						"2.8": {
							"post": [2.31219, -1.49969, 0.35938],
							"lerp_mode": "catmullrom"
						},
						"2.9": {
							"post": [2.28719, -0.89969, -0.00562],
							"lerp_mode": "catmullrom"
						},
						"3.0": {
							"post": [2.21219, -0.92469, -0.06562],
							"lerp_mode": "catmullrom"
						},
						"3.1": {
							"post": [2.21219, -0.95516, 0.69406],
							"lerp_mode": "catmullrom"
						},
						"3.2": {
							"post": [2.01219, -1.47078, 0.49406],
							"lerp_mode": "catmullrom"
						},
						"3.35": {
							"post": [2.29891, -4.48781, -1.05453],
							"lerp_mode": "catmullrom"
						},
						"3.5": {
							"post": [2.49297, -0.90984, -2.51891],
							"lerp_mode": "catmullrom"
						},
						"3.6": {
							"post": [-0.28, -0.70906, -1.46719],
							"lerp_mode": "catmullrom"
						},
						"3.65": {
							"post": [-0.16, -0.55, 0.60407],
							"lerp_mode": "catmullrom"
						},
						"3.7": {
							"post": [-0.06641, -0.37187, 0.50312],
							"lerp_mode": "catmullrom"
						},
						"3.8": {
							"post": [-0.02, -0.1, -0.21594],
							"lerp_mode": "catmullrom"
						},
						"3.9": {
							"post": [0, 0, -0.13672],
							"lerp_mode": "catmullrom"
						},
						"4.05": {
							"post": [0, 0, 0],
							"lerp_mode": "catmullrom"
						}
					}
				},
				"bolt": {
					"position": {
						"0.0": [0, 0, -2.995],
						"0.05": [0, 0, -2.995],
						"0.1": [0, 0, -2.995],
						"0.15": [0, 0, -2.995],
						"0.2": [0, 0, -2.995],
						"0.25": [0, 0, -2.995],
						"0.3": [0, 0, -2.995],
						"0.35": [0, 0, -2.995],
						"0.4": [0, 0, -2.995],
						"0.45": [0, 0, -2.995],
						"0.5": [0, 0, -2.995],
						"0.55": [0, 0, -2.995],
						"0.6": [0, 0, -2.995],
						"0.65": [0, 0, -2.995],
						"0.7": [0, 0, -2.995],
						"0.75": [0, 0, -2.995],
						"0.8": [0, 0, -2.995],
						"0.85": [0, 0, -2.995],
						"0.9": [0, 0, -2.995],
						"0.95": [0, 0, -2.995],
						"1.0": [0, 0, -2.995],
						"1.05": [0, 0, -2.995],
						"1.1": [0, 0, -2.995],
						"1.15": [0, 0, -2.995],
						"1.2": [0, 0, -2.995],
						"1.25": [0, 0, -2.995],
						"1.3": [0, 0, -2.995],
						"1.35": [0, 0, -2.995],
						"1.4": [0, 0, -2.995],
						"1.45": [0, 0, -2.995],
						"1.5": [0, 0, -2.995],
						"1.55": [0, 0, -2.995],
						"1.6": [0, 0, -2.995],
						"1.65": [0, 0, -2.995],
						"1.7": [0, 0, -2.995],
						"1.75": [0, 0, -2.995],
						"1.8": [0, 0, -2.995],
						"1.85": [0, 0, -2.995],
						"1.9": [0, 0, -2.995],
						"1.95": [0, 0, -2.995],
						"2.0": [0, 0, -2.995],
						"2.05": [0, 0, -2.995],
						"2.1": [0, 0, -2.995],
						"2.15": [0, 0, -2.995],
						"2.2": [0, 0, -2.995],
						"2.25": [0, 0, -2.995],
						"2.3": [0, 0, -2.995],
						"2.35": [0, 0, -2.995],
						"2.4": [0, 0, -2.995],
						"2.45": [0, 0, -2.995],
						"2.5": [0, 0, -0.99],
						"2.6": [0, 0, 0.005]
					}
				},
				"charge_handle": {
					"position": {
						"2.7": [0, 0, 0],
						"2.8": [0, 0, 7],
						"2.95": [0, 0, 7],
						"3.05": [0, 0, 0]
					}
				},
				"charge_l": {
					"rotation": {
						"2.55": [0, 0, 0],
						"2.7": [0, -90, 0],
						"3.1": [0, -90, 0],
						"3.15": [0, 0, 0]
					}
				},
				"bullet_in_mag": {
					"position": {
						"0.0": [0, -1, 0],
						"1.15": [0, -1, 0],
						"1.2": [0, 0, 0]
					}
				},
				"bullet": {
					"scale": {
						"0.0": [0, 0, 0],
						"1.1": [0, 0, 0],
						"1.15": [1, 1, 1]
					}
				},
				"mag_and_lefthand": {
					"position": {
						"1.2": [0, 0, 0],
						"1.35": [0, -30, 0],
						"1.5": [0, -30, 0],
						"1.8": [0, 0, 0]
					}
				},
				"magazine_and_bullet": {
					"rotation": {
						"0.75": [0, 0, 0],
						"0.85": [0, 0, 0],
						"1.0": [20, 0, 0],
						"1.4": [20, 0, 0],
						"1.5": [7.17591, 5.98372, -39.62446],
						"1.7": [-12, 0, 0],
						"1.85": [-9.84783, -0.35802, -2.97858],
						"1.95": [-3.92392, -0.17901, -1.48929],
						"2.05": [0, 0, 0],
						"2.15": [0, 0, 0]
					},
					"position": {
						"0.75": [0, 0, 0],
						"0.8": [0, -4.77, -0.37422],
						"0.85": [0, -9.11, -0.665],
						"0.95": [0, -17.8, -0.10781],
						"1.1": [-2.75869, -30.94359, 3.05816],
						"1.25": [1.69506, -22.27835, 9.04581],
						"1.4": [4.70351, -15.86903, 5.48137],
						"1.5": [4.2, -12.67344, 1.86375],
						"1.6": [2.1, -7.84, -1.35531],
						"1.7": [0, -3.08203, -1.09844],
						"1.85": [0.3, -2.43172, -0.92344],
						"1.95": [0.25, -2.09, -0.83984],
						"2.05": [0, -2.4, -0.74609],
						"2.15": [0, 0, 0]
					}
				},
				"camera": {
					"rotation": {
						"0.0": {
							"post": [0, 0, 0],
							"lerp_mode": "catmullrom"
						},
						"0.15": {
							"post": [0.21984, 0.11719, 0],
							"lerp_mode": "catmullrom"
						},
						"0.4": {
							"post": [2.63672, 0.65625, -1.04297],
							"lerp_mode": "catmullrom"
						},
						"0.75": {
							"post": [2.45641, 0.92578, -1.04297],
							"lerp_mode": "catmullrom"
						},
						"0.85": {
							"post": [3.08688, 0.69531, -0.42578],
							"lerp_mode": "catmullrom"
						},
						"1.0": {
							"post": [2.71969, 0.57813, -1.54687],
							"lerp_mode": "catmullrom"
						},
						"1.2": {
							"post": [2.97563, 0.69531, -1.04297],
							"lerp_mode": "catmullrom"
						},
						"1.55": {
							"post": [2.88906, 0.65625, -1.04297],
							"lerp_mode": "catmullrom"
						},
						"1.7": {
							"post": [3.37, 0.87, -1.04297],
							"lerp_mode": "catmullrom"
						},
						"1.75": {
							"post": [3.55, 0.95, -0.88672],
							"lerp_mode": "catmullrom"
						},
						"1.85": {
							"post": [3.85969, 1.08203, -1.08203],
							"lerp_mode": "catmullrom"
						},
						"2.1": {
							"post": [3.89, 1.08203, -1.04297],
							"lerp_mode": "catmullrom"
						},
						"2.2": {
							"post": [4.33266, 1.08203, -0.38672],
							"lerp_mode": "catmullrom"
						},
						"2.3": {
							"post": [3.57875, 1.08203, -1.46875],
							"lerp_mode": "catmullrom"
						},
						"2.45": {
							"post": [3.21875, 0.76953, -0.88672],
							"lerp_mode": "catmullrom"
						},
						"2.6": {
							"post": [1.45141, 0.50391, -1.04297],
							"lerp_mode": "catmullrom"
						},
						"2.7": {
							"post": [1.13, 0.49, -1.05297],
							"lerp_mode": "catmullrom"
						},
						"2.8": {
							"post": [1.10234, 0.50391, -0.61719],
							"lerp_mode": "catmullrom"
						},
						"2.85": {
							"post": [1.62, 0.50391, -1.35156],
							"lerp_mode": "catmullrom"
						},
						"3.0": {
							"post": [1.43, 0.50391, -1.04297],
							"lerp_mode": "catmullrom"
						},
						"3.1": {
							"post": [2.20437, 0.50391, -0.46484],
							"lerp_mode": "catmullrom"
						},
						"3.2": {
							"post": [1.90984, 0.50391, -1.08203],
							"lerp_mode": "catmullrom"
						},
						"3.35": {
							"post": [2.1, 0.24, -0.91531],
							"lerp_mode": "catmullrom"
						},
						"3.45": {
							"post": [2.195, 0.07813, -0.73437],
							"lerp_mode": "catmullrom"
						},
						"3.65": {
							"post": [-0.21094, 0, -0.30859],
							"lerp_mode": "catmullrom"
						},
						"3.75": {
							"post": [0.17188, 0, 0.38672],
							"lerp_mode": "catmullrom"
						},
						"3.85": {
							"post": [-0.14062, 0, -0.15625],
							"lerp_mode": "catmullrom"
						},
						"4.0": {
							"post": [0, 0, 0],
							"lerp_mode": "catmullrom"
						}
					}
				}
			},
			"sound_effects": {
				"0.0": {
					"effect": "classicr:rifle/rifle_reload_raise"
				},
				"0.55": {
					"effect": "classicr:rifle/rifle_reload_empty_magout"
				},
				"1.85": {
					"effect": "classicr:rifle/rifle_reload_empty_maghit"
				},
				"2.05": {
					"effect": "classicr:rifle/rifle_reload_empty_magin"
				},
				"2.55": {
					"effect": "classicr:rifle/rifle_reload_empty_charge_in"
				},
				"3.25": {
					"effect": "classicr:rifle/rifle_reload_empty_end"
				}
			}
		},
		"shoot": {
			"loop": true,
			"animation_length": 0.75,
			"bones": {
				"root": {
					"rotation": {
						"0.0": {
							"post": [0, 0, 0],
							"lerp_mode": "catmullrom"
						},
						"0.0167": {
							"post": [1.43203, 0, -1.63828],
							"lerp_mode": "catmullrom"
						},
						"0.0333": {
							"post": [-1.99297, 0, 1.55703],
							"lerp_mode": "catmullrom"
						},
						"0.1": {
							"post": [-2.28203, 0, -0.76719],
							"lerp_mode": "catmullrom"
						},
						"0.1667": {
							"post": [-2.17265, 0, 0.825],
							"lerp_mode": "catmullrom"
						},
						"0.3": {
							"post": [-0.09766, 0, 0.50938],
							"lerp_mode": "catmullrom"
						},
						"0.3667": {
							"post": [0.2275, 0.05859, 0.10891],
							"lerp_mode": "catmullrom"
						},
						"0.4333": {
							"post": [-0.11328, 0.11328, 0],
							"lerp_mode": "catmullrom"
						},
						"0.55": {
							"post": [-0.0625, -0.05859, 0],
							"lerp_mode": "catmullrom"
						},
						"0.6833": {
							"post": [0, 0, 0],
							"lerp_mode": "catmullrom"
						}
					},
					"position": {
						"0.0": {
							"post": [0, 0, 0],
							"lerp_mode": "catmullrom"
						},
						"0.0167": {
							"post": [0, -0.22656, 1.95156],
							"lerp_mode": "catmullrom"
						},
						"0.0833": {
							"post": [0, -0.28516, 1.58844],
							"lerp_mode": "catmullrom"
						},
						"0.15": {
							"post": [0, -0.28516, 0.08828],
							"lerp_mode": "catmullrom"
						},
						"0.2": {
							"post": [0, 0, -0.40391],
							"lerp_mode": "catmullrom"
						},
						"0.25": {
							"post": [0, 0, -0.36719],
							"lerp_mode": "catmullrom"
						},
						"0.3167": {
							"post": [0, 0, 0.05469],
							"lerp_mode": "catmullrom"
						},
						"0.3667": {
							"post": [0, 0, 0.19922],
							"lerp_mode": "catmullrom"
						},
						"0.4333": {
							"post": [0, -0.10547, 0],
							"lerp_mode": "catmullrom"
						},
						"0.5": {
							"post": [0, -0.10547, -0.08031],
							"lerp_mode": "catmullrom"
						},
						"0.6": {
							"post": [0, -0.03516, -0.07031],
							"lerp_mode": "catmullrom"
						},
						"0.7333": {
							"post": [0, 0, 0],
							"lerp_mode": "catmullrom"
						}
					}
				},
				"bolt": {
					"position": {
						"0.0": [0, 0, 0],
						"0.0333": [0, 0, -3.425],
						"0.1": [0, 0, 0]
					}
				},
				"charge_handle": {
					"position": {
						"0.0": [0, 0, 0],
						"0.0333": [0, 0, 0.5],
						"0.0833": [0, 0, 0]
					}
				},
				"charge_l": {
					"rotation": {
						"0.0167": [0, 0, 0],
						"0.0667": [0, -17, 0],
						"0.1167": [0, 0, 0],
						"0.1833": [0, 0, 0],
						"0.25": [0, -8, 0],
						"0.3167": [0, 0, 0]
					}
				},
				"charge_r": {
					"rotation": {
						"0.0": [0, 0, 0],
						"0.05": [0, 10.65, 0],
						"0.1": [0, 0, 0],
						"0.1667": [0, 0, 0],
						"0.2333": [0, 7.05, 0],
						"0.3": [0, 0, 0]
					}
				},
				"camera": {
					"rotation": {
						"0.0": [0, 0, 0],
						"0.0167": [0, 0, 1.55],
						"0.05": [0, 0, -1.275],
						"0.0833": [0, 0, 0.995],
						"0.1167": [0, 0, -0.58],
						"0.15": [0, 0, 0.47],
						"0.1833": [0, 0, 0]
					}
				}
			},
			"sound_effects": {
				"0.0": {
					"effect": "tacz:ump45/ump45_shoot"
				}
			}
		},
		"inspect_empty": {
			"animation_length": 4.65,
			"bones": {
				"root": {
					"rotation": {
						"0.0": {
							"post": [0, 0, 0],
							"lerp_mode": "catmullrom"
						},
						"0.2": {
							"post": [-15.30902, -2.26482, -10.8535],
							"lerp_mode": "catmullrom"
						},
						"0.3": {
							"post": [-19.87196, -3.17785, -17.95906],
							"lerp_mode": "catmullrom"
						},
						"0.4": {
							"post": [-21.02, -3.65, -14.43],
							"lerp_mode": "catmullrom"
						},
						"0.5": {
							"post": [-22.61825, -4.52968, -16.70733],
							"lerp_mode": "catmullrom"
						},
						"0.65": {
							"post": [-22.75, -4.41, -17.665],
							"lerp_mode": "catmullrom"
						},
						"0.85": {
							"post": [-22.62, -4.53, -17.96],
							"lerp_mode": "catmullrom"
						},
						"1.05": {
							"post": [-21.83419, -7.56045, -25.65573],
							"lerp_mode": "catmullrom"
						},
						"1.25": {
							"post": [-21.78, -7.76, -26.34],
							"lerp_mode": "catmullrom"
						},
						"1.5": {
							"post": [-21.78, -7.74, -26.81],
							"lerp_mode": "catmullrom"
						},
						"1.7": {
							"post": [-21.8, -7.68, -27.385],
							"lerp_mode": "catmullrom"
						},
						"2.0": {
							"post": [-21.83419, -7.56045, -25.65573],
							"lerp_mode": "catmullrom"
						},
						"2.1": {
							"post": [-21.83419, -7.56045, -14.65573],
							"lerp_mode": "catmullrom"
						},
						"2.3": {
							"post": [-24.9445, 7.90002, 43.15984],
							"lerp_mode": "catmullrom"
						},
						"2.4": {
							"post": [-24.9445, 7.90002, 59.65984],
							"lerp_mode": "catmullrom"
						},
						"2.55": {
							"post": [-24.95, 7.88, 61.47],
							"lerp_mode": "catmullrom"
						},
						"2.65": {
							"post": [-24.96, 7.86, 60.99],
							"lerp_mode": "catmullrom"
						},
						"2.9": {
							"post": [-25, 7.75, 61.77],
							"lerp_mode": "catmullrom"
						},
						"3.15": {
							"post": [-24.9445, 7.90002, 61.65984],
							"lerp_mode": "catmullrom"
						},
						"3.35": {
							"post": [-24.22873, 9.9815, 70.7622],
							"lerp_mode": "catmullrom"
						},
						"3.6": {
							"post": [-24.16, 10.35, 71.62],
							"lerp_mode": "catmullrom"
						},
						"3.85": {
							"post": [-23.86, 10.06, 70.09],
							"lerp_mode": "catmullrom"
						},
						"4.0": {
							"post": [-21.22873, 8.4815, 60.2622],
							"lerp_mode": "catmullrom"
						},
						"4.15": {
							"post": [-2.67436, -2.84081, 26.11685],
							"lerp_mode": "catmullrom"
						},
						"4.3": {
							"post": [2.37, -2.9, 0.4],
							"lerp_mode": "catmullrom"
						},
						"4.4": {
							"post": [0, 0, 1.25],
							"lerp_mode": "catmullrom"
						},
						"4.5": {
							"post": [0, 0, 0.5],
							"lerp_mode": "catmullrom"
						},
						"4.6": {
							"post": [0, 0, 0],
							"lerp_mode": "catmullrom"
						}
					},
					"position": {
						"0.0": {
							"post": [0, 0, 0],
							"lerp_mode": "catmullrom"
						},
						"0.2": {
							"post": [0.34, 0.6, -1.65],
							"lerp_mode": "catmullrom"
						},
						"0.3": {
							"post": [0.67385, 0.3, -0.8],
							"lerp_mode": "catmullrom"
						},
						"0.45": {
							"post": [0.67385, 0.4, -1],
							"lerp_mode": "catmullrom"
						},
						"2.05": {
							"post": [0.67385, 0.39886, -0.7],
							"lerp_mode": "catmullrom"
						},
						"2.4": {
							"post": [-1.07086, -0.3546, -1.4],
							"lerp_mode": "catmullrom"
						},
						"3.95": {
							"post": [-1.07086, -0.3546, -1.4],
							"lerp_mode": "catmullrom"
						},
						"4.3": {
							"post": [0, -0.425, -0.7],
							"lerp_mode": "catmullrom"
						},
						"4.45": {
							"post": [0.1, 0, 0.3],
							"lerp_mode": "catmullrom"
						},
						"4.55": {
							"post": [0, 0, 0],
							"lerp_mode": "catmullrom"
						}
					}
				},
				"lefthand": {
					"rotation": [88.01012, -40.23446, -160.19939],
					"position": [6.025, -10.5, -12.2],
					"scale": [1, 1.75, 1]
				},
				"righthand": {
					"rotation": [94.51712, 4.98455, -179.60671],
					"position": [-6.70625, -12.4, 3.4],
					"scale": [1, 1.75, 1]
				},
				"camera": {
					"rotation": {
						"0.0": {
							"post": [0, 0, 0],
							"lerp_mode": "catmullrom"
						},
						"0.1": {
							"post": [0.2525, 0, 0],
							"lerp_mode": "catmullrom"
						},
						"0.3": {
							"post": [-1.875, 0, 0],
							"lerp_mode": "catmullrom"
						},
						"0.7": {
							"post": [-2.3775, 0, 0],
							"lerp_mode": "catmullrom"
						},
						"1.05": {
							"post": [-3.8025, 0.9075, 0.02],
							"lerp_mode": "catmullrom"
						},
						"2.2": {
							"post": [-3.25, 0.8125, 0],
							"lerp_mode": "catmullrom"
						},
						"2.5": {
							"post": [0, 4.3125, -1],
							"lerp_mode": "catmullrom"
						},
						"3.0": {
							"post": [-0.0175, 5, -1.14],
							"lerp_mode": "catmullrom"
						},
						"3.25": {
							"post": [3.9875, 4.97, -1.13],
							"lerp_mode": "catmullrom"
						},
						"4.15": {
							"post": [4.125, 4.3175, -1],
							"lerp_mode": "catmullrom"
						},
						"4.4": {
							"post": [0.1825, -0.8675, 0.0625],
							"lerp_mode": "catmullrom"
						},
						"4.6": {
							"post": [0, 0, 0],
							"lerp_mode": "catmullrom"
						}
					}
				}
			},
			"sound_effects": {
				"0.0": {
					"effect": "tacz:m700/m700_inspect_up"
				},
				"2.0": {
					"effect": "tacz:m700/m700_inspect_rotate"
				},
				"3.05": {
					"effect": "tacz:m700/m700_reload_empty_rotate"
				},
				"3.8": {
					"effect": "tacz:m700/m700_inspect_end"
				}
			}
		},
		"inspect": {
			"animation_length": 4.65,
			"bones": {
				"root": {
					"rotation": {
						"0.0": {
							"post": [0, 0, 0],
							"lerp_mode": "catmullrom"
						},
						"0.2": {
							"post": [-15.30902, -2.26482, -10.8535],
							"lerp_mode": "catmullrom"
						},
						"0.3": {
							"post": [-19.87196, -3.17785, -17.95906],
							"lerp_mode": "catmullrom"
						},
						"0.4": {
							"post": [-21.02, -3.65, -14.43],
							"lerp_mode": "catmullrom"
						},
						"0.5": {
							"post": [-22.61825, -4.52968, -16.70733],
							"lerp_mode": "catmullrom"
						},
						"0.65": {
							"post": [-22.75, -4.41, -17.665],
							"lerp_mode": "catmullrom"
						},
						"0.85": {
							"post": [-22.62, -4.53, -17.96],
							"lerp_mode": "catmullrom"
						},
						"1.05": {
							"post": [-21.83419, -7.56045, -25.65573],
							"lerp_mode": "catmullrom"
						},
						"1.25": {
							"post": [-21.78, -7.76, -26.34],
							"lerp_mode": "catmullrom"
						},
						"1.5": {
							"post": [-21.78, -7.74, -26.81],
							"lerp_mode": "catmullrom"
						},
						"1.7": {
							"post": [-21.8, -7.68, -27.385],
							"lerp_mode": "catmullrom"
						},
						"2.0": {
							"post": [-21.83419, -7.56045, -25.65573],
							"lerp_mode": "catmullrom"
						},
						"2.1": {
							"post": [-21.83419, -7.56045, -14.65573],
							"lerp_mode": "catmullrom"
						},
						"2.3": {
							"post": [-24.9445, 7.90002, 43.15984],
							"lerp_mode": "catmullrom"
						},
						"2.4": {
							"post": [-24.9445, 7.90002, 59.65984],
							"lerp_mode": "catmullrom"
						},
						"2.55": {
							"post": [-24.95, 7.88, 61.47],
							"lerp_mode": "catmullrom"
						},
						"2.65": {
							"post": [-24.96, 7.86, 60.99],
							"lerp_mode": "catmullrom"
						},
						"2.9": {
							"post": [-25, 7.75, 61.77],
							"lerp_mode": "catmullrom"
						},
						"3.15": {
							"post": [-24.9445, 7.90002, 61.65984],
							"lerp_mode": "catmullrom"
						},
						"3.35": {
							"post": [-24.22873, 9.9815, 70.7622],
							"lerp_mode": "catmullrom"
						},
						"3.6": {
							"post": [-24.16, 10.35, 71.62],
							"lerp_mode": "catmullrom"
						},
						"3.85": {
							"post": [-23.86, 10.06, 70.09],
							"lerp_mode": "catmullrom"
						},
						"4.0": {
							"post": [-21.22873, 8.4815, 60.2622],
							"lerp_mode": "catmullrom"
						},
						"4.15": {
							"post": [-2.67436, -2.84081, 26.11685],
							"lerp_mode": "catmullrom"
						},
						"4.3": {
							"post": [2.37, -2.9, 0.4],
							"lerp_mode": "catmullrom"
						},
						"4.4": {
							"post": [0, 0, 1.25],
							"lerp_mode": "catmullrom"
						},
						"4.5": {
							"post": [0, 0, 0.5],
							"lerp_mode": "catmullrom"
						},
						"4.6": {
							"post": [0, 0, 0],
							"lerp_mode": "catmullrom"
						}
					},
					"position": {
						"0.0": {
							"post": [0, 0, 0],
							"lerp_mode": "catmullrom"
						},
						"0.2": {
							"post": [0.34, 0.6, -1.65],
							"lerp_mode": "catmullrom"
						},
						"0.3": {
							"post": [0.67385, 0.3, -0.8],
							"lerp_mode": "catmullrom"
						},
						"0.45": {
							"post": [0.67385, 0.4, -1],
							"lerp_mode": "catmullrom"
						},
						"2.05": {
							"post": [0.67385, 0.39886, -0.7],
							"lerp_mode": "catmullrom"
						},
						"2.4": {
							"post": [-1.07086, -0.3546, -1.4],
							"lerp_mode": "catmullrom"
						},
						"3.95": {
							"post": [-1.07086, -0.3546, -1.4],
							"lerp_mode": "catmullrom"
						},
						"4.3": {
							"post": [0, -0.425, -0.7],
							"lerp_mode": "catmullrom"
						},
						"4.45": {
							"post": [0.1, 0, 0.3],
							"lerp_mode": "catmullrom"
						},
						"4.55": {
							"post": [0, 0, 0],
							"lerp_mode": "catmullrom"
						}
					}
				},
				"lefthand": {
					"rotation": [88.01012, -40.23446, -160.19939],
					"position": [6.025, -10.5, -12.2],
					"scale": [1, 1.75, 1]
				},
				"righthand": {
					"rotation": [94.51712, 4.98455, -179.60671],
					"position": [-6.70625, -12.4, 3.4],
					"scale": [1, 1.75, 1]
				},
				"camera": {
					"rotation": {
						"0.0": {
							"post": [0, 0, 0],
							"lerp_mode": "catmullrom"
						},
						"0.1": {
							"post": [0.2525, 0, 0],
							"lerp_mode": "catmullrom"
						},
						"0.3": {
							"post": [-1.875, 0, 0],
							"lerp_mode": "catmullrom"
						},
						"0.7": {
							"post": [-2.3775, 0, 0],
							"lerp_mode": "catmullrom"
						},
						"1.05": {
							"post": [-3.8025, 0.9075, 0.02],
							"lerp_mode": "catmullrom"
						},
						"2.2": {
							"post": [-3.25, 0.8125, 0],
							"lerp_mode": "catmullrom"
						},
						"2.5": {
							"post": [0, 4.3125, -1],
							"lerp_mode": "catmullrom"
						},
						"3.0": {
							"post": [-0.0175, 5, -1.14],
							"lerp_mode": "catmullrom"
						},
						"3.25": {
							"post": [3.9875, 4.97, -1.13],
							"lerp_mode": "catmullrom"
						},
						"4.15": {
							"post": [4.125, 4.3175, -1],
							"lerp_mode": "catmullrom"
						},
						"4.4": {
							"post": [0.1825, -0.8675, 0.0625],
							"lerp_mode": "catmullrom"
						},
						"4.6": {
							"post": [0, 0, 0],
							"lerp_mode": "catmullrom"
						}
					}
				}
			},
			"sound_effects": {
				"0.0": {
					"effect": "tacz:m700/m700_inspect_up"
				},
				"2.0": {
					"effect": "tacz:m700/m700_inspect_rotate"
				},
				"3.05": {
					"effect": "tacz:m700/m700_reload_empty_rotate"
				},
				"3.8": {
					"effect": "tacz:m700/m700_inspect_end"
				}
			}
		}
	}
}