{
	"format_version": "1.8.0",
	"animations": {
		"static_idle": {
			"animation_length": 0.05,
			"bones": {
				"constraint": {
					"rotation": [0.2, 0.15, 0.2],
					"position": [0.1, 0.1, 0.4]
				},
				"lefthand": {
					"rotation": [99.13767, -21.82367, -128.45709],
					"position": [7.4, -15.2, -6.5],
					"scale": [1, 1.5, 1]
				},
				"righthand": {
					"rotation": [95, 0, -180],
					"position": [-6.45, -15.9375, 11.1875],
					"scale": [1, 1.5, 1]
				},
				"additional_magazine": {
					"scale": 0
				}
			}
		},
		"shoot": {
			"loop": true,
			"animation_length": 0.8333,
			"bones": {
				"root": {
					"rotation": {
						"0.0": {
							"post": [0, 0, 0],
							"lerp_mode": "catmullrom"
						},
						"0.0167": {
							"post": [0.92, 0, 1.0175],
							"lerp_mode": "catmullrom"
						},
						"0.0333": {
							"post": [-2.46953, 0, 1.3],
							"lerp_mode": "catmullrom"
						},
						"0.1333": {
							"post": [-0.86953, 0, -0.815],
							"lerp_mode": "catmullrom"
						},
						"0.1833": {
							"post": [-0.125, 0, 0.48281],
							"lerp_mode": "catmullrom"
						},
						"0.25": {
							"post": [0.01641, 0.00036, -0.76172],
							"lerp_mode": "catmullrom"
						},
						"0.35": {
							"post": [0.3, 0, 0.175],
							"lerp_mode": "catmullrom"
						},
						"0.45": {
							"post": [0.37485, -0.36189, -0.1543],
							"lerp_mode": "catmullrom"
						},
						"0.5667": {
							"post": [0.24996, -0.05436, 0.27499],
							"lerp_mode": "catmullrom"
						},
						"0.7167": {
							"post": [-0.01, 0, -0.03],
							"lerp_mode": "catmullrom"
						},
						"0.8333": {
							"post": [0, 0, 0],
							"lerp_mode": "catmullrom"
						}
					},
					"position": {
						"0.0": {
							"post": [0, 0, 0],
							"lerp_mode": "catmullrom"
						},
						"0.0167": {
							"post": [0, -0.26875, 2.1],
							"lerp_mode": "catmullrom"
						},
						"0.0333": {
							"post": [0, 0.03, 2.2875],
							"lerp_mode": "catmullrom"
						},
						"0.1167": {
							"post": [0, -0.05469, 1.40656],
							"lerp_mode": "catmullrom"
						},
						"0.1833": {
							"post": [0, -0.15156, -0.32109],
							"lerp_mode": "catmullrom"
						},
						"0.4": {
							"post": [0, -0.06, 0.02],
							"lerp_mode": "catmullrom"
						},
						"0.5167": {
							"post": [0, 0, 0],
							"lerp_mode": "catmullrom"
						},
						"0.6333": {
							"post": [0, 0, 0],
							"lerp_mode": "catmullrom"
						},
						"0.7667": {
							"post": [0, 0, 0],
							"lerp_mode": "catmullrom"
						}
					}
				},
				"charger": {
					"position": {
						"0.0": [0, 0, 0],
						"0.0333": [0, 0, 6],
						"0.0667": [0, 0, 0]
					}
				},
				"bolt2": {
					"position": {
						"0.0": [0, 0, 0],
						"0.0333": [0, -0.375, 4.06875],
						"0.0667": [0, 0, 0]
					}
				},
				"additional_magazine": {
					"scale": 0
				}
			},
			"sound_effects": {
				"0.0": {
					"effect": "m1garand_shoot"
				}
			}
		},
		"draw": {
			"loop": "hold_on_last_frame",
			"animation_length": 0.75,
			"bones": {
				"root": {
					"rotation": {
						"0.0": [19.64807, -30.83866, 63.3425],
						"0.1": [21.19122, -14.40747, 12.59763],
						"0.2": [5.09, -6.61, 5.06],
						"0.3": [1.82144, 0.01118, 0.03752],
						"0.35": [-0.042, -0.4187, 4.03899],
						"0.45": {
							"pre": [0.14086, -0.97706, 1.04153],
							"post": [0.14086, -0.97706, 1.04153],
							"lerp_mode": "catmullrom"
						},
						"0.55": {
							"post": [-0.13, 0.1, 0],
							"lerp_mode": "catmullrom"
						},
						"0.7": [0, 0, 0]
					},
					"position": {
						"0.0": [3, -14, 0],
						"0.05": [2.1, -6, 0],
						"0.15": [1.5, -1.85, -0.2],
						"0.2": [1.05, -1.47, -0.7],
						"0.3": {
							"pre": [0.45, -0.86, -1.1],
							"post": [0.45, -0.86, -1.1],
							"lerp_mode": "catmullrom"
						},
						"0.35": {
							"post": [0.13, -0.35, -0.27],
							"lerp_mode": "catmullrom"
						},
						"0.4": {
							"post": [0, 0.17, 0.17],
							"lerp_mode": "catmullrom"
						},
						"0.45": {
							"post": [0, 0.08, -0.13],
							"lerp_mode": "catmullrom"
						},
						"0.55": [0, -0.01, -0.28],
						"0.65": [0, 0, 0]
					}
				},
				"lefthand": {
					"rotation": {
						"0.05": [84.55606, -1.91886, -130.46016],
						"0.15": [84.28, -15.19, -129.13],
						"0.25": [92.28735, -29.81773, -128.79991],
						"0.35": [99.13767, -21.82367, -128.45709]
					},
					"position": {
						"0.05": [7.6, -28.9, -8],
						"0.15": [7.6, -20.23, -8],
						"0.25": [7.6, -16.5, -10.1],
						"0.35": [7.4, -15.2, -6.5]
					},
					"scale": [1, 1.5, 1]
				},
				"righthand": {
					"rotation": [95, 0, -180],
					"position": [-6.45, -15.9375, 11.1875],
					"scale": [1, 1.5, 1]
				},
				"additional_magazine": {
					"scale": 0
				}
			},
			"sound_effects": {
				"0.0": {
					"effect": "m1garand_draw"
				}
			}
		},
		"put_away": {
			"loop": "hold_on_last_frame",
			"animation_length": 0.5,
			"bones": {
				"root": {
					"rotation": {
						"0.0": [0, 0, 0],
						"0.05": [0, -3, 6],
						"0.15": [-10.32567, -18.95265, -8.14869],
						"0.2": [-26.69, -18.04, 2.69],
						"0.3": [-36.96, -11.63, -10.34],
						"0.4": [-43.84, -7.53, -20.73],
						"0.5": [-47.31135, -5.75386, -28.4767]
					},
					"position": {
						"0.0": [0, 0, 0],
						"0.05": [0, 0, 0],
						"0.15": [1.6, 0.2, 0],
						"0.2": [4.17, -1.16, 0],
						"0.3": [10.63, -11.12, 1.93],
						"0.4": [19.92, -27.81, 5.6],
						"0.5": [27.5, -44.4, 9.1]
					}
				},
				"lefthand": {
					"rotation": [99.13767, -21.82367, -128.45709],
					"position": [7.4, -15.2, -6.5],
					"scale": [1, 1.5, 1]
				},
				"righthand": {
					"rotation": {
						"0.0": [95, 0, -180],
						"0.1167": [99.24832, 57.15935, -172.20989]
					},
					"position": [-6.45, -15.9375, 11.1875],
					"scale": [1, 1.5, 1]
				},
				"additional_magazine": {
					"scale": 0
				}
			},
			"sound_effects": {
				"0.0": {
					"effect": "m1garand_put_away"
				}
			}
		},
		"inspect": {
			"animation_length": 7.35,
			"bones": {
				"root": {
					"rotation": {
						"0.0": [0, 0, 0],
						"0.05": [-5.79, 0.13, 1.95],
						"0.15": [-17.59, -10.78, -12.86],
						"0.25": [-25.6, -24.52, -35.41],
						"0.3": [-27.59976, -27.22756, -41.19159],
						"0.35": [-29.18247, -28.58725, -44.21775],
						"0.4": [-31.13848, -27.68974, -42.19082],
						"0.5": [-30.66598, -28.14222, -43.20004],
						"0.6": [-31.42, -28.14, -43.2],
						"0.7": [-32.01, -27.44, -41.92],
						"0.9": [-31.74, -28, -42.94],
						"1.0": [-31.76, -28.22, -43.36],
						"1.5": [-31.20393, -28.6466, -44.18009],
						"1.55": [-29.85, -30.65, -48.19],
						"1.65": [-29.18045, -31.65513, -50.18764],
						"1.8": [-29.71221, -31.16351, -49.16731],
						"1.95": [-29.71, -31.16, -49.17],
						"2.2": [-29.1733, -31.63628, -50.20015],
						"2.3": [-28.77, -30.86, -48.82],
						"2.4": [-27.89, -26.22, -40.22],
						"2.45": [-26.12, -16.94, -23.01],
						"2.5": [-27.22851, -1.49811, 6.49643],
						"2.65": [-27.64133, 24.07175, 55.7761],
						"2.8": [-27.55942, 24.18741, 56.01913],
						"2.9": [-26.63512, 25.213, 58.2211],
						"3.1": [-27.05095, 24.76144, 57.23672],
						"3.3": [-27.18, 24.27, 56.94],
						"3.5": [-27.3, 24.11, 56.64],
						"3.75": [-27.43825, 24.30227, 56.26287],
						"3.85": [-27.13612, 27.9047, 59.22256],
						"4.05": [-27.60586, 27.4605, 58.21082],
						"4.35": [-27.25, 27.82, 58.99],
						"4.55": [-27.1, 27.74, 59.31],
						"4.7": [-26.95, 27.21, 59.62],
						"4.8": [-26.5, 25.14, 57.6],
						"4.9": [-25.69, 21.35, 53.37],
						"5.0": [-27.3, 13.08, 39.44],
						"5.1": [-30.53, 10.74, 32.31],
						"5.15": [-30.94706, 10.98543, 32.75438],
						"5.25": [-32.11241, 10.47449, 31.87786],
						"5.3": [-33.79104, 11.14807, 29.27743],
						"5.35": [-34.94, 11.26, 29.51],
						"5.4": [-36.3637, 11.18323, 28.25743],
						"5.45": [-37.46, 12.29, 28.65],
						"5.55": [-39.65041, 13.56235, 29.2856],
						"5.75": [-38.85, 13.56, 29.29],
						"5.9": [-38.69, 13.42, 29.11],
						"6.2": [-38.66, 13.54, 29.26],
						"6.3": [-38.57593, 8.44932, 24.30995],
						"6.4": [-39.97836, 13.71543, 27.77033],
						"6.5": [-41.26, 12.28, 24.97],
						"6.6": [-41.36, 12.15, 24.48],
						"6.7": [-33.33, 7.37, 22.29],
						"6.8": [-17.16969, -2.07286, 18.42359],
						"6.9": [9.41515, -1.03643, 9.2118],
						"7.0": [1.9612, -0.55625, 7.98076],
						"7.05": [0.66898, -0.48139, 1.31942],
						"7.15": [-1.00521, -0.46117, 2.73757],
						"7.3": [0, 0, 0]
					},
					"position": {
						"0.0": [0, 0, 0],
						"0.1": [-0.07, 0.63, 0],
						"0.15": [-0.13, 1, 0],
						"0.25": [-0.51, 1.07, 0],
						"0.35": {
							"pre": [-0.8, 0.9, 0],
							"post": [-0.8, 0.9, 0],
							"lerp_mode": "catmullrom"
						},
						"0.45": {
							"post": [-1, 0.5, 0],
							"lerp_mode": "catmullrom"
						},
						"0.55": {
							"post": [-1, 0.225, 0],
							"lerp_mode": "catmullrom"
						},
						"0.65": {
							"post": [-1, 0.295, 0],
							"lerp_mode": "catmullrom"
						},
						"0.75": {
							"post": [-1, 0.48, 0],
							"lerp_mode": "catmullrom"
						},
						"0.85": {
							"post": [-1, 0.68, 0],
							"lerp_mode": "catmullrom"
						},
						"1.0": [-1, 0.77, 0],
						"1.25": [-1, 0.715, 0],
						"1.5": [-1, 0.5, 0],
						"1.6": {
							"pre": [-1, 0.5, 0],
							"post": [-1, 0.5, 0],
							"lerp_mode": "catmullrom"
						},
						"1.95": {
							"post": [-1, 0.715, 0],
							"lerp_mode": "catmullrom"
						},
						"2.05": {
							"post": [-1, 0.9, 0],
							"lerp_mode": "catmullrom"
						},
						"2.25": [-1, 0.9, 0],
						"2.35": [-0.91, 0.43, 0],
						"2.45": [0.05, -0.65, 0],
						"2.6": [1.85, -0.9, 0],
						"2.75": {
							"pre": [2.5, -0.3, 0],
							"post": [2.5, -0.3, 0],
							"lerp_mode": "catmullrom"
						},
						"2.85": {
							"post": [2.5, -0.075, -0.1],
							"lerp_mode": "catmullrom"
						},
						"3.0": {
							"post": [2.5, 0.06, -0.1],
							"lerp_mode": "catmullrom"
						},
						"3.2": {
							"post": [2.5, 0.02, -0.1],
							"lerp_mode": "catmullrom"
						},
						"3.75": [2.5, 0, -0.1],
						"3.95": [2.5, 0.225, -0.1],
						"4.35": [2.5, 0.38, -0.1],
						"4.55": [2.5, 0.445, -0.1],
						"4.8": [2.5, 0.3, -0.1],
						"4.95": [2.5, -0.6, 1.1],
						"5.1": [2.5, -0.9, 1.5],
						"5.25": [2.5, -1, 1.5],
						"5.3": [2.5, -1.03, 1.6],
						"5.4": [2.5, -1.4, 2.1],
						"5.55": [2.5, -1.24, 2.1],
						"5.65": [2.5, -1, 2.1],
						"5.75": [2.5, -0.93, 2.1],
						"5.9": [2.5, -0.89, 2.1],
						"6.05": [2.5, -0.87, 2.1],
						"6.2": [2.5, -0.89, 2.1],
						"6.25": [2.5, -0.4, 1.4],
						"6.35": [2.5, -1.03125, 1.9],
						"6.45": [2.5, -1.12, 1.9],
						"6.55": [2.5, -0.795, 1.9],
						"6.65": {
							"pre": [2.5, -0.545, 1.9],
							"post": [2.5, -0.545, 1.9],
							"lerp_mode": "catmullrom"
						},
						"6.75": {
							"post": [2.08, -1.02, 1.58],
							"lerp_mode": "catmullrom"
						},
						"6.85": {
							"post": [1.25, -2.05, 0.95],
							"lerp_mode": "catmullrom"
						},
						"7.0": [0, -0.5, -0.8],
						"7.1": [0, 0, 0.62],
						"7.2": [0, -0.2, -0.17],
						"7.35": [0, 0, 0]
					}
				},
				"charger": {
					"rotation": [0, 0, 0],
					"position": {
						"5.25": [0, 0, 0],
						"5.35": [0, 0, 0.5],
						"5.5": [0, 0, 2.1],
						"5.55": [0, 0, 2.2],
						"5.65": [0, 0, 2.4],
						"6.2": [0, 0, 2.4],
						"6.25": [0, 0, 0]
					}
				},
				"bolt2": {
					"rotation": {
						"5.5": [0, 0, 0],
						"5.65": [-1, 0, 0],
						"6.2": [-1, 0, 0],
						"6.25": [0, 0, 0]
					},
					"position": {
						"5.25": [0, 0, 0],
						"5.35": [0, 0, 0.6],
						"5.5": [0, 0, 2.1],
						"5.55": [0, 0, 2.2],
						"5.65": [0, 0, 2.4],
						"6.2": [0, 0, 2.4],
						"6.25": [0, 0, 0]
					}
				},
				"lefthand": {
					"rotation": {
						"0.0": [99.13767, -21.82367, -128.45709],
						"0.3": [97.60229, -50.98159, -172.85145],
						"2.35": [97.6, -50.98, -172.85],
						"2.5": [99.14399, -58.40097, -174.73803],
						"2.6": [52.85269, -57.5914, -146.26457],
						"4.8": [52.85, -57.59, -146.26],
						"4.9": [54.99, -48.13, -144.23],
						"4.95": [59.26454, -29.22407, -140.15519],
						"6.65": [59.26, -29.22, -140.16],
						"6.75": [74.19, -24.78, -133.14],
						"6.9": [99.13767, -21.82367, -128.45709]
					},
					"position": {
						"0.0": [7.4, -15.2, -6.5],
						"0.1": {
							"pre": [12.19929, -21.32931, -5.16257],
							"post": [12.19929, -21.32931, -5.16257],
							"lerp_mode": "catmullrom"
						},
						"0.2": {
							"post": [13.53031, -32.66631, 9.36009],
							"lerp_mode": "catmullrom"
						},
						"0.3": {
							"post": [14.47738, -36.79537, 21.17153],
							"lerp_mode": "catmullrom"
						},
						"2.35": [1.5, -46.2, 15.5],
						"2.5": [7.5, -24.2, -6.5],
						"2.6": [6.5, -17.2, -3],
						"4.8": [6.5, -17.2, -3],
						"4.9": [6.63, -17.03, -3.87],
						"4.95": [6.9, -16.7, -5.6],
						"6.65": [6.9, -16.7, -5.6],
						"6.75": {
							"pre": [7.34, -16.2, -7.1],
							"post": [7.34, -16.2, -7.1],
							"lerp_mode": "catmullrom"
						},
						"6.9": [7.4, -15.2, -6.5]
					},
					"scale": [1, 1.5, 1]
				},
				"righthand": {
					"rotation": {
						"0.0": [95, 0, -180],
						"4.85": [95, 0, -180],
						"5.05": [105.52, -19.21, -136.6],
						"5.25": [111.83055, -30.73531, -110.56377],
						"5.4": [114.34, -31.78, -111.06],
						"5.5": [115.46, -32.25, -111.28],
						"5.65": [116.2934, -32.5936, -111.44258],
						"6.2": [116.29, -32.59, -111.44],
						"6.3": [136.71372, 12.13934, -157.91548],
						"6.75": [136.71, 12.14, -157.92],
						"6.85": [111.68, 4.86, -171.17],
						"7.0": [95, 0, -180]
					},
					"position": {
						"0.0": [-6.45, -15.9375, 11.1875],
						"4.85": [-6.45, -15.9375, 11.1875],
						"4.95": [-7.53, -17, 7],
						"5.05": [-8.32, -16.3, 5.32],
						"5.15": [-8.68, -14.2, 4.28],
						"5.25": [-8.8, -13.7, 2.6],
						"5.35": [-8.8, -13.7, 3.12],
						"5.5": [-8.8, -13.7, 4.7],
						"5.55": [-8.8, -13.7, 4.83],
						"5.65": [-8.8, -13.7, 4.9],
						"6.2": [-8.8, -13.7, 4.9],
						"6.3": [-9.6, -16.67, 5.8],
						"6.35": [-9.6, -17.3, 4.43],
						"6.45": [-9.6, -17.9, 5.3],
						"6.75": [-9.7, -17.9, 7],
						"6.85": [-7.6, -17.36, 10.2],
						"7.0": [-6.45, -15.9375, 11.1875]
					},
					"scale": [1, 1.5, 1]
				},
				"additional_magazine": {
					"scale": 0
				}
			},
			"sound_effects": {
				"0.0": {
					"effect": "m1garand_inspect"
				}
			}
		},
		"reload_empty": {
			"animation_length": 2.625,
			"bones": {
				"constraint": {
					"rotation": [0.2, 0.15, 0.2],
					"position": [0.1, 0.1, 0.4]
				},
				"lefthand": {
					"rotation": {
						"0.0": [99.13767, -21.82367, -128.45709],
						"0.2083": [100.20155, -33.65491, -130.7304],
						"2.2083": [100.20155, -33.65491, -130.7304],
						"2.4167": [99.13767, -21.82367, -128.45709]
					},
					"position": {
						"0.0": [7.4, -15.2, -6.5],
						"0.2083": [7.4, -15.2, 0.375],
						"2.2083": [7.4, -15.2, 0.375],
						"2.4167": [7.4, -15.2, -6.5]
					},
					"scale": [1, 1.5, 1]
				},
				"righthand": {
					"rotation": {
						"0.0": [108.93875, -0.7812, -171.03369],
						"0.9167": [108.94, -0.78, -171.03],
						"1.0417": [115.0321, 24.72383, -153.24139],
						"1.125": [115.0321, 24.72383, -153.24139],
						"1.3333": [117, 13.59, -144.23],
						"1.5417": [121.03267, 31.13203, -133.77872],
						"1.7083": [121.03267, 31.13203, -133.77872],
						"1.7917": [121.03, 31.13, -133.78],
						"2.0": [128.76318, 14.25133, -166.15157],
						"2.0417": [128.76318, 14.25133, -166.15157],
						"2.125": [128.76318, 14.25133, -166.15157],
						"2.2083": [124.834, 11.06927, -148.57154],
						"2.4167": [95, 0, -180]
					},
					"position": {
						"0.0": [-8.575, -13.125, 4.875],
						"0.9167": [-8.57, -13.12, 4.88],
						"1.0417": [-8.945, -12.62, 4.38],
						"1.125": [-8.945, -12.62, 4.38],
						"1.3333": [-8.94, -12.12, 3.32],
						"1.5417": [-8.5025, -11.62, 3.32],
						"1.7083": [-8.5025, -11.62, 3.32],
						"1.7917": [-8.5, -11.62, 3.32],
						"2.0": [-10.0625, -11.62, 8.32],
						"2.0417": [-10.0625, -11.62, 8.32],
						"2.125": [-10.0625, -11.62, 7.1325],
						"2.2083": [-10.0625, -13.37, 6.07],
						"2.4167": [-6.45, -15.9375, 11.1875]
					},
					"scale": [1, 1.5, 1]
				},
				"root": {
					"rotation": {
						"0.0": [0, 0, 0],
						"0.2083": {
							"pre": [-13.3779, -23.38896, 12.4023],
							"post": [-13.3779, -23.38896, 12.4023],
							"lerp_mode": "catmullrom"
						},
						"0.4583": [-12.66671, -25.32042, 8.0627],
						"0.7083": [-12.41654, -22.45724, 8.36292],
						"0.9583": [-9.77317, -18.98111, -7.97535],
						"1.0833": [-9.77, -18.98, -7.98],
						"1.2083": [-10.09581, -18.25533, -3.82884],
						"1.3333": [-11.09581, -18.25533, -3.82884],
						"1.5": [-14.31268, -20.67893, -3.17824],
						"1.5417": [-11.77494, -20.70354, -3.29179],
						"1.625": [-9.5, -16.27, -2.48],
						"1.8333": [2.76811, -11.83955, -1.66592],
						"2.0417": [-3.43285, -3.39958, 9.06395],
						"2.1667": [0.07025, -5.9, 9.05693],
						"2.25": [5.47617, -7.64543, 1.75847],
						"2.3333": [2.97617, -7.64543, 1.75847],
						"2.625": [0, 0, 0]
					},
					"position": {
						"0.0": [0, 0, 0],
						"0.2083": {
							"pre": [1.0625, -0.3125, -0.3125],
							"post": [1.0625, -0.3125, -0.3125],
							"lerp_mode": "catmullrom"
						},
						"0.4583": [0.4375, -0.9375, 1.4375],
						"0.7083": [0.44, -0.69, 1.69],
						"0.9583": [0.2525, -0.565, 1.815],
						"1.0833": [0.25, -0.56, 1.82],
						"1.2083": [0.25, -0.6225, 1.82],
						"1.3333": [0.25, -0.6225, 1.82],
						"1.5": [0.25, -1.935, 1.82],
						"1.5417": [0.25, -2.4975, 1.82],
						"1.8333": [0.25, -1.31, 1.82],
						"2.0417": [0.25, -0.56, 1.82],
						"2.125": [0.25, -0.56, 1.5075],
						"2.2083": [0.125, -0.56, 0.445],
						"2.25": [0.125, -0.56, 0.445],
						"2.5": [0, 0, 0]
					}
				},
				"mag_and_righthand": {
					"rotation": {
						"0.0": [0, 0, 0],
						"0.8333": [13.25701, 11.20139, 2.62042],
						"0.9167": [11.95421, 6.72083, 1.57225],
						"1.0417": [0, 0, 0],
						"1.0833": [0, 0, 3],
						"1.2083": [0, 0, 0],
						"1.3333": [0, 0, 0],
						"1.5417": [0, 0, 0]
					},
					"position": {
						"0.0": [-3, -10, 0],
						"0.4167": [-3, -10, 2],
						"0.7083": [-6.6225, -2.12, 3.125],
						"0.8333": [-6.62, 0.6925, 1.13],
						"0.9167": [-3.97, 2.115, 0.68],
						"1.0417": [0, 3, 0],
						"1.0833": [0, 2.6875, 0],
						"1.2083": [0, 2.6875, 0],
						"1.3333": [0, 2.69, 0],
						"1.5417": [0, 0, 0]
					}
				},
				"charger": {
					"rotation": {
						"2.0417": [0, 0, 0],
						"2.125": [0, 0, 0]
					},
					"position": {
						"0.0": [0, 0, 6],
						"2.0417": [0, 0, 6],
						"2.125": [0, 0, 5.5],
						"2.1667": [0, 0, 0]
					}
				},
				"bolt2": {
					"rotation": {
						"2.125": [0, 0, 0],
						"2.1667": [0, 0, 0]
					},
					"position": {
						"0.0": [0, -0.425, 4.0875],
						"2.125": [0, -0.42, 4.09],
						"2.1667": [0, 0, 0]
					}
				},
				"additional_magazine": {
					"scale": 0
				},
				"bullet_in_barrel": {
					"scale": 0
				},
				"magazine": {
					"rotation": [0, 0, 0],
					"position": [0, 0, 0],
					"scale": {
						"0.0": [0, 0, 0],
						"0.5": [0, 0, 0],
						"0.5417": [1, 1, 1]
					}
				},
				"bullet": {
					"scale": {
						"0.0": [0, 0, 0],
						"0.0417": [1, 1, 1]
					}
				},
				"camera": {
					"rotation": {
						"0.0": [0, 0, 0],
						"0.25": [0, 1, 0],
						"0.5417": [0, 0.7, 0],
						"1.0417": [1, 0.5, 0],
						"1.3333": [0.5, 0.6, 0],
						"1.5": [2, 0.6, 0],
						"1.875": [0.5, 0.6, 0],
						"2.125": [0.2, 0.3, 0],
						"2.3333": [0, 0, 0]
					}
				}
			},
			"sound_effects": {
				"0.0": {
					"effect": "ww2/m1garand/m1garand_reload_empty"
				}
			}
		},
		"reload_tactical": {
			"animation_length": 2.9583,
			"bones": {
				"constraint": {
					"rotation": [0.2, 0.15, 0.2],
					"position": [0.1, 0.1, 0.4]
				},
				"lefthand": {
					"rotation": {
						"0.0": [99.13767, -21.82367, -128.45709],
						"0.2083": [143.88819, -15.24811, -150.02987],
						"1.0": [143.88819, -15.24811, -150.02987],
						"1.2083": [153.62478, -53.09148, -164.35474],
						"2.5833": [153.62478, -53.09148, -164.35474],
						"2.8333": [99.13767, -21.82367, -128.45709]
					},
					"position": {
						"0.0": [7.4, -15.2, -6.5],
						"0.2083": [7.4, -14.45, 4.75],
						"1.0": [7.4, -14.45, 4.75],
						"1.2083": [6.9625, -15.2, -0.1875],
						"2.5833": [6.9625, -15.2, -0.1875],
						"2.8333": [7.4, -15.2, -6.5]
					},
					"scale": [1, 1.5, 1]
				},
				"righthand": {
					"rotation": {
						"0.0": [95, 0, -180],
						"0.1667": [116.91174, -2.26766, -175.54264],
						"0.375": [119.37671, 12.55565, -158.58109],
						"0.5833": [119.38, 12.56, -158.58],
						"0.7083": [143.38, 12.56, -158.58],
						"0.8333": [143.38, 12.56, -158.58],
						"1.0833": [115.38, 12.56, -158.58],
						"1.2083": [115.38, 12.56, -158.58],
						"1.4583": [124.59791, 8.3145, -162.89224],
						"1.75": [104.6, 8.31, -162.89],
						"1.7917": [104.6, 8.31, -162.89],
						"2.25": [104.80255, 9.14375, -154.27623],
						"2.4167": [98.81966, 14.99031, -182.30693],
						"2.6667": [95, 0, -180]
					},
					"position": {
						"0.0": [-6.45, -15.9375, 11.1875],
						"0.1667": [-7.2625, -4.3775, 8.19],
						"0.2917": [-9.0475, -3.08, 2.99],
						"0.375": [-7.385, -2.755, 1.69],
						"0.5833": [-7.38, -2.75, 1.69],
						"0.7083": [-7.13, -2.75, 7.315],
						"0.8333": [-7.13, -2.75, 7.32],
						"1.0833": [-8.255, -11.25, 5.6325],
						"1.2083": [-8.25, -11.25, 5.63],
						"1.4583": [-8.25, -12.5, 5.63],
						"1.75": [-8.25, -11.8125, 5.63],
						"1.7917": [-8.25, -11.8125, 5.63],
						"2.25": [-8.6875, -11.81, 5.63],
						"2.4167": [-9.565, -11.81, 6.63],
						"2.6667": [-6.45, -15.9375, 11.1875]
					},
					"scale": [1, 1.5, 1]
				},
				"root": {
					"rotation": {
						"0.0": [0, 0, 0],
						"0.2083": [5.47901, -0.0229, 8.47863],
						"0.375": [7.96473, -4.6433, 15.08684],
						"0.5417": [3.79413, -4.9831, 17.06732],
						"0.7083": [-16.31541, 1.72692, 0.58797],
						"0.8333": [-13.44043, -7.96293, 3.0541],
						"1.0417": [-10.8233, -31.03678, 4.85346],
						"1.0833": [-10.8233, -31.03678, 4.85346],
						"1.25": [-14.60811, -29.07165, 4.42385],
						"1.375": [-17.65795, -28.48238, 6.60441],
						"1.5833": [-20.14031, -26.86157, 11.94605],
						"1.7083": [-23.06615, -24.44129, 14.43813],
						"1.7917": [-17.18301, -27.17935, 6.67966],
						"1.9583": [-13.13372, -26.20043, 11.02085],
						"2.0417": [-14.13372, -26.20043, 11.02085],
						"2.125": [-14.13372, -26.20043, 11.02085],
						"2.25": [-4.94079, -21.21971, 10.54151],
						"2.4167": [-3.59014, -21.61418, 4.10994],
						"2.4583": [-3.59, -21.61, 4.11],
						"2.5833": [-8.00456, -24.97114, 34.22336],
						"2.625": [-8.00456, -24.97114, 34.22336],
						"2.9583": [0, 0, 0]
					},
					"position": {
						"0.0": [0, 0, 0],
						"0.2083": [-0.625, -1.5, 0.25],
						"0.375": [-0.5, -1.125, -1.0625],
						"0.5417": [-0.5, -1.12, -0.935],
						"0.7083": [-1.8125, -1.12, 1.3775],
						"0.8333": [-1.5625, -1.12, 1.1275],
						"1.0417": [-0.8125, -1.8075, 1.1275],
						"1.0833": [-0.8125, -1.8075, 1.1275],
						"1.25": [-0.625, -1.0575, 1.1275],
						"1.375": [-0.625, -0.87, 1.1275],
						"1.5833": [-0.625, -0.87, 1.1275],
						"1.7083": [-0.62, -0.87, 1.13],
						"1.7917": [-0.62, -0.87, 1.13],
						"1.9583": [-0.62, -1.1825, 1.13],
						"2.0417": [-0.62, -1.0575, 1.13],
						"2.125": [-0.62, -1.37, 1.13],
						"2.25": [-0.62, -1.62, 1.13],
						"2.4167": [-0.62, -2.0575, 1.13],
						"2.4583": [-0.62, -2.06, 1.13],
						"2.5833": [1.005, -1.435, -0.87],
						"2.625": [1.005, -1.435, -0.87],
						"2.875": [0, 0, 0]
					}
				},
				"mag_and_righthand": {
					"rotation": {
						"0.0": [0, 0, 0],
						"1.0833": [0, 0, 0],
						"1.2083": [-40, 0, 0],
						"1.4167": [-14, 0, 0],
						"1.5833": [-7.5, 0, 0],
						"1.6667": [0, 0, 0],
						"1.7083": [0, 0, 0],
						"1.7917": [0, 0, 0],
						"1.9583": [0, 0, 0],
						"2.0417": [0, 0, 0],
						"2.2083": [0, 0, 0]
					},
					"position": {
						"0.0": [-3, -10, 0],
						"1.0833": [-3, -7, 5],
						"1.2083": [-7.1875, -2, 3.75],
						"1.4167": [-2.44, 3.3125, 1.1875],
						"1.5833": [0, 3, 0.125],
						"1.6667": [0, 2.75, 0],
						"1.7083": [0, 2.75, 0],
						"1.7917": [0, 2.75, 0],
						"1.9583": [0, 0.75, 0],
						"2.0417": [0, 0.8125, 0],
						"2.2083": [0, 0, 0]
					}
				},
				"charger": {
					"rotation": {
						"0.5833": [0, 0, 0],
						"0.7083": [0, 0, 0],
						"2.25": [0, 0, 0],
						"2.4167": [0, 0, 0]
					},
					"position": {
						"0.5833": [0, 0, 0],
						"0.7083": [0, 0, 6],
						"2.25": [0, 0, 6],
						"2.4167": [0, 0, 4.4375],
						"2.4583": [0, 0, 0]
					}
				},
				"bolt2": {
					"rotation": {
						"0.5833": [0, 0, 0],
						"2.4167": [0, 0, 0]
					},
					"position": {
						"0.5833": [0, 0, 0],
						"0.7083": [0, -0.425, 4.0875],
						"2.4167": [0, -0.42, 4.09],
						"2.4583": [0, 0, 0]
					}
				},
				"bullet_in_barrel": {
					"rotation": {
						"0.7083": [0, 0, 0],
						"0.75": {
							"pre": [-55.3782, -11.44384, -25.72906],
							"post": [-55.3782, -11.44384, -25.72906],
							"lerp_mode": "catmullrom"
						},
						"0.9167": {
							"post": [-33.79872, -6.42028, -136.49921],
							"lerp_mode": "catmullrom"
						}
					},
					"position": {
						"0.7083": [0, 0, 0],
						"0.75": {
							"pre": [-4.6875, 3.6875, -1.625],
							"post": [-4.6875, 3.6875, -1.625],
							"lerp_mode": "catmullrom"
						},
						"0.9167": {
							"post": [-15.19, -5.31, -1.62],
							"lerp_mode": "catmullrom"
						}
					},
					"scale": {
						"0.9583": {
							"pre": [1, 1, 1],
							"post": [0, 0, 0]
						}
					}
				},
				"additional_magazine": {
					"rotation": {
						"0.6667": [0, 0, 0],
						"0.7083": [0, 0, 0],
						"0.8333": {
							"pre": [-55.3782, -11.44384, -25.72906],
							"post": [-55.3782, -11.44384, -25.72906],
							"lerp_mode": "catmullrom"
						},
						"1.0": {
							"post": [-33.79872, -6.42028, -136.49921],
							"lerp_mode": "catmullrom"
						}
					},
					"position": {
						"0.6667": [0, 0, 0],
						"0.7083": [0, 3, 0],
						"0.8333": {
							"pre": [-0.6875, 12.6875, -1.625],
							"post": [-0.6875, 12.6875, -1.625],
							"lerp_mode": "catmullrom"
						},
						"1.0": {
							"post": [-10.19, 4.69, -1.62],
							"lerp_mode": "catmullrom"
						}
					},
					"scale": {
						"1.0417": {
							"pre": [1, 1, 1],
							"post": [0, 0, 0]
						}
					}
				},
				"camera": {
					"rotation": {
						"0.0": [0, 0, 0],
						"0.375": [1, 1, 0],
						"0.5417": [0.7, 0.7, 0],
						"0.6667": [-1, 2, 0],
						"1.0417": [0.7, 0.7, 0],
						"1.5833": [0.5, 0.5, 0],
						"1.7917": [1, 1, 0],
						"2.2917": [1, 1.2, 0],
						"2.4167": [1, 1, 0],
						"2.5833": [1.7, -1, 0],
						"2.8333": [0, 0, 0]
					}
				}
			},
			"sound_effects": {
				"0.0": {
					"effect": "m1garand_reload_tactical"
				}
			}
		},
		"shoot2": {
			"loop": "hold_on_last_frame",
			"animation_length": 0.8333,
			"bones": {
				"root": {
					"rotation": {
						"0.0": {
							"post": [0, 0, 0],
							"lerp_mode": "catmullrom"
						},
						"0.0167": {
							"post": [0.92, 0, 1.0175],
							"lerp_mode": "catmullrom"
						},
						"0.0333": {
							"post": [-2.46953, 0, 1.3],
							"lerp_mode": "catmullrom"
						},
						"0.1333": {
							"post": [-0.86953, 0, -0.815],
							"lerp_mode": "catmullrom"
						},
						"0.1833": {
							"post": [-0.125, 0, 0.48281],
							"lerp_mode": "catmullrom"
						},
						"0.25": {
							"post": [0.01641, 0.00036, -0.76172],
							"lerp_mode": "catmullrom"
						},
						"0.35": {
							"post": [0.3, 0, 0.175],
							"lerp_mode": "catmullrom"
						},
						"0.45": {
							"post": [0.37485, -0.36189, -0.1543],
							"lerp_mode": "catmullrom"
						},
						"0.5667": {
							"post": [0.24996, -0.05436, 0.27499],
							"lerp_mode": "catmullrom"
						},
						"0.7167": {
							"post": [-0.01, 0, -0.03],
							"lerp_mode": "catmullrom"
						},
						"0.8333": {
							"post": [0, 0, 0],
							"lerp_mode": "catmullrom"
						}
					},
					"position": {
						"0.0": {
							"post": [0, 0, 0],
							"lerp_mode": "catmullrom"
						},
						"0.0167": {
							"post": [0, -0.26875, 2.1],
							"lerp_mode": "catmullrom"
						},
						"0.0333": {
							"post": [0, 0.03, 2.2875],
							"lerp_mode": "catmullrom"
						},
						"0.1167": {
							"post": [0, -0.05469, 1.40656],
							"lerp_mode": "catmullrom"
						},
						"0.1833": {
							"post": [0, -0.15156, -0.32109],
							"lerp_mode": "catmullrom"
						},
						"0.4": {
							"post": [0, -0.06, 0.02],
							"lerp_mode": "catmullrom"
						},
						"0.5167": {
							"post": [0, 0, 0],
							"lerp_mode": "catmullrom"
						},
						"0.6333": {
							"post": [0, 0, 0],
							"lerp_mode": "catmullrom"
						},
						"0.7667": {
							"post": [0, 0, 0],
							"lerp_mode": "catmullrom"
						}
					}
				},
				"charger": {
					"position": {
						"0.0": [0, 0, 0],
						"0.0167": [0, 0, 6]
					}
				},
				"bolt2": {
					"position": {
						"0.0": [0, 0, 0],
						"0.0167": [0, -0.375, 4.06875]
					}
				},
				"additional_magazine": {
					"scale": 0
				},
				"magazine": {
					"rotation": {
						"0.0": [0, 0, 0],
						"0.0333": [0, 0, 0],
						"0.15": {
							"pre": [-55.3782, -11.44384, -25.72906],
							"post": [-55.3782, -11.44384, -25.72906],
							"lerp_mode": "catmullrom"
						},
						"0.3167": {
							"post": [-33.79872, -6.42028, -136.49921],
							"lerp_mode": "catmullrom"
						}
					},
					"position": {
						"0.0": [0, 0, 0],
						"0.0333": [0, 3, 0],
						"0.15": {
							"pre": [-0.6875, 12.6875, -1.625],
							"post": [-0.6875, 12.6875, -1.625],
							"lerp_mode": "catmullrom"
						},
						"0.3167": {
							"post": [-10.19, 4.69, -1.62],
							"lerp_mode": "catmullrom"
						}
					},
					"scale": {
						"0.3667": {
							"pre": [1, 1, 1],
							"post": [0, 0, 0]
						}
					}
				},
				"bullet": {
					"scale": 0
				},
				"bullet_in_barrel": {
					"scale": 0
				}
			}
		},
		"static_bolt_caught": {
			"animation_length": 1.0417,
			"bones": {
				"magazine": {
					"rotation": {
						"0.0": [0, 0, 0],
						"0.0417": [0, 0, 0],
						"0.2083": {
							"pre": [-51.09729, -27.53573, -38.3879],
							"post": [-51.09729, -27.53573, -38.3879],
							"lerp_mode": "catmullrom"
						},
						"0.4167": {
							"post": [-85.51496, -76.51963, -76.42355],
							"lerp_mode": "catmullrom"
						},
						"0.4583": {
							"post": [0, 0, 0],
							"lerp_mode": "catmullrom"
						}
					},
					"position": {
						"0.0": [0, 0, 0],
						"0.0417": [0, 3, 0],
						"0.2083": {
							"pre": [-3, 14.5, -1.625],
							"post": [-3, 14.5, -1.625],
							"lerp_mode": "catmullrom"
						},
						"0.4167": {
							"post": [-14, 8.5, -1.625],
							"lerp_mode": "catmullrom"
						},
						"0.4583": {
							"post": [0, 0, 0],
							"lerp_mode": "catmullrom"
						}
					},
					"scale": {
						"0.4167": {"pre": [1, 1, 1], "post": [0, 0, 0]}
					}
				},
				"charger": {
					"position": [0, 0, 6]
				},
				"bolt2": {
					"position": [0, -0.425, 4.0875]
				},
				"boltrelease": {
					"position": [0, 0.1, 0]
				},
				"undefined": {
					"position": [0, 0, 0]
				},
				"additional_magazine": {
					"scale": 0
				},
				"bullet_in_barrel": {
					"scale": 0
				},
				"bullet": {
					"scale": 0
				}
			},
			"sound_effects": {
				"0.0": {
					"effect": "ww:m1garand/m1garandping"
				}
			}
		}
	}
}