{
	"format_version": "1.8.0",
	"animations": {
		"static_idle": {
			"animation_length": 0.1,
			"bones": {
				"lefthand": {
					"rotation": [99.10245, -28.39169, -137.40361],
					"position": [8.025, -11.85, -4.95],
					"scale": [1, 1.5, 1]
				},
				"righthand": {
					"rotation": [92.4939, 3.99619, -180.17476],
					"position": [-6.9, -14.125, 8.425],
					"scale": [1, 1.5, 1]
				},
				"bolt_release": {
					"rotation": [0, 0, 0]
				},
				"constraint": {
					"rotation": [0.1, 0.1, 0.1],
					"position": [0.1, 0.1, 0.35]
				},
				"lefthand_pos": {
					"position": [-1, 0, 1]
				}
			}
		},
		"static_bolt_caught": {
			"animation_length": 0.1,
			"bones": {
				"lefthand": {
					"rotation": [99.10245, -28.39169, -137.40361],
					"position": [8.025, -11.85, -4.95],
					"scale": [1, 1.5, 1]
				},
				"righthand": {
					"rotation": [92.4939, 3.99619, -180.17476],
					"position": [-6.9, -14.125, 8.425],
					"scale": [1, 1.5, 1]
				},
				"bullet": {
					"scale": 0
				},
				"bullet_in_mag": {
					"scale": 0
				},
				"bolt": {
					"position": [0, 0, 3]
				},
				"bolt_release": {
					"rotation": [0, 0, 15]
				},
				"lefthand_pos": {
					"position": [-1, 0, 1]
				}
			}
		},
		"draw": {
			"animation_length": 0.7843,
			"bones": {
				"lefthand": {
					"rotation": {
						"0.0": [92.44585, -22.23047, -119.50882],
						"0.1961": [99.10245, -28.39169, -137.40361]
					},
					"position": {
						"0.0": [15.57, -23.23, -4.95],
						"0.1961": [8.025, -11.85, -4.95]
					},
					"scale": [1, 1.5, 1]
				},
				"righthand": {
					"rotation": [92.4939, 3.99619, -180.17476],
					"position": [-6.9, -14.125, 8.425],
					"scale": [1, 1.5, 1]
				},
				"root": {
					"rotation": {
						"0.0": [11.65263, -27.91875, 35.6415],
						"0.3137": {
							"pre": [0.82459, -2.8871, 7.79742],
							"post": [0.82459, -2.8871, 7.79742],
							"lerp_mode": "catmullrom"
						},
						"0.549": {
							"post": [-0.065, -0.095, 0.79],
							"lerp_mode": "catmullrom"
						},
						"0.6667": {
							"post": [0, -0.03, 0.1],
							"lerp_mode": "catmullrom"
						},
						"0.7843": [0, 0, 0]
					},
					"position": {
						"0.0": [0.0625, -3.14062, 13.32813],
						"0.1961": {
							"pre": [0.275, -1.45, -0.38438],
							"post": [0.275, -1.45, -0.38438],
							"lerp_mode": "catmullrom"
						},
						"0.3529": {
							"post": [0.09, -0.56, -1.2],
							"lerp_mode": "catmullrom"
						},
						"0.4706": {
							"post": [-0.05, -0.075, 0.265],
							"lerp_mode": "catmullrom"
						},
						"0.5882": {
							"post": [0, 0, 0],
							"lerp_mode": "catmullrom"
						},
						"0.7451": {
							"post": [0, 0, 0],
							"lerp_mode": "catmullrom"
						}
					}
				},
				"camera": {
					"rotation": {
						"0.0": {
							"post": [0, 0, 0],
							"lerp_mode": "catmullrom"
						},
						"0.1961": {
							"post": [0.225, -0.2, -0.375],
							"lerp_mode": "catmullrom"
						},
						"0.4314": {
							"post": [-0.22, 0.15, 0.1],
							"lerp_mode": "catmullrom"
						},
						"0.5882": {
							"post": [0.03, 0, -0.02],
							"lerp_mode": "catmullrom"
						},
						"0.7451": {
							"post": [0, 0, 0],
							"lerp_mode": "catmullrom"
						}
					}
				},
				"lefthand_pos": {
					"position": [-1, 0, 1]
				}
			},
			"sound_effects": {
				"0.0": {
					"effect": "m4a1_raise_v2"
				}
			}
		},
		"put_away": {
			"animation_length": 0.5333,
			"bones": {
				"root": {
					"rotation": {
						"0.0": {
							"post": [0, 0, 0],
							"lerp_mode": "catmullrom"
						},
						"0.0667": {
							"post": [-0.51171, -3.6801, -4.19401],
							"lerp_mode": "catmullrom"
						},
						"0.1333": {
							"post": [4.36882, -11.73179, -10.29382],
							"lerp_mode": "catmullrom"
						},
						"0.2333": {
							"post": [12.74519, -20.93019, -6.8093],
							"lerp_mode": "catmullrom"
						},
						"0.4": {
							"post": [32.04283, -33.29116, -11.84847],
							"lerp_mode": "catmullrom"
						},
						"0.5": {
							"post": [49.81196, -45.49555, -15.70446],
							"lerp_mode": "catmullrom"
						}
					},
					"position": {
						"0.0": {
							"post": [0, 0, 0],
							"lerp_mode": "catmullrom"
						},
						"0.0667": {
							"post": [-0.45, -0.49, 0.28],
							"lerp_mode": "catmullrom"
						},
						"0.1333": {
							"post": [-0.67, -1.47, 0.34],
							"lerp_mode": "catmullrom"
						},
						"0.2333": {
							"post": [-0.435, -3.42, 0.06],
							"lerp_mode": "catmullrom"
						},
						"0.4": {
							"post": [0.92, -7.375, -0.335],
							"lerp_mode": "catmullrom"
						},
						"0.5333": {
							"post": [4.125, -13.425, -0.35],
							"lerp_mode": "catmullrom"
						}
					}
				},
				"lefthand": {
					"rotation": {
						"0.0": [99.10245, -28.39169, -137.40361],
						"0.2": [148.89318, -7.54994, -212.09431]
					},
					"position": {
						"0.0": [8.025, -11.85, -4.95],
						"0.1": [9.045, -11.335, -4.995],
						"0.2": [8.42, -9.395, -4.695]
					},
					"scale": [1, 1.5, 1]
				},
				"righthand": {
					"rotation": [92.4939, 3.99619, -180.17476],
					"position": [-6.9, -14.125, 8.425],
					"scale": [1, 1.5, 1]
				},
				"camera": {
					"rotation": {
						"0.0": {
							"post": [0, 0, 0],
							"lerp_mode": "catmullrom"
						},
						"0.1333": {
							"post": [0.3, 0, -0.125],
							"lerp_mode": "catmullrom"
						},
						"0.2333": {
							"post": [0.64, 0, 0.3],
							"lerp_mode": "catmullrom"
						},
						"0.3333": {
							"post": [0.5, 0, 0.15],
							"lerp_mode": "catmullrom"
						},
						"0.5": {
							"post": [0, 0, 0],
							"lerp_mode": "catmullrom"
						}
					}
				},
				"lefthand_pos": {
					"position": [-1, 0, 1]
				}
			},
			"sound_effects": {
				"0.1": {
					"effect": "p01_ar_mike4_drop"
				}
			}
		},
		"reload_tactical": {
			"animation_length": 2.3333,
			"bones": {
				"lefthand": {
					"rotation": {
						"0.0": [99.10245, -28.39169, -137.40361],
						"0.1": {
							"pre": [99.1, -28.39, -137.4],
							"post": [99.1, -28.39, -137.4],
							"lerp_mode": "catmullrom"
						},
						"0.2": {
							"post": [100.31175, -38.9876, -139.57508],
							"lerp_mode": "catmullrom"
						},
						"0.4333": {
							"post": [85.17283, 2.63043, -178.59904],
							"lerp_mode": "catmullrom"
						},
						"0.9": {
							"post": [85.17283, 2.63043, -178.59904],
							"lerp_mode": "catmullrom"
						},
						"0.9333": [86.01133, -17.67975, -99.41687],
						"1.2333": [86.01133, -17.67975, -99.41687],
						"1.5": [86.01133, -17.67975, -99.41687],
						"1.6": {
							"pre": [95.87634, -23.82565, -123.30512],
							"post": [95.87634, -23.82565, -123.30512],
							"lerp_mode": "catmullrom"
						},
						"1.7": {
							"post": [99.10245, -28.39169, -137.40361],
							"lerp_mode": "catmullrom"
						}
					},
					"position": {
						"0.0": [8.025, -11.85, -4.95],
						"0.1": [8.01827, -11.87966, -5.47403],
						"0.2": [18.63567, -20.33154, 1.41755],
						"0.4333": [11.305, -28.675, 23.45],
						"0.9": [11.305, -28.675, 23.45],
						"0.9333": [6.05, -17.205, 2.61],
						"1.2333": [6.575, -16.405, 2.61],
						"1.4333": [6.575, -16.405, 2.61],
						"1.5": [6.26, -17.205, 2.61],
						"1.5667": {
							"pre": [9.05, -17.205, 2.61],
							"post": [9.05, -17.205, 2.61],
							"lerp_mode": "catmullrom"
						},
						"1.6333": {
							"post": [9.5, -13.95, -0.19],
							"lerp_mode": "catmullrom"
						},
						"1.7": {
							"post": [8.025, -11.85, -4.95],
							"lerp_mode": "catmullrom"
						}
					},
					"scale": [1, 1.5, 1]
				},
				"righthand": {
					"rotation": {
						"0.0": [92.4939, 3.99619, -180.17476],
						"1.7333": [92.49, 4, -180.17]
					},
					"position": {
						"0.0": [-6.9, -14.125, 8.425],
						"1.7333": {
							"pre": [-6.9, -14.12, 8.43],
							"post": [-6.9, -14.12, 8.43],
							"lerp_mode": "catmullrom"
						},
						"1.9667": {
							"post": [-6.9, -14.125, 8.425],
							"lerp_mode": "catmullrom"
						}
					},
					"scale": [1, 1.5, 1]
				},
				"root": {
					"rotation": {
						"0.0": {
							"post": [0, 0, 0],
							"lerp_mode": "catmullrom"
						},
						"0.1": {
							"post": [-3.24, -1.28, -1.66],
							"lerp_mode": "catmullrom"
						},
						"0.1667": {
							"post": [-1.22602, -1.98699, 9.54848],
							"lerp_mode": "catmullrom"
						},
						"0.2": {
							"post": [-0.83433, -2.37009, 18.91092],
							"lerp_mode": "catmullrom"
						},
						"0.2333": {
							"post": [-0.58444, -2.70769, 28.33281],
							"lerp_mode": "catmullrom"
						},
						"0.3": {
							"post": [-0.73487, -3.45148, 26.82664],
							"lerp_mode": "catmullrom"
						},
						"0.3667": {
							"post": [-9.85, -0.28, -24.255],
							"lerp_mode": "catmullrom"
						},
						"0.4": {
							"post": [-13.92455, 0.79241, -38.84884],
							"lerp_mode": "catmullrom"
						},
						"0.4667": {
							"post": [-16.37264, -2.00707, -43.27927],
							"lerp_mode": "catmullrom"
						},
						"0.5667": {
							"post": [-17.54955, -4.52082, -36.08161],
							"lerp_mode": "catmullrom"
						},
						"0.6667": {
							"post": [-18.70151, -4.40429, -32.66848],
							"lerp_mode": "catmullrom"
						},
						"0.7667": {
							"post": [-19.08127, -4.06214, -28.29379],
							"lerp_mode": "catmullrom"
						},
						"0.9333": {
							"post": [-15.63, -4.18, -33.175],
							"lerp_mode": "catmullrom"
						},
						"1.0667": {
							"post": [-15.72172, -2.86761, -33.25168],
							"lerp_mode": "catmullrom"
						},
						"1.2333": {
							"post": [-17.86625, -6.70691, -42.9336],
							"lerp_mode": "catmullrom"
						},
						"1.3333": {
							"post": [-15.97554, -4.4902, -43.45699],
							"lerp_mode": "catmullrom"
						},
						"1.3667": {
							"post": [-14.34425, -3.09249, -35.49442],
							"lerp_mode": "catmullrom"
						},
						"1.4": {
							"post": [-16.06862, -4.66605, -37.57407],
							"lerp_mode": "catmullrom"
						},
						"1.4667": {
							"post": [-14.69313, -3.11145, -32.3039],
							"lerp_mode": "catmullrom"
						},
						"1.5333": {
							"post": [-10.88, -4.24, -29.045],
							"lerp_mode": "catmullrom"
						},
						"1.6333": {
							"post": [-7.95046, -3.54216, -0.80782],
							"lerp_mode": "catmullrom"
						},
						"1.7667": {
							"post": [3.11693, -1.05943, 3.30619],
							"lerp_mode": "catmullrom"
						},
						"1.8667": {
							"post": [0.57, 0.55, -2.295],
							"lerp_mode": "catmullrom"
						},
						"1.9333": {
							"post": [-0.5, -1.225, 1.2],
							"lerp_mode": "catmullrom"
						},
						"2.0667": {
							"post": [0, 0, 0.05],
							"lerp_mode": "catmullrom"
						},
						"2.2": {
							"post": [0, 0, -0.09],
							"lerp_mode": "catmullrom"
						},
						"2.3333": {
							"post": [0, 0, 0],
							"lerp_mode": "catmullrom"
						}
					},
					"position": {
						"0.0": {
							"post": [0, 0, 0],
							"lerp_mode": "catmullrom"
						},
						"0.1": {
							"post": [0.12, -0.17, 0.225],
							"lerp_mode": "catmullrom"
						},
						"0.1667": {
							"post": [-0.645, -0.61, 0.74],
							"lerp_mode": "catmullrom"
						},
						"0.2333": {
							"post": [-1.335, -0.63, 1.225],
							"lerp_mode": "catmullrom"
						},
						"0.3333": {
							"post": [-1.035, 0.195, 1.475],
							"lerp_mode": "catmullrom"
						},
						"0.4": {
							"post": [-0.16, 0.52, 1.1],
							"lerp_mode": "catmullrom"
						},
						"0.5": {
							"post": [0.075, 0.345, 0.645],
							"lerp_mode": "catmullrom"
						},
						"0.5667": {
							"post": [0.28, 0.23, 0.42],
							"lerp_mode": "catmullrom"
						},
						"0.6": {
							"post": [0.475, 0.095, 0.47],
							"lerp_mode": "catmullrom"
						},
						"0.7333": {
							"post": [0.77, -0.525, 0.655],
							"lerp_mode": "catmullrom"
						},
						"0.8333": {
							"post": [0.855, -0.59, 0.81],
							"lerp_mode": "catmullrom"
						},
						"0.9667": {
							"post": [0.62, -0.49, 0.655],
							"lerp_mode": "catmullrom"
						},
						"1.0667": {
							"post": [0.405, -0.075, 0.38],
							"lerp_mode": "catmullrom"
						},
						"1.2333": [0.26, 0.235, 0.185],
						"1.3333": [0.115, 0.23, 0.185],
						"1.4": {
							"pre": [0.485, -0.83, 0.185],
							"post": [0.485, -0.83, 0.185],
							"lerp_mode": "catmullrom"
						},
						"1.5": {
							"post": [0.255, -0.68, 0.185],
							"lerp_mode": "catmullrom"
						},
						"1.5667": {
							"post": [0.375, -0.62, -0.04],
							"lerp_mode": "catmullrom"
						},
						"1.7333": {
							"post": [0.27, -1.72, -0.9],
							"lerp_mode": "catmullrom"
						},
						"1.8667": {
							"post": [-0.07, -0.12, 0.595],
							"lerp_mode": "catmullrom"
						},
						"1.9667": {
							"post": [-0.07, 0.07, -0.05625],
							"lerp_mode": "catmullrom"
						},
						"2.1": {
							"post": [0, 0.055, 0.055],
							"lerp_mode": "catmullrom"
						},
						"2.3": {
							"post": [0, 0, 0],
							"lerp_mode": "catmullrom"
						}
					}
				},
				"mag_and_lefthand": {
					"rotation": {
						"0.0": [0, 0, 0],
						"0.9": {
							"pre": [0, 0, 0],
							"post": [-1.5, 0, 0]
						},
						"1.0333": [-35.53512, -24.39375, -13.65478],
						"1.1667": [-10.13685, -1.53119, -1.58329],
						"1.3333": [0, 0, 0]
					},
					"position": {
						"0.0": [0, 0, 0],
						"0.9": {
							"pre": [0, 0, 0],
							"post": [0, -16.12, 2.26]
						},
						"1.0333": [2.42, -8.24, -2.9],
						"1.1667": [0.295, -3.495, -0.89],
						"1.2333": [0.17, -3.395, -0.465],
						"1.3333": [0, -3.325, 0],
						"1.3667": {
							"pre": [0, 0, 0],
							"post": [0, 0, 0],
							"lerp_mode": "catmullrom"
						}
					}
				},
				"mag_and_bullet": {
					"rotation": {
						"0.3667": [0, 0, 0],
						"0.5": [-12.5, -5, -143.94],
						"0.6667": [6.71216, -0.48552, -228.01498],
						"0.7667": [0, 0, -275.24],
						"0.9": {
							"pre": [0, 0, 2.26],
							"post": [0, 0, 0]
						}
					},
					"position": {
						"0.3": [0, 0, 0],
						"0.3667": [0.05, -2.83, -0.01],
						"0.5": [4.20825, -10.97516, -5.06901],
						"0.5667": [7.55006, -14.96268, -5.96782],
						"0.6333": [8.77993, -21.77805, -6.21685],
						"0.8333": [6.96066, -62.13778, -0.01632],
						"0.9": {
							"pre": [0, -58.38, -0.5],
							"post": [0, 0, 0]
						},
						"0.9333": [0, -11, 18],
						"1.1": [0, -5.14, 5.14],
						"1.1333": [0, -4.57, 0.17],
						"1.1667": [0, 0, 0]
					}
				},
				"mag_release": {
					"position": {
						"0.2667": [0, 0, 0],
						"0.3": [0.13125, 0, 0],
						"0.6": [0.13125, 0, 0],
						"0.6667": [0, 0, 0],
						"1.3333": [0, 0, 0],
						"1.3667": [0.13125, 0, 0],
						"1.4333": [0.13125, 0, 0],
						"1.4667": [0, 0, 0]
					}
				},
				"camera": {
					"rotation": {
						"0.0": {
							"post": [0, 0, 0],
							"lerp_mode": "catmullrom"
						},
						"0.2333": {
							"post": [1.7, 0.425, 0],
							"lerp_mode": "catmullrom"
						},
						"0.3333": {
							"post": [1.445, -0.14, -2.145],
							"lerp_mode": "catmullrom"
						},
						"0.4333": {
							"post": [-1.075, -0.975, -0.975],
							"lerp_mode": "catmullrom"
						},
						"0.5667": {
							"post": [-0.76, -0.91, -1.85],
							"lerp_mode": "catmullrom"
						},
						"0.6667": {
							"post": [0.6, -0.575, -1.225],
							"lerp_mode": "catmullrom"
						},
						"0.8667": {
							"post": [1.2, 0.12, -0.975],
							"lerp_mode": "catmullrom"
						},
						"1.0333": {
							"post": [1.555, 0.275, -0.275],
							"lerp_mode": "catmullrom"
						},
						"1.3333": {
							"post": [1.46, -0.08, -0.56],
							"lerp_mode": "catmullrom"
						},
						"1.4": {
							"post": [2.235, -0.145, 0.575],
							"lerp_mode": "catmullrom"
						},
						"1.5": {
							"post": [1.41, -0.16, -1.285],
							"lerp_mode": "catmullrom"
						},
						"1.6333": {
							"post": [1.435, -0.17, 0.28],
							"lerp_mode": "catmullrom"
						},
						"1.7667": {
							"post": [0.815, -0.18, 0.11],
							"lerp_mode": "catmullrom"
						},
						"1.9": {
							"post": [-0.325, 0, -0.225],
							"lerp_mode": "catmullrom"
						},
						"1.9667": {
							"post": [0.12, 0.01, 0.33],
							"lerp_mode": "catmullrom"
						},
						"2.0667": {
							"post": [-0.125, 0, -0.175],
							"lerp_mode": "catmullrom"
						},
						"2.1667": {
							"post": [0.06, 0, 0.05],
							"lerp_mode": "catmullrom"
						},
						"2.3": {
							"post": [0, 0, 0],
							"lerp_mode": "catmullrom"
						}
					}
				},
				"lefthand_pos": {
					"position": {
						"0.0": [-1, 0, 1],
						"0.1333": [0, 1, 0],
						"0.9": [0, 0, 0],
						"0.9333": [-7, -11.75, 3],
						"1.1": [-3, -1.93, 0.86],
						"1.1333": [-5.1, 0.73, 0.43],
						"1.1667": [0, 2, 0],
						"1.2": [0, 2, 0],
						"1.2333": [0, 2, 0],
						"1.2667": [0, 2, 0],
						"1.3": [0, 2, 0],
						"1.3333": [0, 2, 0],
						"1.3667": [0, 2, 0],
						"1.4": [0, 2, 0],
						"1.4333": [0, 2, 0],
						"1.4667": [0, 2, 0],
						"1.5": [0, 2, 0],
						"1.5333": [0, 2, 0],
						"1.5667": [0, 2, 0],
						"1.6": [0, -1, 0],
						"1.6333": [0, 2, 0],
						"1.7": [-0.67, 0.67, 1.67],
						"1.7333": [-1, 0, 1],
						"1.7667": [-1, 0, 1],
						"1.8": [-1, 0, 1],
						"1.8333": [-1, 0, 1],
						"1.8667": [-1, 0, 1],
						"1.9": [-1, 0, 1]
					}
				}
			},
			"sound_effects": {
				"0.0": {
					"effect": "tacz:m16a4/m16a4_reload_tactical"
				},
				"0.1333": {
					"effect": "p01_ar_mike16_reload_empty_fast_rattle"
				},
				"0.3": {
					"effect": "p01_ar_mike16_reload_fast_magout"
				},
				"0.9333": {
					"effect": "iw8_phys_mag_drop_ar_poly_dirt_02"
				},
				"1.0": {
					"effect": "p01_ar_mike16_reload_empty_fast_end"
				},
				"1.1333": {
					"effect": "p01_ar_mike16_reload_magin"
				}
			}
		},
		"shoot": {
			"animation_length": 0.6333,
			"bones": {
				"root": {
					"rotation": {
						"0.0": [0, 0, 0],
						"0.0333": [1.225, 0, 0.725],
						"0.0667": [-0.595, 0, -1.175],
						"0.1": [-0.72, 0, -1.225],
						"0.1667": [0.18, 0, 0.525],
						"0.2667": [0.45, 0, -0.25],
						"0.3667": [0.225, -0.2, 0.25],
						"0.5": [0.055, -0.075, -0.075],
						"0.6333": [0, 0, 0]
					},
					"position": {
						"0.0": [0, 0, 0],
						"0.0333": [0, -0.025, 1.725],
						"0.0667": [0, -0.05, 1.38],
						"0.1333": [0, -0.05, -0.045],
						"0.2667": [0, -0.025, 0.1],
						"0.3667": [0, 0, 0]
					}
				},
				"bolt": {
					"position": {
						"0.0": [0, 0, 0],
						"0.0333": [0, 0, 2],
						"0.0667": [0, 0, 0]
					}
				},
				"camera": {
					"rotation": {
						"0.0": {
							"post": [0, 0, 0],
							"lerp_mode": "catmullrom"
						},
						"0.0333": {
							"post": [0, 0, 0.6],
							"lerp_mode": "catmullrom"
						},
						"0.0667": {
							"post": [0, 0, -0.4],
							"lerp_mode": "catmullrom"
						},
						"0.1333": {
							"post": [0, 0, 0.325],
							"lerp_mode": "catmullrom"
						},
						"0.2": {
							"post": [0, 0, -0.225],
							"lerp_mode": "catmullrom"
						},
						"0.2667": {
							"post": [0, 0, 0],
							"lerp_mode": "catmullrom"
						},
						"0.3667": {
							"post": [0, 0, 0],
							"lerp_mode": "catmullrom"
						}
					}
				},
				"constraint": {
					"rotation": {
						"0.0": [0.25, 0.33, 0.5],
						"0.5667": [0, 0, 0]
					},
					"position": {
						"0.0": [0.3, 0.3, 0.6],
						"0.5667": [0, 0, 0]
					}
				}
			},
			"sound_effects": {
				"0.0": {
					"effect": "tacz:p320/p320_shoot"
				}
			}
		},
		"reload_empty": {
			"animation_length": 2.7,
			"bones": {
				"lefthand": {
					"rotation": {
						"0.0": [99.10245, -28.39169, -137.40361],
						"0.1": {
							"pre": [99.1, -28.39, -137.4],
							"post": [99.1, -28.39, -137.4],
							"lerp_mode": "catmullrom"
						},
						"0.2": {
							"post": [100.31175, -38.9876, -139.57508],
							"lerp_mode": "catmullrom"
						},
						"0.4333": {
							"post": [85.17283, 2.63043, -178.59904],
							"lerp_mode": "catmullrom"
						},
						"0.9": {
							"post": [85.17283, 2.63043, -178.59904],
							"lerp_mode": "catmullrom"
						},
						"0.9333": [86.01133, -17.67975, -99.41687],
						"1.2333": [86.01133, -17.67975, -99.41687],
						"1.5": [86.01133, -17.67975, -99.41687],
						"1.6": {
							"pre": [95.87634, -23.82565, -123.30512],
							"post": [95.87634, -23.82565, -123.30512],
							"lerp_mode": "catmullrom"
						},
						"1.7": {
							"post": [99.10245, -28.39169, -137.40361],
							"lerp_mode": "catmullrom"
						}
					},
					"position": {
						"0.0": [8.025, -11.85, -4.95],
						"0.1": [8.01827, -11.87966, -5.47403],
						"0.2": [18.63567, -20.33154, 1.41755],
						"0.4333": [11.305, -28.675, 23.45],
						"0.9": [11.305, -28.675, 23.45],
						"0.9333": [6.05, -17.205, 2.61],
						"1.2333": [6.575, -16.405, 2.61],
						"1.4333": [6.575, -16.405, 2.61],
						"1.5": [6.26, -17.205, 2.61],
						"1.5667": {
							"pre": [9.05, -17.205, 2.61],
							"post": [9.05, -17.205, 2.61],
							"lerp_mode": "catmullrom"
						},
						"1.6333": {
							"post": [9.5, -13.95, -0.19],
							"lerp_mode": "catmullrom"
						},
						"1.7": {
							"post": [8.025, -11.85, -4.95],
							"lerp_mode": "catmullrom"
						}
					},
					"scale": [1, 1.5, 1]
				},
				"righthand": {
					"rotation": {
						"0.0": [92.4939, 3.99619, -180.17476],
						"1.7333": [92.49, 4, -180.17]
					},
					"position": {
						"0.0": [-6.9, -14.125, 8.425],
						"1.7333": {
							"pre": [-6.9, -14.12, 8.43],
							"post": [-6.9, -14.12, 8.43],
							"lerp_mode": "catmullrom"
						},
						"1.9667": {
							"post": [-6.9, -14.125, 8.425],
							"lerp_mode": "catmullrom"
						}
					},
					"scale": [1, 1.5, 1]
				},
				"root": {
					"rotation": {
						"0.0": {
							"post": [0, 0, 0],
							"lerp_mode": "catmullrom"
						},
						"0.1": {
							"post": [-3.24, -1.28, -1.66],
							"lerp_mode": "catmullrom"
						},
						"0.1667": {
							"post": [-1.22602, -1.98699, 9.54848],
							"lerp_mode": "catmullrom"
						},
						"0.2": {
							"post": [-0.83433, -2.37009, 18.91092],
							"lerp_mode": "catmullrom"
						},
						"0.2333": {
							"post": [-0.58444, -2.70769, 28.33281],
							"lerp_mode": "catmullrom"
						},
						"0.3": {
							"post": [-0.73487, -3.45148, 26.82664],
							"lerp_mode": "catmullrom"
						},
						"0.3667": {
							"post": [-9.85, -0.28, -24.255],
							"lerp_mode": "catmullrom"
						},
						"0.4": {
							"post": [-13.92455, 0.79241, -38.84884],
							"lerp_mode": "catmullrom"
						},
						"0.4667": {
							"post": [-16.37264, -2.00707, -43.27927],
							"lerp_mode": "catmullrom"
						},
						"0.5667": {
							"post": [-17.54955, -4.52082, -36.08161],
							"lerp_mode": "catmullrom"
						},
						"0.6667": {
							"post": [-18.70151, -4.40429, -32.66848],
							"lerp_mode": "catmullrom"
						},
						"0.7667": {
							"post": [-19.08127, -4.06214, -28.29379],
							"lerp_mode": "catmullrom"
						},
						"0.9333": {
							"post": [-15.63, -4.18, -33.175],
							"lerp_mode": "catmullrom"
						},
						"1.0667": {
							"post": [-15.72172, -2.86761, -33.25168],
							"lerp_mode": "catmullrom"
						},
						"1.2333": {
							"post": [-17.86625, -6.70691, -42.9336],
							"lerp_mode": "catmullrom"
						},
						"1.3333": {
							"post": [-15.97554, -4.4902, -43.45699],
							"lerp_mode": "catmullrom"
						},
						"1.3667": {
							"post": [-14.34425, -3.09249, -35.49442],
							"lerp_mode": "catmullrom"
						},
						"1.4": {
							"post": [-16.06862, -4.66605, -37.57407],
							"lerp_mode": "catmullrom"
						},
						"1.4667": {
							"post": [-14.69313, -3.11145, -32.3039],
							"lerp_mode": "catmullrom"
						},
						"1.5333": {
							"post": [-10.88, -4.24, -29.045],
							"lerp_mode": "catmullrom"
						},
						"1.6333": {
							"post": [-7.95046, -3.54216, -0.80782],
							"lerp_mode": "catmullrom"
						},
						"1.7667": {
							"post": [3.11693, -1.05943, 3.30619],
							"lerp_mode": "catmullrom"
						},
						"1.8667": {
							"post": [0.57, 0.55, -2.295],
							"lerp_mode": "catmullrom"
						},
						"1.9333": {
							"post": [-0.5, -1.225, 1.2],
							"lerp_mode": "catmullrom"
						},
						"2.0667": {
							"post": [0, 0, 0.05],
							"lerp_mode": "catmullrom"
						},
						"2.2": {
							"post": [0, 0, -0.09],
							"lerp_mode": "catmullrom"
						},
						"2.3333": {
							"post": [0, 0, 0],
							"lerp_mode": "catmullrom"
						}
					},
					"position": {
						"0.0": {
							"post": [0, 0, 0],
							"lerp_mode": "catmullrom"
						},
						"0.1": {
							"post": [0.12, -0.17, 0.225],
							"lerp_mode": "catmullrom"
						},
						"0.1667": {
							"post": [-0.645, -0.61, 0.74],
							"lerp_mode": "catmullrom"
						},
						"0.2333": {
							"post": [-1.335, -0.63, 1.225],
							"lerp_mode": "catmullrom"
						},
						"0.3333": {
							"post": [-1.035, 0.195, 1.475],
							"lerp_mode": "catmullrom"
						},
						"0.4": {
							"post": [-0.16, 0.52, 1.1],
							"lerp_mode": "catmullrom"
						},
						"0.5": {
							"post": [0.075, 0.345, 0.645],
							"lerp_mode": "catmullrom"
						},
						"0.5667": {
							"post": [0.28, 0.23, 0.42],
							"lerp_mode": "catmullrom"
						},
						"0.6": {
							"post": [0.475, 0.095, 0.47],
							"lerp_mode": "catmullrom"
						},
						"0.7333": {
							"post": [0.77, -0.525, 0.655],
							"lerp_mode": "catmullrom"
						},
						"0.8333": {
							"post": [0.855, -0.59, 0.81],
							"lerp_mode": "catmullrom"
						},
						"0.9667": {
							"post": [0.62, -0.49, 0.655],
							"lerp_mode": "catmullrom"
						},
						"1.0667": {
							"post": [0.405, -0.075, 0.38],
							"lerp_mode": "catmullrom"
						},
						"1.2333": [0.26, 0.235, 0.185],
						"1.3333": [0.115, 0.23, 0.185],
						"1.4": {
							"pre": [0.485, -0.83, 0.185],
							"post": [0.485, -0.83, 0.185],
							"lerp_mode": "catmullrom"
						},
						"1.5": {
							"post": [0.255, -0.68, 0.185],
							"lerp_mode": "catmullrom"
						},
						"1.5667": {
							"post": [0.375, -0.62, -0.04],
							"lerp_mode": "catmullrom"
						},
						"1.7333": {
							"post": [0.27, -1.72, -0.9],
							"lerp_mode": "catmullrom"
						},
						"1.8667": {
							"post": [-0.07, -0.12, 0.595],
							"lerp_mode": "catmullrom"
						},
						"1.9667": {
							"post": [-0.07, 0.07, -0.05625],
							"lerp_mode": "catmullrom"
						},
						"2.1": {
							"post": [0, 0.055, 0.055],
							"lerp_mode": "catmullrom"
						},
						"2.3": {
							"post": [0, 0, 0],
							"lerp_mode": "catmullrom"
						}
					}
				},
				"mag_and_lefthand": {
					"rotation": {
						"0.0": [0, 0, 0],
						"0.9": {
							"pre": [0, 0, 0],
							"post": [-1.5, 0, 0]
						},
						"1.0333": [-35.53512, -24.39375, -13.65478],
						"1.1667": [-10.13685, -1.53119, -1.58329],
						"1.3333": [0, 0, 0]
					},
					"position": {
						"0.0": [0, 0, 0],
						"0.9": {
							"pre": [0, 0, 0],
							"post": [0, -16.12, 2.26]
						},
						"1.0333": [2.42, -8.24, -2.9],
						"1.1667": [0.295, -3.495, -0.89],
						"1.2333": [0.17, -3.395, -0.465],
						"1.3333": [0, -3.325, 0],
						"1.3667": {
							"pre": [0, 0, 0],
							"post": [0, 0, 0],
							"lerp_mode": "catmullrom"
						}
					}
				},
				"mag_and_bullet": {
					"rotation": {
						"0.3667": [0, 0, 0],
						"0.5": [-12.5, -5, -143.94],
						"0.6667": [6.71216, -0.48552, -228.01498],
						"0.7667": [0, 0, -275.24],
						"0.9": {
							"pre": [0, 0, 2.26],
							"post": [0, 0, 0]
						}
					},
					"position": {
						"0.3": [0, 0, 0],
						"0.3667": [0.05, -2.83, -0.01],
						"0.5": [4.20825, -10.97516, -5.06901],
						"0.5667": [7.55006, -14.96268, -5.96782],
						"0.6333": [8.77993, -21.77805, -6.21685],
						"0.8333": [6.96066, -62.13778, -0.01632],
						"0.9": {
							"pre": [0, -58.38, -0.5],
							"post": [0, 0, 0]
						},
						"0.9333": [0, -11, 18],
						"1.1": [0, -5.14, 5.14],
						"1.1333": [0, -4.57, 0.17],
						"1.1667": [0, 0, 0]
					}
				},
				"mag_release": {
					"position": {
						"0.2667": [0, 0, 0],
						"0.3": [0.13125, 0, 0],
						"0.6": [0.13125, 0, 0],
						"0.6667": [0, 0, 0],
						"1.3333": [0, 0, 0],
						"1.3667": [0.13125, 0, 0],
						"1.4333": [0.13125, 0, 0],
						"1.4667": [0, 0, 0]
					}
				},
				"camera": {
					"rotation": {
						"0.0": {
							"post": [0, 0, 0],
							"lerp_mode": "catmullrom"
						},
						"0.2333": {
							"post": [1.7, 0.425, 0],
							"lerp_mode": "catmullrom"
						},
						"0.3333": {
							"post": [1.445, -0.14, -2.145],
							"lerp_mode": "catmullrom"
						},
						"0.4333": {
							"post": [-1.075, -0.975, -0.975],
							"lerp_mode": "catmullrom"
						},
						"0.5667": {
							"post": [-0.76, -0.91, -1.85],
							"lerp_mode": "catmullrom"
						},
						"0.6667": {
							"post": [0.6, -0.575, -1.225],
							"lerp_mode": "catmullrom"
						},
						"0.8667": {
							"post": [1.2, 0.12, -0.975],
							"lerp_mode": "catmullrom"
						},
						"1.0333": {
							"post": [1.555, 0.275, -0.275],
							"lerp_mode": "catmullrom"
						},
						"1.3333": {
							"post": [1.46, -0.08, -0.56],
							"lerp_mode": "catmullrom"
						},
						"1.4": {
							"post": [2.235, -0.145, 0.575],
							"lerp_mode": "catmullrom"
						},
						"1.5": {
							"post": [1.41, -0.16, -1.285],
							"lerp_mode": "catmullrom"
						},
						"1.6333": {
							"post": [1.435, -0.17, 0.28],
							"lerp_mode": "catmullrom"
						},
						"1.7667": {
							"post": [0.815, -0.18, 0.11],
							"lerp_mode": "catmullrom"
						},
						"1.9": {
							"post": [-0.325, 0, -0.225],
							"lerp_mode": "catmullrom"
						},
						"1.9667": {
							"post": [0.12, 0.01, 0.33],
							"lerp_mode": "catmullrom"
						},
						"2.0667": {
							"post": [-0.125, 0, -0.175],
							"lerp_mode": "catmullrom"
						},
						"2.1667": {
							"post": [0.06, 0, 0.05],
							"lerp_mode": "catmullrom"
						},
						"2.3": {
							"post": [0, 0, 0],
							"lerp_mode": "catmullrom"
						}
					}
				},
				"lefthand_pos": {
					"position": {
						"0.0": [-1, 0, 1],
						"0.1333": [0, 1, 0],
						"0.9": [0, 0, 0],
						"0.9333": [-7, -11.75, 3],
						"1.1": [-3, -1.93, 0.86],
						"1.1333": [-5.1, 0.73, 0.43],
						"1.1667": [0, 2, 0],
						"1.2": [0, 2, 0],
						"1.2333": [0, 2, 0],
						"1.2667": [0, 2, 0],
						"1.3": [0, 2, 0],
						"1.3333": [0, 2, 0],
						"1.3667": [0, 2, 0],
						"1.4": [0, 2, 0],
						"1.4333": [0, 2, 0],
						"1.4667": [0, 2, 0],
						"1.5": [0, 2, 0],
						"1.5333": [0, 2, 0],
						"1.5667": [0, 2, 0],
						"1.6": [0, -1, 0],
						"1.6333": [0, 2, 2],
						"1.7333": [-1, 0, 1],
						"1.7667": [-1, 0, 1],
						"1.8": [-1, 0, 1],
						"1.8333": [-1, 0, 1],
						"1.8667": [-1, 0, 1],
						"1.9": [-1, 0, 1],
						"2.0667": [-1.7, 0, 1],
						"2.1667": [-1, -1, 1],
						"2.2333": [-0.6, -1.4, 1],
						"2.4": [-1, 0, 1],
						"2.4333": [-1, 0, 1],
						"2.4667": [-1, 0, 1],
						"2.5": [-1, 0, 1],
						"2.5333": [-1, 0, 1],
						"2.5667": [-1, 0, 1],
						"2.6": [-1, 0, 1],
						"2.6333": [-1, 0, 1],
						"2.6667": [-1, 0, 1]
					}
				}
			},
			"sound_effects": {
				"0.0": {
					"effect": "tacz:m16a4/m16a4_reload_empty"
				},
				"0.1333": {
					"effect": "p01_ar_mike16_reload_empty_fast_rattle"
				},
				"0.3": {
					"effect": "p01_ar_mike16_reload_fast_magout"
				},
				"0.9333": {
					"effect": "iw8_phys_mag_drop_ar_poly_dirt_02"
				},
				"1.0": {
					"effect": "p01_ar_mike16_reload_empty_fast_end"
				},
				"1.1333": {
					"effect": "p01_ar_mike16_reload_magin"
				}
			}
		},
		"inspect": {
			"animation_length": 4.65,
			"bones": {
				"root": {
					"rotation": {
						"0.0": {
							"post": [0, 0, 0],
							"lerp_mode": "catmullrom"
						},
						"0.2": {
							"post": [-15.30902, -2.26482, -10.8535],
							"lerp_mode": "catmullrom"
						},
						"0.3": {
							"post": [-19.87196, -3.17785, -17.95906],
							"lerp_mode": "catmullrom"
						},
						"0.4": {
							"post": [-21.02, -3.65, -14.43],
							"lerp_mode": "catmullrom"
						},
						"0.5": {
							"post": [-22.61825, -4.52968, -16.70733],
							"lerp_mode": "catmullrom"
						},
						"0.65": {
							"post": [-22.75, -4.41, -17.665],
							"lerp_mode": "catmullrom"
						},
						"0.85": {
							"post": [-22.62, -4.53, -17.96],
							"lerp_mode": "catmullrom"
						},
						"1.05": {
							"post": [-21.83419, -7.56045, -25.65573],
							"lerp_mode": "catmullrom"
						},
						"1.25": {
							"post": [-21.78, -7.76, -26.34],
							"lerp_mode": "catmullrom"
						},
						"1.5": {
							"post": [-21.78, -7.74, -26.81],
							"lerp_mode": "catmullrom"
						},
						"1.7": {
							"post": [-21.8, -7.68, -27.385],
							"lerp_mode": "catmullrom"
						},
						"2.0": {
							"post": [-21.83419, -7.56045, -25.65573],
							"lerp_mode": "catmullrom"
						},
						"2.1": {
							"post": [-21.83419, -7.56045, -14.65573],
							"lerp_mode": "catmullrom"
						},
						"2.3": {
							"post": [-24.9445, 7.90002, 43.15984],
							"lerp_mode": "catmullrom"
						},
						"2.4": {
							"post": [-24.9445, 7.90002, 59.65984],
							"lerp_mode": "catmullrom"
						},
						"2.55": {
							"post": [-24.95, 7.88, 61.47],
							"lerp_mode": "catmullrom"
						},
						"2.65": {
							"post": [-24.96, 7.86, 60.99],
							"lerp_mode": "catmullrom"
						},
						"2.9": {
							"post": [-25, 7.75, 61.77],
							"lerp_mode": "catmullrom"
						},
						"3.15": {
							"post": [-24.9445, 7.90002, 61.65984],
							"lerp_mode": "catmullrom"
						},
						"3.35": {
							"post": [-24.22873, 9.9815, 70.7622],
							"lerp_mode": "catmullrom"
						},
						"3.6": {
							"post": [-24.16, 10.35, 71.62],
							"lerp_mode": "catmullrom"
						},
						"3.85": {
							"post": [-23.86, 10.06, 70.09],
							"lerp_mode": "catmullrom"
						},
						"4.0": {
							"post": [-21.22873, 8.4815, 60.2622],
							"lerp_mode": "catmullrom"
						},
						"4.15": {
							"post": [-2.67436, -2.84081, 26.11685],
							"lerp_mode": "catmullrom"
						},
						"4.3": {
							"post": [2.37, -2.9, 0.4],
							"lerp_mode": "catmullrom"
						},
						"4.4": {
							"post": [0, 0, 1.25],
							"lerp_mode": "catmullrom"
						},
						"4.5": {
							"post": [0, 0, 0.5],
							"lerp_mode": "catmullrom"
						},
						"4.6": {
							"post": [0, 0, 0],
							"lerp_mode": "catmullrom"
						}
					},
					"position": {
						"0.0": {
							"post": [0, 0, 0],
							"lerp_mode": "catmullrom"
						},
						"0.2": {
							"post": [0.34, 0.6, -1.65],
							"lerp_mode": "catmullrom"
						},
						"0.3": {
							"post": [0.67385, 0.3, -0.8],
							"lerp_mode": "catmullrom"
						},
						"0.45": {
							"post": [0.67385, 0.4, -1],
							"lerp_mode": "catmullrom"
						},
						"2.05": {
							"post": [0.67385, 0.39886, -0.7],
							"lerp_mode": "catmullrom"
						},
						"2.4": {
							"post": [-1.07086, -0.3546, -1.4],
							"lerp_mode": "catmullrom"
						},
						"3.95": {
							"post": [-1.07086, -0.3546, -1.4],
							"lerp_mode": "catmullrom"
						},
						"4.3": {
							"post": [0, -0.425, -0.7],
							"lerp_mode": "catmullrom"
						},
						"4.45": {
							"post": [0.1, 0, 0.3],
							"lerp_mode": "catmullrom"
						},
						"4.55": {
							"post": [0, 0, 0],
							"lerp_mode": "catmullrom"
						}
					}
				},
				"lefthand": {
					"rotation": [99.10245, -28.39169, -137.40361],
					"position": [8.025, -11.85, -4.95],
					"scale": [1, 1.5, 1]
				},
				"lefthand_pos": {
					"position": [-1, 0, 1]
				},
				"righthand": {
					"rotation": [92.4939, 3.99619, -180.17476],
					"position": [-6.9, -14.125, 8.425],
					"scale": [1, 1.5, 1]
				},
				"camera": {
					"rotation": {
						"0.0": {
							"post": [0, 0, 0],
							"lerp_mode": "catmullrom"
						},
						"0.1": {
							"post": [0.2525, 0, 0],
							"lerp_mode": "catmullrom"
						},
						"0.3": {
							"post": [-1.875, 0, 0],
							"lerp_mode": "catmullrom"
						},
						"0.7": {
							"post": [-2.3775, 0, 0],
							"lerp_mode": "catmullrom"
						},
						"1.05": {
							"post": [-3.8025, 0.9075, 0.02],
							"lerp_mode": "catmullrom"
						},
						"2.2": {
							"post": [-3.25, 0.8125, 0],
							"lerp_mode": "catmullrom"
						},
						"2.5": {
							"post": [0, 4.3125, -1],
							"lerp_mode": "catmullrom"
						},
						"3.0": {
							"post": [-0.0175, 5, -1.14],
							"lerp_mode": "catmullrom"
						},
						"3.25": {
							"post": [3.9875, 4.97, -1.13],
							"lerp_mode": "catmullrom"
						},
						"4.15": {
							"post": [4.125, 4.3175, -1],
							"lerp_mode": "catmullrom"
						},
						"4.4": {
							"post": [0.1825, -0.8675, 0.0625],
							"lerp_mode": "catmullrom"
						},
						"4.6": {
							"post": [0, 0, 0],
							"lerp_mode": "catmullrom"
						}
					}
				}
			},
			"sound_effects": {
				"0.0": {
					"effect": "tacz:m700/m700_inspect_up"
				},
				"2.0": {
					"effect": "tacz:m700/m700_inspect_rotate"
				},
				"3.05": {
					"effect": "tacz:m700/m700_reload_empty_rotate"
				},
				"3.8": {
					"effect": "tacz:m700/m700_inspect_end"
				}
			}
		},
		"inspect_empty": {
			"animation_length": 4.65,
			"bones": {
				"root": {
					"rotation": {
						"0.0": {
							"post": [0, 0, 0],
							"lerp_mode": "catmullrom"
						},
						"0.2": {
							"post": [-15.30902, -2.26482, -10.8535],
							"lerp_mode": "catmullrom"
						},
						"0.3": {
							"post": [-19.87196, -3.17785, -17.95906],
							"lerp_mode": "catmullrom"
						},
						"0.4": {
							"post": [-21.02, -3.65, -14.43],
							"lerp_mode": "catmullrom"
						},
						"0.5": {
							"post": [-22.61825, -4.52968, -16.70733],
							"lerp_mode": "catmullrom"
						},
						"0.65": {
							"post": [-22.75, -4.41, -17.665],
							"lerp_mode": "catmullrom"
						},
						"0.85": {
							"post": [-22.62, -4.53, -17.96],
							"lerp_mode": "catmullrom"
						},
						"1.05": {
							"post": [-21.83419, -7.56045, -25.65573],
							"lerp_mode": "catmullrom"
						},
						"1.25": {
							"post": [-21.78, -7.76, -26.34],
							"lerp_mode": "catmullrom"
						},
						"1.5": {
							"post": [-21.78, -7.74, -26.81],
							"lerp_mode": "catmullrom"
						},
						"1.7": {
							"post": [-21.8, -7.68, -27.385],
							"lerp_mode": "catmullrom"
						},
						"2.0": {
							"post": [-21.83419, -7.56045, -25.65573],
							"lerp_mode": "catmullrom"
						},
						"2.1": {
							"post": [-21.83419, -7.56045, -14.65573],
							"lerp_mode": "catmullrom"
						},
						"2.3": {
							"post": [-24.9445, 7.90002, 43.15984],
							"lerp_mode": "catmullrom"
						},
						"2.4": {
							"post": [-24.9445, 7.90002, 59.65984],
							"lerp_mode": "catmullrom"
						},
						"2.55": {
							"post": [-24.95, 7.88, 61.47],
							"lerp_mode": "catmullrom"
						},
						"2.65": {
							"post": [-24.96, 7.86, 60.99],
							"lerp_mode": "catmullrom"
						},
						"2.9": {
							"post": [-25, 7.75, 61.77],
							"lerp_mode": "catmullrom"
						},
						"3.15": {
							"post": [-24.9445, 7.90002, 61.65984],
							"lerp_mode": "catmullrom"
						},
						"3.35": {
							"post": [-24.22873, 9.9815, 70.7622],
							"lerp_mode": "catmullrom"
						},
						"3.6": {
							"post": [-24.16, 10.35, 71.62],
							"lerp_mode": "catmullrom"
						},
						"3.85": {
							"post": [-23.86, 10.06, 70.09],
							"lerp_mode": "catmullrom"
						},
						"4.0": {
							"post": [-21.22873, 8.4815, 60.2622],
							"lerp_mode": "catmullrom"
						},
						"4.15": {
							"post": [-2.67436, -2.84081, 26.11685],
							"lerp_mode": "catmullrom"
						},
						"4.3": {
							"post": [2.37, -2.9, 0.4],
							"lerp_mode": "catmullrom"
						},
						"4.4": {
							"post": [0, 0, 1.25],
							"lerp_mode": "catmullrom"
						},
						"4.5": {
							"post": [0, 0, 0.5],
							"lerp_mode": "catmullrom"
						},
						"4.6": {
							"post": [0, 0, 0],
							"lerp_mode": "catmullrom"
						}
					},
					"position": {
						"0.0": {
							"post": [0, 0, 0],
							"lerp_mode": "catmullrom"
						},
						"0.2": {
							"post": [0.34, 0.6, -1.65],
							"lerp_mode": "catmullrom"
						},
						"0.3": {
							"post": [0.67385, 0.3, -0.8],
							"lerp_mode": "catmullrom"
						},
						"0.45": {
							"post": [0.67385, 0.4, -1],
							"lerp_mode": "catmullrom"
						},
						"2.05": {
							"post": [0.67385, 0.39886, -0.7],
							"lerp_mode": "catmullrom"
						},
						"2.4": {
							"post": [-1.07086, -0.3546, -1.4],
							"lerp_mode": "catmullrom"
						},
						"3.95": {
							"post": [-1.07086, -0.3546, -1.4],
							"lerp_mode": "catmullrom"
						},
						"4.3": {
							"post": [0, -0.425, -0.7],
							"lerp_mode": "catmullrom"
						},
						"4.45": {
							"post": [0.1, 0, 0.3],
							"lerp_mode": "catmullrom"
						},
						"4.55": {
							"post": [0, 0, 0],
							"lerp_mode": "catmullrom"
						}
					}
				},
				"lefthand": {
					"rotation": [99.10245, -28.39169, -137.40361],
					"position": [8.025, -11.85, -4.95],
					"scale": [1, 1.5, 1]
				},
				"lefthand_pos": {
					"position": [-1, 0, 1]
				},
				"righthand": {
					"rotation": [92.4939, 3.99619, -180.17476],
					"position": [-6.9, -14.125, 8.425],
					"scale": [1, 1.5, 1]
				},
				"camera": {
					"rotation": {
						"0.0": {
							"post": [0, 0, 0],
							"lerp_mode": "catmullrom"
						},
						"0.1": {
							"post": [0.2525, 0, 0],
							"lerp_mode": "catmullrom"
						},
						"0.3": {
							"post": [-1.875, 0, 0],
							"lerp_mode": "catmullrom"
						},
						"0.7": {
							"post": [-2.3775, 0, 0],
							"lerp_mode": "catmullrom"
						},
						"1.05": {
							"post": [-3.8025, 0.9075, 0.02],
							"lerp_mode": "catmullrom"
						},
						"2.2": {
							"post": [-3.25, 0.8125, 0],
							"lerp_mode": "catmullrom"
						},
						"2.5": {
							"post": [0, 4.3125, -1],
							"lerp_mode": "catmullrom"
						},
						"3.0": {
							"post": [-0.0175, 5, -1.14],
							"lerp_mode": "catmullrom"
						},
						"3.25": {
							"post": [3.9875, 4.97, -1.13],
							"lerp_mode": "catmullrom"
						},
						"4.15": {
							"post": [4.125, 4.3175, -1],
							"lerp_mode": "catmullrom"
						},
						"4.4": {
							"post": [0.1825, -0.8675, 0.0625],
							"lerp_mode": "catmullrom"
						},
						"4.6": {
							"post": [0, 0, 0],
							"lerp_mode": "catmullrom"
						}
					}
				}
			},
			"sound_effects": {
				"0.0": {
					"effect": "tacz:m700/m700_inspect_up"
				},
				"2.0": {
					"effect": "tacz:m700/m700_inspect_rotate"
				},
				"3.05": {
					"effect": "tacz:m700/m700_reload_empty_rotate"
				},
				"3.8": {
					"effect": "tacz:m700/m700_inspect_end"
				}
			}
		}
	}
}