{
	"format_version": "1.8.0",
	"animations": {
		"static_idle": {
			"animation_length": 0.1,
			"bones": {
				"shell_1": {
					"scale": 1
				},
				"ammo": {
					"scale": 0
				},
				"bolt": {
					"position": [0, 0, 0]
				},
				"lefthand": {
					"rotation": [76.9805, -30.34723, -117.94933],
					"position": [7.15, -14.94187, 0.77375],
					"scale": [1, 1.5, 1]
				},
				"constraint": {
					"rotation": [0.2, 0.2, 0.2],
					"position": [0.2, 0.2, 0.2]
				},
				"righthand": {
					"rotation": [93.32102, 14.82897, -180.27891],
					"position": [-6.725, -16.2375, 12.725],
					"scale": [1, 1.5, 1]
				}
			}
		},
		"reload_start_clip": {
			"loop": "hold_on_last_frame",
			"animation_length": 1.2917,
			"bones": {
				"ammo": {
					"scale": {
						"0.7917": [0, 0, 0],
						"1.25": [0, 0, 0],
						"1.2917": [1, 1, 1]
					}
				},
				"bolt": {
					"position": {
						"0.0": [0, 0, 0],
						"0.375": [0, 0, 0],
						"0.5833": [0, 0, 4],
						"1.2917": [0, 0, 4]
					}
				},
				"lefthand": {
					"rotation": [76.9805, -30.34723, -117.94933],
					"position": [7.15, -14.94187, 0.77375],
					"scale": [1, 1.5, 1]
				},
				"constraint": {
					"rotation": {
						"0.0": [0.2, 0.2, 0.2],
						"1.2917": [0.2, 0.2, 0.2]
					},
					"position": {
						"0.0": [0.2, 0.2, 0.2],
						"1.2917": [0.2, 0.2, 0.2]
					}
				},
				"righthand": {
					"rotation": {
						"0.0": [93.32102, 14.82897, -180.27891],
						"0.125": [93.32, 14.83, -180.28],
						"0.25": [80.86807, 17.33886, -260.06561],
						"0.375": [108.90373, 58.25042, -197.66786],
						"0.5833": [123.17444, 71.84698, -182.05481],
						"0.7917": [117.73551, 12.33098, -163.33563],
						"1.125": [117.73551, 12.33098, -163.33563],
						"1.2917": [117.04408, -0.55829, -170.02752]
					},
					"position": {
						"0.0": [-4.725, -15.2375, 10.725],
						"0.125": [-4.72, -15.24, 9.73],
						"0.25": [-7.47, -12.74, 6.0425],
						"0.375": [-5.8425, -7.9925, 5.2275],
						"0.5833": [-5.715, -7.99, 8.855],
						"0.7917": [-8.34, -17.115, 8.2925],
						"1.125": [-8.34, -17.115, 8.2925],
						"1.2917": [-8.18375, -12.52125, 8.5425]
					},
					"scale": {
						"0.0": [1, 1.5, 1],
						"1.2917": [1, 1.5, 1]
					}
				},
				"root": {
					"rotation": {
						"0.0": [0, 0, 0],
						"0.125": [2.0003, -0.99939, -0.0349],
						"0.25": [5.8501, -2.40709, 3.84205],
						"0.375": [9.82072, -0.77807, 6.15488],
						"0.5": [-1.07417, 0.02921, -9.82522],
						"0.6667": {
							"pre": [-0.57159, 0.06171, -6.57538],
							"post": [-0.57159, 0.06171, -6.57538],
							"lerp_mode": "catmullrom"
						},
						"0.7917": [-8.48737, -1.33629, -0.01641],
						"0.9583": {
							"pre": [-20.58739, -4.51357, 3.30716],
							"post": [-20.58739, -4.51357, 3.30716],
							"lerp_mode": "catmullrom"
						},
						"1.2083": [-28.23919, -42.19442, 21.44972],
						"1.2917": [-29.13683, -43.94901, 22.76396]
					},
					"position": {
						"0.0": [0, 0, 0],
						"0.125": [0, -0.125, 0.8125],
						"0.25": [0, -0.5625, 0.8125],
						"0.375": [0, -0.625, 0.125],
						"0.5": [0, 0.1875, 1.5625],
						"0.6667": {
							"pre": [0, 0.1875, 0.9375],
							"post": [0, 0.1875, 0.9375],
							"lerp_mode": "catmullrom"
						},
						"0.7917": [0, -0.0625, 0.4375],
						"0.9583": {
							"pre": [1.4375, -0.0625, 1.375],
							"post": [1.4375, -0.0625, 1.375],
							"lerp_mode": "catmullrom"
						},
						"1.2083": [4.375, -1.125, 2.5625],
						"1.2917": [4.375, -1.125, 2.5625]
					}
				},
				"front": {
					"rotation": {
						"0.25": [0, 0, 0],
						"0.375": [0, 0, 90],
						"1.2917": [0, 0, 90]
					}
				},
				"bullet6": {
					"rotation": {
						"0.4167": {
							"pre": [0, 0, 0],
							"post": [0, 0, 0],
							"lerp_mode": "catmullrom"
						},
						"0.5417": {
							"post": [224.8019, 70.88062, -90.56385],
							"lerp_mode": "catmullrom"
						},
						"0.625": {
							"post": [224.8019, 70.88062, -90.56385],
							"lerp_mode": "catmullrom"
						}
					},
					"position": {
						"0.4167": {
							"pre": [0, 0, 0],
							"post": [0, 0, 0],
							"lerp_mode": "catmullrom"
						},
						"0.5417": {
							"post": [-6.625, 5.125, 0],
							"lerp_mode": "catmullrom"
						},
						"0.625": {
							"post": [-17.25, -8.375, 0],
							"lerp_mode": "catmullrom"
						}
					},
					"scale": {
						"0.625": {
							"pre": [1, 1, 1],
							"post": [0, 0, 0]
						}
					}
				},
				"righthandammo": {
					"position": {
						"0.0": [-2, -1, 2],
						"1.2917": [-2, -1, 2]
					}
				},
				"camera": {
					"rotation": {
						"0.0": [0, 0, 0],
						"0.25": [2, 0, 0],
						"0.5833": [-0.5, 1, 1],
						"0.625": [-0.5, 1, 0],
						"1.2917": [1, -2, 0]
					},
					"position": {
						"0.0": [0, 0, 0],
						"0.25": [0, 0, 0],
						"0.5833": [0, 0, 0],
						"1.2917": [0, 0, 0]
					}
				},
				"ammo2": {
					"scale": 0
				}
			},
			"sound_effects": {
				"0.25": {
					"effect": "ww:mosin/mosin_boltopen"
				},
				"0.5833": {
					"effect": "ww:mosin/mosin_shell"
				}
			}
		},
		"reload_load_clip": {
			"loop": "hold_on_last_frame",
			"animation_length": 0.9583,
			"bones": {
				"ammo": {
					"scale": {
						"0.0": [1, 1, 1],
						"0.9583": [1, 1, 1]
					}
				},
				"bolt": {
					"position": [0, 0, 4]
				},
				"lefthand": {
					"rotation": [76.9805, -30.34723, -117.94933],
					"position": [7.15, -14.94187, 0.77375],
					"scale": [1, 1.5, 1]
				},
				"constraint": {
					"rotation": [0.2, 0.2, 0.2],
					"position": [0.2, 0.2, 0.2]
				},
				"righthand": {
					"rotation": {
						"0.0": [117.04408, -0.55829, -170.02752],
						"0.2083": [117.04, -0.56, -170.03],
						"0.375": [101.04, -0.56, -170.03],
						"0.5": [101.04, -0.56, -170.03],
						"0.5833": [100.8346, 3.62339, -160.06417],
						"0.6667": [100.8346, 3.62339, -160.06417],
						"0.9583": [84.79905, 7.60704, -160.4272]
					},
					"position": {
						"0.0": [-8.18375, -12.52125, 8.5425],
						"0.2083": [-8.18, -12.52, 8.54],
						"0.375": [-8.3675, -12.52, 8.54],
						"0.5": [-8.37, -12.52, 8.54],
						"0.5833": [-8.37, -12.52, 8.54],
						"0.6667": [-8.37, -12.52, 8.54],
						"0.9583": [-8.37, -12.145, 8.54]
					},
					"scale": [1, 1.5, 1]
				},
				"root": {
					"rotation": {
						"0.0": [-29.13683, -43.94901, 22.76396],
						"0.1667": [-27.9654, -45.12501, 19.66853],
						"0.4583": [-21.22582, -48.04654, 10.40306],
						"0.6667": [-30.0674, -45.58704, 18.40641],
						"0.8333": [-32.75609, -49.06958, 11.19031],
						"0.9583": [-33.51, -49.07, 11.19]
					},
					"position": {
						"0.0": [4.375, -1.125, 2.5625],
						"0.1667": [4.375, -1.1875, 2.5625],
						"0.4583": [4.375, -1.1875, 2.5625],
						"0.6667": [4.25, -1.25, 2.5625],
						"0.8333": [4.25, -2.125, 2.5625],
						"0.9583": [4.25, -2.22, 2.56]
					}
				},
				"front": {
					"rotation": [0, 0, 90]
				},
				"bullet6": {
					"scale": 0
				},
				"righthandammo": {
					"rotation": {
						"0.0": [0, 0, 0],
						"0.2083": [0, 0, 14],
						"0.375": [0, 0, -5.2],
						"0.4583": [0, 0, 0],
						"0.6667": [0, 0, 0],
						"0.875": [0, 0, 0]
					},
					"position": {
						"0.0": [-2, -1, 2],
						"0.2083": [-1.1875, 3.875, 2],
						"0.375": [-0.24, 3.7225, 0.4],
						"0.4583": [0, 2.8125, 0],
						"0.6667": [0, 2.9375, 0],
						"0.875": [0, 0, 0]
					}
				},
				"camera": {
					"rotation": {
						"0.0": [1, -2, 0],
						"0.25": [-0.5, -1.5, 0],
						"0.4583": [1, -2, 0],
						"0.6667": [1.8, -2.5, 0],
						"0.9583": [4, -2, 0]
					},
					"position": {
						"0.0": [0, 0, 0],
						"0.9583": [0, 0, 0]
					}
				},
				"ammo2": {
					"scale": 0
				},
				"bone13": {
					"rotation": {
						"0.875": {
							"pre": [0, 0, 0],
							"post": [0, 0, 0],
							"lerp_mode": "catmullrom"
						},
						"0.9167": {
							"post": [158.19, 49.88, -63.73],
							"lerp_mode": "catmullrom"
						},
						"0.9583": {
							"post": [158.19, 49.88, -63.73],
							"lerp_mode": "catmullrom"
						}
					},
					"position": {
						"0.6667": [0, 0, 0],
						"0.8333": [0, 2.35, 0],
						"0.875": {
							"pre": [0, 4, 0],
							"post": [0, 4, 0],
							"lerp_mode": "catmullrom"
						},
						"0.9167": {
							"post": [2.495, 4.6625, 0],
							"lerp_mode": "catmullrom"
						},
						"0.9583": {
							"post": [4.875, -0.84, 0.75],
							"lerp_mode": "catmullrom"
						}
					},
					"scale": {
						"0.9167": {
							"pre": [1, 1, 1],
							"post": [0, 0, 0]
						}
					}
				},
				"bullet": {
					"rotation": {
						"0.5": [0, 0, 0],
						"0.6667": [-13, 0, 0],
						"0.875": [-13, 0, 0],
						"0.9583": [0, 0, 0]
					},
					"position": {
						"0.5": [0, 0, 0],
						"0.6667": [0, 0, 0],
						"0.875": [0, 0, 0],
						"0.9583": [0, 0, 0]
					}
				}
			},
			"sound_effects": {
				"0.6667": {
					"effect": "ww:mosin/mosin_clip"
				}
			}
		},
		"reload_end_clip": {
			"loop": "hold_on_last_frame",
			"animation_length": 1.2083,
			"bones": {
				"bolt": {
					"position": {
						"0.0": [0, 0, 4],
						"0.4583": [0, 0, 4],
						"0.5417": [0, 0, 0]
					}
				},
				"lefthand": {
					"rotation": [76.98, -30.35, -117.95],
					"position": [7.15, -14.94, 0.77],
					"scale": [1, 1.5, 1]
				},
				"constraint": {
					"rotation": [0.2, 0.2, 0.2],
					"position": [0.2, 0.2, 0.2]
				},
				"righthand": {
					"rotation": {
						"0.0": [84.79905, 7.60704, -160.4272],
						"0.0833": [84.79905, 7.60704, -160.4272],
						"0.3333": [115.23, 5.92, -156.78],
						"0.4583": [115.2301, 5.918, -156.77993],
						"0.5417": [139.49221, 14.61564, -150.30008],
						"0.7083": [121.24094, -22.64905, -110.28301],
						"0.75": [121.24094, -22.64905, -110.28301],
						"1.0": [93.32102, 14.82897, -180.27891]
					},
					"position": {
						"0.0": [-8.37, -12.145, 8.54],
						"0.0833": [-8.37, -12.145, 8.54],
						"0.3333": [-8.37, -9.83, 12.1],
						"0.4583": [-8.37, -9.8275, 12.1025],
						"0.5417": [-8.3075, -9.83, 7.5375],
						"0.7083": [-10.56, -11.205, 8.9775],
						"0.75": [-10.56, -11.205, 8.9775],
						"1.0": [-6.725, -16.2375, 12.725]
					},
					"scale": {
						"0.0": [1, 1.5, 1],
						"1.0": [1, 1.5, 1]
					}
				},
				"root": {
					"rotation": {
						"0.0": [-33.51, -49.07, 11.19],
						"0.25": {
							"pre": [-16.46, -24.39, 13.16],
							"post": [-16.46, -24.39, 13.16],
							"lerp_mode": "catmullrom"
						},
						"0.3333": [-3.78465, -4.84089, 3.55349],
						"0.4167": [-2.77675, -3.34118, 3.46142],
						"0.5417": [5.22654, -2.84784, 3.3865],
						"0.5833": [5.22654, -2.84784, 3.3865],
						"0.7083": [5.70271, -1.7009, -8.56822],
						"0.9583": {
							"pre": [1, 2, 0],
							"post": [1, 2, 0],
							"lerp_mode": "catmullrom"
						},
						"1.0417": {
							"post": [0, 0, 1.25],
							"lerp_mode": "catmullrom"
						},
						"1.1667": {
							"post": [0, 0, 0.5],
							"lerp_mode": "catmullrom"
						},
						"1.25": {
							"post": [0, 0, 0],
							"lerp_mode": "catmullrom"
						}
					},
					"position": {
						"0.0": [4.25, -2.22, 2.56],
						"0.25": {
							"pre": [2.34, -0.44, 1.5],
							"post": [2.34, -0.44, 1.5],
							"lerp_mode": "catmullrom"
						},
						"0.3333": [0.3125, 0.25, 0.4375],
						"0.4167": [0.39, 0.11313, 0.23],
						"0.5417": [0.625, -0.5, -1],
						"0.5833": [0.625, -0.5, -1],
						"0.7083": [0.625, -0.5, 0.0625],
						"0.9583": {
							"pre": [0, -0.3, -0.7],
							"post": [0, -0.3, -0.7],
							"lerp_mode": "catmullrom"
						},
						"1.125": {
							"post": [0.1, 0, 0.3],
							"lerp_mode": "catmullrom"
						},
						"1.2083": {
							"post": [0, 0, 0],
							"lerp_mode": "catmullrom"
						}
					}
				},
				"front": {
					"rotation": {
						"0.0": [0, 0, 90],
						"0.5417": [0, 0, 90],
						"0.5833": [0, 0, 90],
						"0.7083": [0, 0, 0]
					}
				},
				"bullet6": {
					"position": [0, -0.12, 0],
					"scale": 0
				},
				"righthandammo": {
					"rotation": [0, 0, 0],
					"position": [0, 0, 0]
				},
				"ammo2": {
					"scale": {
						"0.0": [0, 0, 0],
						"0.0417": [1, 1, 1]
					}
				},
				"camera": {
					"rotation": {
						"0.0": [1.5, -2, 0],
						"0.4167": [2, 1, 0],
						"0.5417": [-1, 0.5, 0],
						"0.7917": [1.5, 1.5, -2],
						"1.0417": [0, 0, 0]
					},
					"position": {
						"0.0": [0, 0, 0],
						"0.4167": [0, 0, 0],
						"0.5417": [0, 0, 0],
						"0.7917": [0, 0, 0],
						"1.0417": [0, 0, 0]
					}
				}
			},
			"sound_effects": {
				"0.4583": {
					"effect": "ww:mosin/mosin_boltclose"
				}
			}
		},
		"static_idle_scope": {
			"animation_length": 0.1,
			"bones": {
				"shell_1": {
					"scale": 1
				},
				"ammo": {
					"scale": 0
				},
				"bolt": {
					"position": [0, 0, 0]
				},
				"lefthand": {
					"rotation": [76.9805, -30.34723, -117.94933],
					"position": [7.15, -14.94187, 0.77375],
					"scale": [1, 1.5, 1]
				},
				"constraint": {
					"rotation": [0.2, 0.2, 0.2],
					"position": [0.2, 0.2, 0.2]
				},
				"righthand": {
					"rotation": [93.32102, 14.82897, -180.27891],
					"position": [-6.725, -16.2375, 12.725],
					"scale": [1, 1.5, 1]
				},
				"boltchange": {
					"rotation": {
						"0.0": [0, 0, -75],
						"0.0417": [0, 0, -75]
					},
					"position": {
						"0.0": [6.4, 6.1, 0],
						"0.0417": [6.4, 6.1, 0]
					}
				}
			}
		},
		"shoot": {
			"animation_length": 0.7,
			"bones": {
				"striker": {
					"position": {
						"0.0": [0, 0, 0],
						"0.0333": [0, 0, -0.17187],
						"0.6667": [0, 0, -0.17187],
						"0.7": [0, 0, 0]
					}
				},
				"root": {
					"rotation": {
						"0.0": {
							"post": [0, 0, 0],
							"lerp_mode": "catmullrom"
						},
						"0.0333": {
							"post": [-5.355, 0.91406, 5],
							"lerp_mode": "catmullrom"
						},
						"0.0667": {
							"post": [-3.275, 0.96, 5.82],
							"lerp_mode": "catmullrom"
						},
						"0.1333": {
							"post": [-3.94, 0.89, 5.8875],
							"lerp_mode": "catmullrom"
						},
						"0.2333": [-3.105, 0.85, 4.85],
						"0.4667": {
							"pre": [0.63844, -0.46, -0.02844],
							"post": [0.63844, -0.46, -0.02844],
							"lerp_mode": "catmullrom"
						},
						"0.6333": {
							"post": [0.125, 0, 0],
							"lerp_mode": "catmullrom"
						},
						"0.9667": {
							"post": [0, 0, 0],
							"lerp_mode": "catmullrom"
						}
					},
					"position": {
						"0.0": {
							"post": [0, 0, 0],
							"lerp_mode": "catmullrom"
						},
						"0.0333": {
							"post": [-0.14, 0.07, -1.0625],
							"lerp_mode": "catmullrom"
						},
						"0.0667": [-0.14, 0.095, 2.3125],
						"0.1333": [-0.09, -0.01, 2.3925],
						"0.3": {
							"pre": [0, -0.1625, 0.02],
							"post": [0, -0.1625, 0.02],
							"lerp_mode": "catmullrom"
						},
						"0.5333": {
							"post": [0, 0, 0],
							"lerp_mode": "catmullrom"
						}
					}
				},
				"constraint": {
					"rotation": {
						"0.0": [0.5, 0.5, 0.65],
						"0.4667": [0, 0, 0]
					},
					"position": {
						"0.0": [0.5, 0.5, 0.8],
						"0.4667": [0, 0, 0]
					}
				},
				"camera": {
					"rotation": {
						"0.0": {
							"post": [0, 0, 0],
							"lerp_mode": "catmullrom"
						},
						"0.0333": {
							"post": [0, 0, 1],
							"lerp_mode": "catmullrom"
						},
						"0.0667": {
							"post": [0, 0, -0.85],
							"lerp_mode": "catmullrom"
						},
						"0.1333": {
							"post": [0, 0, 0.55],
							"lerp_mode": "catmullrom"
						},
						"0.2": {
							"post": [0, 0, -0.375],
							"lerp_mode": "catmullrom"
						},
						"0.3333": {
							"post": [0, 0, 0.2],
							"lerp_mode": "catmullrom"
						},
						"0.4667": {
							"post": [0, 0, 0],
							"lerp_mode": "catmullrom"
						}
					}
				},
				"hammer_type_shi": {
					"position": [0, 0, 0]
				}
			}
		},
		"draw": {
			"loop": "hold_on_last_frame",
			"animation_length": 1,
			"bones": {
				"root": {
					"rotation": {
						"0.0": {
							"post": [-103.12, 0, 0],
							"lerp_mode": "catmullrom"
						},
						"0.1": {
							"post": [-91.33, -14.34, -0.55],
							"lerp_mode": "catmullrom"
						},
						"0.2": {
							"post": [-76.6, -14.49, -2.98],
							"lerp_mode": "catmullrom"
						},
						"0.3": {
							"post": [-49.98, -8.63, -1.82],
							"lerp_mode": "catmullrom"
						},
						"0.5": {
							"post": [0, 0, 7.5],
							"lerp_mode": "catmullrom"
						},
						"0.6": {
							"post": [3.30992, 0.49018, -1.87167],
							"lerp_mode": "catmullrom"
						},
						"0.7": {
							"post": [0.98628, -0.20008, 1.69645],
							"lerp_mode": "catmullrom"
						},
						"0.8": {
							"post": [0, 0, -0.4],
							"lerp_mode": "catmullrom"
						},
						"0.9": [0, 0, 0]
					},
					"position": {
						"0.0": {
							"post": [-9, -36, 2],
							"lerp_mode": "catmullrom"
						},
						"0.1": {
							"post": [-5.01, -17.52, -3.2],
							"lerp_mode": "catmullrom"
						},
						"0.2": {
							"post": [-2.9, -11.93, -3.99],
							"lerp_mode": "catmullrom"
						},
						"0.35": {
							"post": [-0.25, -2.46, -2.03],
							"lerp_mode": "catmullrom"
						},
						"0.5": {
							"post": [0, -0.6, 0.3],
							"lerp_mode": "catmullrom"
						},
						"0.6": {
							"post": [0, 0.03, 0.4],
							"lerp_mode": "catmullrom"
						},
						"0.7": {
							"post": [0, 0, -0.2],
							"lerp_mode": "catmullrom"
						},
						"0.8": {
							"post": [0, -0.1, -0.18],
							"lerp_mode": "catmullrom"
						},
						"0.95": [0, 0, 0]
					}
				},
				"lefthand": {
					"rotation": {
						"0.0": {
							"post": [51.84827, -2.96502, -68.61852],
							"lerp_mode": "catmullrom"
						},
						"0.15": {
							"post": [64.31957, -31.45581, -81.70831],
							"lerp_mode": "catmullrom"
						},
						"0.75": [76.9805, -30.34723, -117.94933]
					},
					"position": {
						"0.0": {
							"post": [6, -15, 0.5],
							"lerp_mode": "catmullrom"
						},
						"0.3": {
							"post": [6.5, -16, -2.5],
							"lerp_mode": "catmullrom"
						},
						"0.75": [7.15, -14.94187, 0.77375]
					},
					"scale": {
						"0.0": [1, 1.5, 1],
						"0.75": [1, 1.5, 1]
					}
				},
				"righthand": {
					"rotation": [93.32102, 14.82897, -180.27891],
					"position": [-6.725, -16.2375, 12.725],
					"scale": [1, 1.5, 1]
				},
				"camera": {
					"rotation": {
						"0.0": {
							"post": [0, 0, 0],
							"lerp_mode": "catmullrom"
						},
						"0.1": {
							"post": [-0.3425, 0.59375, 0],
							"lerp_mode": "catmullrom"
						},
						"0.2": {
							"post": [-0.4325, 0.38125, -0.5625],
							"lerp_mode": "catmullrom"
						},
						"0.3": {
							"post": [0.0775, 0, -0.21875],
							"lerp_mode": "catmullrom"
						},
						"0.45": {
							"post": [0.95, -0.25, -0.5625],
							"lerp_mode": "catmullrom"
						},
						"0.65": {
							"post": [-0.05, -0.2575, -0.3125],
							"lerp_mode": "catmullrom"
						},
						"0.8": {
							"post": [-0.2525, 0.4375, 0.25],
							"lerp_mode": "catmullrom"
						},
						"0.95": {
							"post": [0, 0, 0],
							"lerp_mode": "catmullrom"
						}
					}
				}
			},
			"sound_effects": {
				"0.0": {
					"effect": "spr208_inspect_xmags_up"
				},
				"0.45": {
					"effect": "spr208_raise"
				}
			}
		},
		"put_away": {
			"animation_length": 0.4333,
			"bones": {
				"root": {
					"rotation": {
						"0.0": {
							"post": [0, 0, 0],
							"lerp_mode": "catmullrom"
						},
						"0.0667": {
							"post": [-0.51171, -3.6801, -4.19401],
							"lerp_mode": "catmullrom"
						},
						"0.1667": {
							"post": [4.36882, -11.73179, -10.29382],
							"lerp_mode": "catmullrom"
						},
						"0.2667": {
							"post": [16.99835, -17.70783, -19.61271],
							"lerp_mode": "catmullrom"
						},
						"0.3333": {
							"post": [22.5, -27.4, -9.02],
							"lerp_mode": "catmullrom"
						},
						"0.4333": {
							"post": [38.74, -37.82, -13.36],
							"lerp_mode": "catmullrom"
						}
					},
					"position": {
						"0.0": {
							"post": [0, 0, 0],
							"lerp_mode": "catmullrom"
						},
						"0.0667": {
							"post": [-0.45, -0.49, 0.28],
							"lerp_mode": "catmullrom"
						},
						"0.1667": {
							"post": [-0.67, -1.47, 0.34],
							"lerp_mode": "catmullrom"
						},
						"0.2667": {
							"post": [-0.435, -3.245, 0.06],
							"lerp_mode": "catmullrom"
						},
						"0.3333": {
							"post": [0.22, -5.38, -0.15],
							"lerp_mode": "catmullrom"
						},
						"0.4333": {
							"post": [1.49, -9.585, -0.36],
							"lerp_mode": "catmullrom"
						}
					}
				},
				"lefthand": {
					"rotation": {
						"0.0": [76.9805, -30.34723, -117.94933],
						"0.0667": [127.67152, -14.70086, -183.17363],
						"0.1333": [148.34013, 7.13088, -207.53996]
					},
					"position": {
						"0.0": [7.15, -14.94187, 0.77375],
						"0.1333": [8.805, -12.2, -4.57]
					},
					"scale": [1, 1.5, 1]
				},
				"righthand": {
					"rotation": [93.32102, 14.82897, -180.27891],
					"position": [-6.725, -16.2375, 12.725],
					"scale": [1, 1.5, 1]
				},
				"camera": {
					"rotation": {
						"0.0": {
							"post": [0, 0, 0],
							"lerp_mode": "catmullrom"
						},
						"0.1": {
							"post": [0.3, 0, -0.125],
							"lerp_mode": "catmullrom"
						},
						"0.2667": {
							"post": [0.64, 0, 0.3],
							"lerp_mode": "catmullrom"
						},
						"0.3333": {
							"post": [0.5, 0, 0.15],
							"lerp_mode": "catmullrom"
						},
						"0.4333": {
							"post": [0, 0, 0],
							"lerp_mode": "catmullrom"
						}
					}
				}
			},
			"sound_effects": {
				"0.0": {
					"effect": "tacz:sks/sks_drop"
				}
			}
		},
		"inspect": {
			"animation_length": 4.65,
			"bones": {
				"root": {
					"rotation": {
						"0.0": {
							"post": [0, 0, 0],
							"lerp_mode": "catmullrom"
						},
						"0.2": {
							"post": [-15.30902, -2.26482, -10.8535],
							"lerp_mode": "catmullrom"
						},
						"0.3": {
							"post": [-19.87196, -3.17785, -17.95906],
							"lerp_mode": "catmullrom"
						},
						"0.4": {
							"post": [-21.02, -3.65, -14.43],
							"lerp_mode": "catmullrom"
						},
						"0.5": {
							"post": [-22.61825, -4.52968, -16.70733],
							"lerp_mode": "catmullrom"
						},
						"0.65": {
							"post": [-22.75, -4.41, -17.665],
							"lerp_mode": "catmullrom"
						},
						"0.85": {
							"post": [-22.62, -4.53, -17.96],
							"lerp_mode": "catmullrom"
						},
						"1.05": {
							"post": [-21.83419, -7.56045, -25.65573],
							"lerp_mode": "catmullrom"
						},
						"1.25": {
							"post": [-21.78, -7.76, -26.34],
							"lerp_mode": "catmullrom"
						},
						"1.5": {
							"post": [-21.78, -7.74, -26.81],
							"lerp_mode": "catmullrom"
						},
						"1.7": {
							"post": [-21.8, -7.68, -27.385],
							"lerp_mode": "catmullrom"
						},
						"2.0": {
							"post": [-21.83419, -7.56045, -25.65573],
							"lerp_mode": "catmullrom"
						},
						"2.1": {
							"post": [-21.83419, -7.56045, -14.65573],
							"lerp_mode": "catmullrom"
						},
						"2.3": {
							"post": [-24.9445, 7.90002, 43.15984],
							"lerp_mode": "catmullrom"
						},
						"2.4": {
							"post": [-24.9445, 7.90002, 59.65984],
							"lerp_mode": "catmullrom"
						},
						"2.55": {
							"post": [-24.95, 7.88, 61.47],
							"lerp_mode": "catmullrom"
						},
						"2.65": {
							"post": [-24.96, 7.86, 60.99],
							"lerp_mode": "catmullrom"
						},
						"2.9": {
							"post": [-25, 7.75, 61.77],
							"lerp_mode": "catmullrom"
						},
						"3.15": {
							"post": [-24.9445, 7.90002, 61.65984],
							"lerp_mode": "catmullrom"
						},
						"3.35": {
							"post": [-24.22873, 9.9815, 70.7622],
							"lerp_mode": "catmullrom"
						},
						"3.6": {
							"post": [-24.16, 10.35, 71.62],
							"lerp_mode": "catmullrom"
						},
						"3.85": {
							"post": [-23.86, 10.06, 70.09],
							"lerp_mode": "catmullrom"
						},
						"4.0": {
							"post": [-21.22873, 8.4815, 60.2622],
							"lerp_mode": "catmullrom"
						},
						"4.15": {
							"post": [-2.67436, -2.84081, 26.11685],
							"lerp_mode": "catmullrom"
						},
						"4.3": {
							"post": [2.37, -2.9, 0.4],
							"lerp_mode": "catmullrom"
						},
						"4.4": {
							"post": [0, 0, 1.25],
							"lerp_mode": "catmullrom"
						},
						"4.5": {
							"post": [0, 0, 0.5],
							"lerp_mode": "catmullrom"
						},
						"4.6": {
							"post": [0, 0, 0],
							"lerp_mode": "catmullrom"
						}
					},
					"position": {
						"0.0": {
							"post": [0, 0, 0],
							"lerp_mode": "catmullrom"
						},
						"0.2": {
							"post": [0.34, 0.6, -1.65],
							"lerp_mode": "catmullrom"
						},
						"0.3": {
							"post": [0.67385, 0.3, -0.8],
							"lerp_mode": "catmullrom"
						},
						"0.45": {
							"post": [0.67385, 0.4, -1],
							"lerp_mode": "catmullrom"
						},
						"2.05": {
							"post": [0.67385, 0.39886, -0.7],
							"lerp_mode": "catmullrom"
						},
						"2.4": {
							"post": [-1.07086, -0.3546, -1.4],
							"lerp_mode": "catmullrom"
						},
						"3.95": {
							"post": [-1.07086, -0.3546, -1.4],
							"lerp_mode": "catmullrom"
						},
						"4.3": {
							"post": [0, -0.425, -0.7],
							"lerp_mode": "catmullrom"
						},
						"4.45": {
							"post": [0.1, 0, 0.3],
							"lerp_mode": "catmullrom"
						},
						"4.55": {
							"post": [0, 0, 0],
							"lerp_mode": "catmullrom"
						}
					}
				},
				"lefthand": {
					"rotation": [76.9805, -30.34723, -117.94933],
					"position": [7.15, -14.94187, 0.77375],
					"scale": [1, 1.5, 1]
				},
				"righthand": {
					"rotation": [93.32102, 14.82897, -180.27891],
					"position": [-6.725, -16.2375, 12.725],
					"scale": [1, 1.5, 1]
				},
				"camera": {
					"rotation": {
						"0.0": {
							"post": [0, 0, 0],
							"lerp_mode": "catmullrom"
						},
						"0.1": {
							"post": [0.2525, 0, 0],
							"lerp_mode": "catmullrom"
						},
						"0.3": {
							"post": [-1.875, 0, 0],
							"lerp_mode": "catmullrom"
						},
						"0.7": {
							"post": [-2.3775, 0, 0],
							"lerp_mode": "catmullrom"
						},
						"1.05": {
							"post": [-3.8025, 0.9075, 0.02],
							"lerp_mode": "catmullrom"
						},
						"2.2": {
							"post": [-3.25, 0.8125, 0],
							"lerp_mode": "catmullrom"
						},
						"2.5": {
							"post": [0, 4.3125, -1],
							"lerp_mode": "catmullrom"
						},
						"3.0": {
							"post": [-0.0175, 5, -1.14],
							"lerp_mode": "catmullrom"
						},
						"3.25": {
							"post": [3.9875, 4.97, -1.13],
							"lerp_mode": "catmullrom"
						},
						"4.15": {
							"post": [4.125, 4.3175, -1],
							"lerp_mode": "catmullrom"
						},
						"4.4": {
							"post": [0.1825, -0.8675, 0.0625],
							"lerp_mode": "catmullrom"
						},
						"4.6": {
							"post": [0, 0, 0],
							"lerp_mode": "catmullrom"
						}
					}
				}
			},
			"sound_effects": {
				"0.0": {
					"effect": "tacz:m700/m700_inspect_up"
				},
				"2.0": {
					"effect": "tacz:m700/m700_inspect_rotate"
				},
				"3.05": {
					"effect": "tacz:m700/m700_reload_empty_rotate"
				},
				"3.8": {
					"effect": "tacz:m700/m700_inspect_end"
				}
			}
		},
		"inspect_empty": {
			"animation_length": 4.65,
			"bones": {
				"root": {
					"rotation": {
						"0.0": {
							"post": [0, 0, 0],
							"lerp_mode": "catmullrom"
						},
						"0.2": {
							"post": [-15.30902, -2.26482, -10.8535],
							"lerp_mode": "catmullrom"
						},
						"0.3": {
							"post": [-19.87196, -3.17785, -17.95906],
							"lerp_mode": "catmullrom"
						},
						"0.4": {
							"post": [-21.02, -3.65, -14.43],
							"lerp_mode": "catmullrom"
						},
						"0.5": {
							"post": [-22.61825, -4.52968, -16.70733],
							"lerp_mode": "catmullrom"
						},
						"0.65": {
							"post": [-22.75, -4.41, -17.665],
							"lerp_mode": "catmullrom"
						},
						"0.85": {
							"post": [-22.62, -4.53, -17.96],
							"lerp_mode": "catmullrom"
						},
						"1.05": {
							"post": [-21.83419, -7.56045, -25.65573],
							"lerp_mode": "catmullrom"
						},
						"1.25": {
							"post": [-21.78, -7.76, -26.34],
							"lerp_mode": "catmullrom"
						},
						"1.5": {
							"post": [-21.78, -7.74, -26.81],
							"lerp_mode": "catmullrom"
						},
						"1.7": {
							"post": [-21.8, -7.68, -27.385],
							"lerp_mode": "catmullrom"
						},
						"2.0": {
							"post": [-21.83419, -7.56045, -25.65573],
							"lerp_mode": "catmullrom"
						},
						"2.1": {
							"post": [-21.83419, -7.56045, -14.65573],
							"lerp_mode": "catmullrom"
						},
						"2.3": {
							"post": [-24.9445, 7.90002, 43.15984],
							"lerp_mode": "catmullrom"
						},
						"2.4": {
							"post": [-24.9445, 7.90002, 59.65984],
							"lerp_mode": "catmullrom"
						},
						"2.55": {
							"post": [-24.95, 7.88, 61.47],
							"lerp_mode": "catmullrom"
						},
						"2.65": {
							"post": [-24.96, 7.86, 60.99],
							"lerp_mode": "catmullrom"
						},
						"2.9": {
							"post": [-25, 7.75, 61.77],
							"lerp_mode": "catmullrom"
						},
						"3.15": {
							"post": [-24.9445, 7.90002, 61.65984],
							"lerp_mode": "catmullrom"
						},
						"3.35": {
							"post": [-24.22873, 9.9815, 70.7622],
							"lerp_mode": "catmullrom"
						},
						"3.6": {
							"post": [-24.16, 10.35, 71.62],
							"lerp_mode": "catmullrom"
						},
						"3.85": {
							"post": [-23.86, 10.06, 70.09],
							"lerp_mode": "catmullrom"
						},
						"4.0": {
							"post": [-21.22873, 8.4815, 60.2622],
							"lerp_mode": "catmullrom"
						},
						"4.15": {
							"post": [-2.67436, -2.84081, 26.11685],
							"lerp_mode": "catmullrom"
						},
						"4.3": {
							"post": [2.37, -2.9, 0.4],
							"lerp_mode": "catmullrom"
						},
						"4.4": {
							"post": [0, 0, 1.25],
							"lerp_mode": "catmullrom"
						},
						"4.5": {
							"post": [0, 0, 0.5],
							"lerp_mode": "catmullrom"
						},
						"4.6": {
							"post": [0, 0, 0],
							"lerp_mode": "catmullrom"
						}
					},
					"position": {
						"0.0": {
							"post": [0, 0, 0],
							"lerp_mode": "catmullrom"
						},
						"0.2": {
							"post": [0.34, 0.6, -1.65],
							"lerp_mode": "catmullrom"
						},
						"0.3": {
							"post": [0.67385, 0.3, -0.8],
							"lerp_mode": "catmullrom"
						},
						"0.45": {
							"post": [0.67385, 0.4, -1],
							"lerp_mode": "catmullrom"
						},
						"2.05": {
							"post": [0.67385, 0.39886, -0.7],
							"lerp_mode": "catmullrom"
						},
						"2.4": {
							"post": [-1.07086, -0.3546, -1.4],
							"lerp_mode": "catmullrom"
						},
						"3.95": {
							"post": [-1.07086, -0.3546, -1.4],
							"lerp_mode": "catmullrom"
						},
						"4.3": {
							"post": [0, -0.425, -0.7],
							"lerp_mode": "catmullrom"
						},
						"4.45": {
							"post": [0.1, 0, 0.3],
							"lerp_mode": "catmullrom"
						},
						"4.55": {
							"post": [0, 0, 0],
							"lerp_mode": "catmullrom"
						}
					}
				},
				"lefthand": {
					"rotation": [76.9805, -30.34723, -117.94933],
					"position": [7.15, -14.94187, 0.77375],
					"scale": [1, 1.5, 1]
				},
				"righthand": {
					"rotation": [93.32102, 14.82897, -180.27891],
					"position": [-6.725, -16.2375, 12.725],
					"scale": [1, 1.5, 1]
				},
				"camera": {
					"rotation": {
						"0.0": {
							"post": [0, 0, 0],
							"lerp_mode": "catmullrom"
						},
						"0.1": {
							"post": [0.2525, 0, 0],
							"lerp_mode": "catmullrom"
						},
						"0.3": {
							"post": [-1.875, 0, 0],
							"lerp_mode": "catmullrom"
						},
						"0.7": {
							"post": [-2.3775, 0, 0],
							"lerp_mode": "catmullrom"
						},
						"1.05": {
							"post": [-3.8025, 0.9075, 0.02],
							"lerp_mode": "catmullrom"
						},
						"2.2": {
							"post": [-3.25, 0.8125, 0],
							"lerp_mode": "catmullrom"
						},
						"2.5": {
							"post": [0, 4.3125, -1],
							"lerp_mode": "catmullrom"
						},
						"3.0": {
							"post": [-0.0175, 5, -1.14],
							"lerp_mode": "catmullrom"
						},
						"3.25": {
							"post": [3.9875, 4.97, -1.13],
							"lerp_mode": "catmullrom"
						},
						"4.15": {
							"post": [4.125, 4.3175, -1],
							"lerp_mode": "catmullrom"
						},
						"4.4": {
							"post": [0.1825, -0.8675, 0.0625],
							"lerp_mode": "catmullrom"
						},
						"4.6": {
							"post": [0, 0, 0],
							"lerp_mode": "catmullrom"
						}
					}
				}
			},
			"sound_effects": {
				"0.0": {
					"effect": "tacz:m700/m700_inspect_up"
				},
				"2.0": {
					"effect": "tacz:m700/m700_inspect_rotate"
				},
				"3.05": {
					"effect": "tacz:m700/m700_reload_empty_rotate"
				},
				"3.8": {
					"effect": "tacz:m700/m700_inspect_end"
				}
			}
		},
		"bolt": {
			"animation_length": 1.4167,
			"bones": {
				"shell_1": {
					"scale": 1
				},
				"ammo": {
					"scale": 0
				},
				"bolt": {
					"position": {
						"0.375": [0, 0, 0],
						"0.5": [0, 0, 4],
						"0.6667": [0, 0, 4],
						"0.7917": [0, 0, 0]
					}
				},
				"lefthand": {
					"rotation": [76.9805, -30.34723, -117.94933],
					"position": [7.15, -14.94187, 0.77375],
					"scale": [1, 1.5, 1]
				},
				"constraint": {
					"rotation": [0.2, 0.2, 0.2],
					"position": [0.2, 0.2, 0.2]
				},
				"righthand": {
					"rotation": {
						"0.0": [93.32102, 14.82897, -180.27891],
						"0.1667": [80.86807, 17.33886, -260.06561],
						"0.3333": [108.90373, 58.25042, -197.66786],
						"0.375": [117.57108, 68.3915, -188.00819],
						"0.5": [150.996, 77.14294, -164.62431],
						"0.5833": [150.996, 77.14294, -164.62431],
						"0.7083": [173.76372, 6.6718, -136.96044],
						"0.7917": [173.5979, 14.62336, -137.85569],
						"0.9167": [173.5979, 14.62336, -137.85569],
						"1.0": [127.11251, 2.82351, -121.48807],
						"1.1667": [93.32102, 14.82897, -180.27891]
					},
					"position": {
						"0.0": [-6.725, -16.2375, 12.725],
						"0.1667": [-9.0325, -13.9275, 8.0425],
						"0.3333": [-7.8425, -9.68, 7.2275],
						"0.375": [-7.715, -9.68, 7.23],
						"0.5": [-7.46, -9.43, 10.6675],
						"0.5833": [-7.46, -9.43, 10.6675],
						"0.7083": [-7.46, -8.805, 9.5425],
						"0.7917": [-7.46, -8.805, 6.7925],
						"0.9167": [-7.46, -8.805, 6.7925],
						"1.0": [-10.8975, -10.55, 8.1025],
						"1.0833": [-10.6225, -13.9525, 10.41],
						"1.1667": [-6.725, -16.2375, 12.725]
					},
					"scale": [1, 1.5, 1]
				},
				"root": {
					"rotation": {
						"0.0": [0, 0, 0],
						"0.125": [4, 0, -10],
						"0.1667": [6.74757, 0.13948, -11.99513],
						"0.25": [7.71794, -0.69271, -5.54873],
						"0.375": [5.40643, -0.12507, 7.56666],
						"0.4167": [5.40704, 0.87048, 7.66089],
						"0.5417": [2.93405, 2.65461, -9.25993],
						"0.5833": [2.83967, 2.75535, -11.25962],
						"0.7083": [3.5182, 2.37675, -7.27357],
						"0.7917": [3.6376, 2.18949, -4.27704],
						"0.875": [-1.28762, 1.97409, -2.28163],
						"1.0": [1.38913, 1.72053, -12.28363],
						"1.125": [1.53379, 1.59292, -7.28317],
						"1.4167": {
							"pre": [0, 0, 0],
							"post": [0, 0, 0],
							"lerp_mode": "catmullrom"
						}
					},
					"position": {
						"0.0": [0, 0, 0],
						"0.125": [-0.4375, 0.0625, 0],
						"0.1667": [-0.4375, -0.125, 0],
						"0.25": [-0.4375, -0.3125, 0],
						"0.375": [-0.4375, -0.375, 0],
						"0.4167": [-0.5625, -0.375, 0],
						"0.5417": [-1.0625, 0.125, 0.6875],
						"0.5833": [-1.0625, 0.0625, 0.6875],
						"0.7083": [-1.0625, 0.0625, 1.0625],
						"0.7917": [-1.0625, -0.1875, 0.1875],
						"0.875": [-1.0625, -0.1875, -0.5625],
						"1.0": [-1.0625, -0.1875, -0.5625],
						"1.125": [-0.75, -0.5625, -0.125],
						"1.4167": {
							"pre": [0, 0, 0],
							"post": [0, 0, 0],
							"lerp_mode": "catmullrom"
						}
					}
				},
				"front": {
					"rotation": {
						"0.2083": [0, 0, 0],
						"0.3333": [0, 0, 90],
						"0.9167": [0, 0, 90],
						"1.0": [0, 0, 0]
					}
				},
				"bullet6": {
					"rotation": {
						"0.5": {
							"pre": [0, 0, 0],
							"post": [0, 0, 0],
							"lerp_mode": "catmullrom"
						},
						"0.625": {
							"post": [224.8019, 70.88062, -90.56385],
							"lerp_mode": "catmullrom"
						},
						"0.7083": {
							"post": [224.8019, 70.88062, -90.56385],
							"lerp_mode": "catmullrom"
						}
					},
					"position": {
						"0.5": {
							"pre": [0, 0, 0],
							"post": [0, 0, 0],
							"lerp_mode": "catmullrom"
						},
						"0.625": {
							"post": [-6.625, 10.125, 0],
							"lerp_mode": "catmullrom"
						},
						"0.7083": {
							"post": [-17.25, -3.375, 0],
							"lerp_mode": "catmullrom"
						}
					},
					"scale": {
						"0.625": {
							"pre": [1, 1, 1],
							"post": [0, 0, 0]
						}
					}
				},
				"bullethead6": {
					"scale": 0
				},
				"ammo2": {
					"position": {
						"0.5417": [0, -0.25, 0],
						"0.625": [0, 0, 0]
					}
				},
				"camera": {
					"rotation": {
						"0.0": {
							"post": [0, 0, 0],
							"lerp_mode": "catmullrom"
						},
						"0.1667": {
							"post": [0.5, -0.5, -2],
							"lerp_mode": "catmullrom"
						},
						"0.2917": {
							"post": [2, -0.4375, -0.75],
							"lerp_mode": "catmullrom"
						},
						"0.4167": {
							"post": [1.22, 0.14, -1.31],
							"lerp_mode": "catmullrom"
						},
						"0.6667": {
							"post": [-1, -0.1875, 0.1875],
							"lerp_mode": "catmullrom"
						},
						"0.8333": {
							"post": [0.5, 1, 0.1875],
							"lerp_mode": "catmullrom"
						},
						"0.9583": {
							"post": [0.19, 0.01, 1],
							"lerp_mode": "catmullrom"
						},
						"1.125": {
							"post": [0.2, 0.3, 1],
							"lerp_mode": "catmullrom"
						},
						"1.2083": {
							"post": [0, 0, 0],
							"lerp_mode": "catmullrom"
						}
					}
				},
				"hammer_type_shi": {
					"position": {
						"0.0": [0, 0, -0.5],
						"0.75": [0, 0, -0.5],
						"0.7917": [0, 0, 0]
					}
				}
			},
			"sound_effects": {
				"0.2083": {
					"effect": "ww:mosin/mosin_boltopen"
				},
				"0.5": {
					"effect": "ww:mosin/mosin_shell"
				},
				"0.6667": {
					"effect": "ww:mosin/mosin_boltclose"
				}
			}
		},
		"reload_start": {
			"loop": "hold_on_last_frame",
			"animation_length": 1.2917,
			"bones": {
				"ammo": {
					"scale": {
						"0.7917": [0, 0, 0],
						"1.25": [0, 0, 0],
						"1.2917": [1, 1, 1]
					}
				},
				"bolt": {
					"position": {
						"0.0": [0, 0, 0],
						"0.375": [0, 0, 0],
						"0.5833": [0, 0, 4],
						"1.2917": [0, 0, 4]
					}
				},
				"lefthand": {
					"rotation": {
						"0.0": [76.9805, -30.34723, -117.94933],
						"0.2083": [27.78814, -77.3051, -62.99124],
						"0.5833": [27.78814, -77.3051, -62.99124],
						"0.75": [76.9805, -30.34723, -117.94933],
						"1.2917": [76.98, -30.35, -117.95]
					},
					"position": {
						"0.0": [7.15, -14.94187, 0.77375],
						"0.2083": [5.8375, -12.94, 5.02],
						"0.5833": [5.8375, -12.94, 5.02],
						"0.75": [7.15, -14.94187, 0.77375],
						"1.2917": [7.15, -14.94, 0.77]
					},
					"scale": [1, 1.5, 1]
				},
				"constraint": {
					"rotation": {
						"0.0": [0.2, 0.2, 0.2],
						"1.2917": [0.2, 0.2, 0.2]
					},
					"position": {
						"0.0": [0.2, 0.2, 0.2],
						"1.2917": [0.2, 0.2, 0.2]
					}
				},
				"righthand": {
					"rotation": {
						"0.0": [93.32102, 14.82897, -180.27891],
						"0.125": [93.32, 14.83, -180.28],
						"0.25": [80.86807, 17.33886, -260.06561],
						"0.375": [108.90373, 58.25042, -197.66786],
						"0.5833": [123.17444, 71.84698, -182.05481],
						"0.7917": [117.73551, 12.33098, -163.33563],
						"1.125": [117.73551, 12.33098, -163.33563],
						"1.2917": [117.04408, -0.55829, -170.02752]
					},
					"position": {
						"0.0": [-4.725, -15.2375, 10.725],
						"0.125": [-4.72, -15.24, 9.73],
						"0.25": [-7.47, -12.74, 6.0425],
						"0.375": [-5.8425, -7.9925, 5.2275],
						"0.5833": [-5.715, -7.99, 8.855],
						"0.7917": [-8.34, -17.115, 8.2925],
						"1.125": [-8.34, -17.115, 8.2925],
						"1.2917": [-8.18375, -12.52125, 8.5425]
					},
					"scale": {
						"0.0": [1, 1.5, 1],
						"1.2917": [1, 1.5, 1]
					}
				},
				"root": {
					"rotation": {
						"0.0": [0, 0, 0],
						"0.125": [2.0003, -0.99939, -0.0349],
						"0.25": [5.8501, -2.40709, 3.84205],
						"0.375": [9.82072, -0.77807, 6.15488],
						"0.5": [-1.07417, 0.02921, -9.82522],
						"0.6667": {
							"pre": [-0.57159, 0.06171, -6.57538],
							"post": [-0.57159, 0.06171, -6.57538],
							"lerp_mode": "catmullrom"
						},
						"0.7917": [-8.48737, -1.33629, -0.01641],
						"0.9583": {
							"pre": [-20.58739, -4.51357, 3.30716],
							"post": [-20.58739, -4.51357, 3.30716],
							"lerp_mode": "catmullrom"
						},
						"1.2083": [-28.23919, -42.19442, 21.44972],
						"1.2917": [-29.13683, -43.94901, 22.76396]
					},
					"position": {
						"0.0": [0, 0, 0],
						"0.125": [0, -0.125, 0.8125],
						"0.25": [0, -0.5625, 0.8125],
						"0.375": [0, -0.625, 0.125],
						"0.5": [0, 0.1875, 1.5625],
						"0.6667": {
							"pre": [0, 0.1875, 0.9375],
							"post": [0, 0.1875, 0.9375],
							"lerp_mode": "catmullrom"
						},
						"0.7917": [0, -0.0625, 0.4375],
						"0.9583": {
							"pre": [1.4375, -0.0625, 1.375],
							"post": [1.4375, -0.0625, 1.375],
							"lerp_mode": "catmullrom"
						},
						"1.2083": [4.375, -1.125, 2.5625],
						"1.2917": [4.375, -1.125, 2.5625]
					}
				},
				"front": {
					"rotation": {
						"0.25": [0, 0, 0],
						"0.375": [0, 0, 90],
						"1.2917": [0, 0, 90]
					}
				},
				"bullet6": {
					"scale": 0
				},
				"righthandammo": {
					"position": {
						"0.0": [-2, -1, 2],
						"1.2917": [-2, -1, 2]
					}
				},
				"bone13": {
					"scale": 0
				},
				"bullet2": {
					"scale": 0
				},
				"bullet3": {
					"scale": 0
				},
				"bullet4": {
					"scale": 0
				},
				"bullet5": {
					"scale": 0
				},
				"camera": {
					"rotation": {
						"0.0": [0, 0, 0],
						"0.25": [2, 0, 0],
						"0.5833": [-0.5, 1, 1],
						"0.625": [-0.5, 1, 0],
						"1.2917": [1, -2, 0]
					},
					"position": {
						"0.0": [0, 0, 0],
						"0.25": [0, 0, 0],
						"0.5833": [0, 0, 0],
						"1.2917": [0, 0, 0]
					}
				},
				"other": {
					"scale": 0
				}
			},
			"sound_effects": {
				"0.25": {
					"effect": "ww:mosin/mosin_boltopen"
				}
			}
		},
		"reload_loop": {
			"loop": "hold_on_last_frame",
			"animation_length": 1,
			"bones": {
				"ammo": {
					"scale": {
						"0.0": [1, 1, 1],
						"0.3333": [1, 1, 1],
						"0.375": [0, 0, 0],
						"0.5833": [0, 0, 0]
					}
				},
				"bolt": {
					"position": {
						"0.0": [0, 0, 4],
						"0.5833": [0, 0, 4]
					}
				},
				"lefthand": {
					"rotation": {
						"0.0": [76.98, -30.35, -117.95],
						"0.5833": [76.98, -30.35, -117.95]
					},
					"position": {
						"0.0": [7.15, -14.94, 0.77],
						"0.5833": [7.15, -14.94, 0.77]
					},
					"scale": {
						"0.0": [1, 1.5, 1],
						"0.5833": [1, 1.5, 1]
					}
				},
				"constraint": {
					"rotation": {
						"0.0": [0.2, 0.2, 0.2],
						"0.5833": [0.2, 0.2, 0.2]
					},
					"position": {
						"0.0": [0.2, 0.2, 0.2],
						"0.5833": [0.2, 0.2, 0.2]
					}
				},
				"righthand": {
					"rotation": {
						"0.0": [117.04408, -0.55829, -170.02752],
						"0.2083": [123.04, -0.56, -170.03],
						"0.3333": [89.10638, 14.4303, -169.48492],
						"0.5417": [117.04408, -0.55829, -170.02752],
						"0.5833": [117.04, -0.56, -170.03]
					},
					"position": {
						"0.0": [-8.18375, -12.52125, 8.5425],
						"0.2083": [-8.18, -12.7075, 8.54],
						"0.3333": [-8.18, -12.71, 8.54],
						"0.5417": [-8.18375, -12.52125, 8.5425],
						"0.5833": [-8.18, -12.52, 8.54]
					},
					"scale": {
						"0.0": [1, 1.5, 1],
						"0.5833": [1, 1.5, 1]
					}
				},
				"root": {
					"rotation": {
						"0.0": [-29.13683, -43.94901, 22.76396],
						"0.2083": [-26.9654, -45.12501, 19.66853],
						"0.3333": [-27.9654, -45.12501, 19.66853],
						"0.375": [-27.9654, -45.12501, 19.66853],
						"0.5833": [-29.13683, -43.94901, 22.76396]
					},
					"position": {
						"0.0": [4.375, -1.125, 2.5625],
						"0.2083": [4.375, -1.125, 2.5625],
						"0.3333": [4.375, -1.3125, 2.5625],
						"0.375": [4.375, -1.3125, 2.5625],
						"0.5833": [4.375, -1.125, 2.5625]
					}
				},
				"front": {
					"rotation": {
						"0.0": [0, 0, 90],
						"0.5833": [0, 0, 90]
					}
				},
				"bullet6": {
					"position": {
						"0.0": [0, -0.12, 0],
						"0.5833": [0, -0.12, 0]
					},
					"scale": {
						"0.0": [0, 0, 0],
						"0.5833": [0, 0, 0]
					}
				},
				"righthandammo": {
					"rotation": {
						"0.0": [0, 0, 0],
						"0.2083": [15.455, -17.77095, -2.90976],
						"0.3333": [0, 0, 0],
						"0.5417": [0, 0, 0],
						"0.5833": [0, 0, 0]
					},
					"position": {
						"0.0": [-2, -1, 2],
						"0.2083": [-1, 1.25, 0.0625],
						"0.3333": [0, 0, 0],
						"0.5417": [-2, -1, 2],
						"0.5833": [-2, -1, 2]
					}
				},
				"ammo2": {
					"position": {
						"0.25": [0, 0, 0],
						"0.3333": [0, -0.25, 0],
						"0.375": [0, 0, 0],
						"0.5833": [0, 0, 0]
					}
				},
				"bone13": {
					"scale": {
						"0.0": [0, 0, 0],
						"0.5833": [0, 0, 0]
					}
				},
				"camera": {
					"rotation": {
						"0.0": [1, -2, 0],
						"0.2083": [2, -2, 0],
						"0.3333": [3, -2.5, 1],
						"0.4167": [2, -2, 0],
						"0.5833": [1, -2, 0]
					},
					"position": {
						"0.0": [0, 0, 0],
						"0.2083": [0, 0, 0],
						"0.3333": [0, 0, 0],
						"0.4167": [0, 0, 0],
						"0.5833": [0, 0, 0]
					}
				},
				"other": {
					"scale": {
						"0.0": [0, 0, 0],
						"0.5833": [0, 0, 0]
					}
				},
				"bullet7": {
					"position": [0, 0, -4]
				},
				"bullet8": {
					"position": [0, 0, -5]
				}
			},
			"sound_effects": {
				"0.2083": {
					"effect": "ww:mosin/mosin_bulletin"
				}
			}
		},
		"reload_end": {
			"loop": "hold_on_last_frame",
			"animation_length": 1.125,
			"bones": {
				"ammo": {
					"scale": 0
				},
				"bolt": {
					"position": {
						"0.0": [0, 0, 4],
						"0.375": [0, 0, 4],
						"0.4583": [0, 0, 0]
					}
				},
				"lefthand": {
					"rotation": [76.98, -30.35, -117.95],
					"position": [7.15, -14.94, 0.77],
					"scale": [1, 1.5, 1]
				},
				"constraint": {
					"rotation": [0.2, 0.2, 0.2],
					"position": [0.2, 0.2, 0.2]
				},
				"righthand": {
					"rotation": {
						"0.0": [117.04, -0.56, -170.03],
						"0.125": [117.04, -0.56, -170.03],
						"0.3333": [116.97356, 8.31923, -156.57349],
						"0.4583": [139.51585, 4.14587, -136.02602],
						"0.5": [139.51585, 4.14587, -136.02602],
						"0.625": [108.2289, -8.2089, -101.05848],
						"0.8333": [93.32102, 14.82897, -180.27891]
					},
					"position": {
						"0.0": [-8.18, -12.52, 8.54],
						"0.125": [-8.18, -12.52, 8.54],
						"0.3333": [-8.18, -9.8325, 12.165],
						"0.4583": [-8.4925, -9.0175, 7.67],
						"0.5": [-8.4925, -9.0175, 7.67],
						"0.625": [-10.3, -11.015, 8.8575],
						"0.8333": [-6.725, -16.2375, 12.725]
					},
					"scale": [1, 1.5, 1]
				},
				"root": {
					"rotation": {
						"0.0": [-29.13683, -43.94901, 22.76396],
						"0.1667": {
							"pre": [-16.46, -24.39, 13.16],
							"post": [-16.46, -24.39, 13.16],
							"lerp_mode": "catmullrom"
						},
						"0.25": [-3.78465, -4.84089, 3.55349],
						"0.3333": [-2.77675, -3.34118, 3.46142],
						"0.4583": [5.22654, -2.84784, 3.3865],
						"0.5": [5.22654, -2.84784, 3.3865],
						"0.625": [5.70271, -1.7009, -8.56822],
						"0.875": {
							"pre": [1, 2, 0],
							"post": [1, 2, 0],
							"lerp_mode": "catmullrom"
						},
						"0.9583": {
							"post": [0, 0, 1.25],
							"lerp_mode": "catmullrom"
						},
						"1.0833": {
							"post": [0, 0, 0.5],
							"lerp_mode": "catmullrom"
						},
						"1.1667": {
							"post": [0, 0, 0],
							"lerp_mode": "catmullrom"
						}
					},
					"position": {
						"0.0": [4.375, -1.125, 2.5625],
						"0.1667": {
							"pre": [2.34, -0.44, 1.5],
							"post": [2.34, -0.44, 1.5],
							"lerp_mode": "catmullrom"
						},
						"0.25": [0.3125, 0.25, 0.4375],
						"0.3333": [0.39, 0.11313, 0.23],
						"0.4583": [0.625, -0.5, -1],
						"0.5": [0.625, -0.5, -1],
						"0.625": [0.625, -0.5, 0.0625],
						"0.875": {
							"pre": [0, -0.3, -0.7],
							"post": [0, -0.3, -0.7],
							"lerp_mode": "catmullrom"
						},
						"1.0417": {
							"post": [0.1, 0, 0.3],
							"lerp_mode": "catmullrom"
						},
						"1.125": {
							"post": [0, 0, 0],
							"lerp_mode": "catmullrom"
						}
					}
				},
				"front": {
					"rotation": {
						"0.0": [0, 0, 90],
						"0.4583": [0, 0, 90],
						"0.5": [0, 0, 90],
						"0.625": [0, 0, 0]
					}
				},
				"bullet6": {
					"position": [0, -0.12, 0],
					"scale": 0
				},
				"righthandammo": {
					"rotation": {
						"0.0": [0, 0, 0],
						"0.125": [0, 0, 0],
						"0.3333": [0, 0, 0]
					},
					"position": {
						"0.0": [-2, -1, 2],
						"0.125": [-2, -1, 2],
						"0.3333": [0, 0, 0]
					}
				},
				"ammo2": {
					"position": [0, 0, 0]
				},
				"bone13": {
					"scale": 0
				},
				"other": {
					"scale": 0
				},
				"camera": {
					"rotation": {
						"0.0": [1, -2, 0],
						"0.3333": [2, 1, 0],
						"0.4583": [-1, 0.5, 0],
						"0.7083": [1.5, 1.5, -2],
						"0.9583": [0, 0, 0]
					},
					"position": {
						"0.0": [0, 0, 0],
						"0.3333": [0, 0, 0],
						"0.4583": [0, 0, 0],
						"0.7083": [0, 0, 0],
						"0.9583": [0, 0, 0]
					}
				},
				"hammer_type_shi": {
					"position": {
						"0.0": [0, 0, 0],
						"0.4583": [0, 0, 0]
					}
				}
			},
			"sound_effects": {
				"0.4583": {
					"effect": "ww:mosin/mosin_boltclose"
				}
			}
		},
		"reload_start_empty": {
			"loop": "hold_on_last_frame",
			"animation_length": 1.2917,
			"bones": {
				"ammo": {
					"scale": {
						"0.7917": [0, 0, 0],
						"1.25": [0, 0, 0],
						"1.2917": [1, 1, 1]
					}
				},
				"bolt": {
					"position": {
						"0.0": [0, 0, 0],
						"0.375": [0, 0, 0],
						"0.5833": [0, 0, 4],
						"1.2917": [0, 0, 4]
					}
				},
				"lefthand": {
					"rotation": [76.9805, -30.34723, -117.94933],
					"position": [7.15, -14.94187, 0.77375],
					"scale": [1, 1.5, 1]
				},
				"constraint": {
					"rotation": {
						"0.0": [0.2, 0.2, 0.2],
						"1.2917": [0.2, 0.2, 0.2]
					},
					"position": {
						"0.0": [0.2, 0.2, 0.2],
						"1.2917": [0.2, 0.2, 0.2]
					}
				},
				"righthand": {
					"rotation": {
						"0.0": [93.32102, 14.82897, -180.27891],
						"0.125": [93.32, 14.83, -180.28],
						"0.25": [80.86807, 17.33886, -260.06561],
						"0.375": [108.90373, 58.25042, -197.66786],
						"0.5833": [123.17444, 71.84698, -182.05481],
						"0.7917": [117.73551, 12.33098, -163.33563],
						"1.125": [117.73551, 12.33098, -163.33563],
						"1.2917": [117.04408, -0.55829, -170.02752]
					},
					"position": {
						"0.0": [-4.725, -15.2375, 10.725],
						"0.125": [-4.72, -15.24, 9.73],
						"0.25": [-7.47, -12.74, 6.0425],
						"0.375": [-5.8425, -7.9925, 5.2275],
						"0.5833": [-5.715, -7.99, 8.855],
						"0.7917": [-8.34, -17.115, 8.2925],
						"1.125": [-8.34, -17.115, 8.2925],
						"1.2917": [-8.18375, -12.52125, 8.5425]
					},
					"scale": {
						"0.0": [1, 1.5, 1],
						"1.2917": [1, 1.5, 1]
					}
				},
				"root": {
					"rotation": {
						"0.0": [0, 0, 0],
						"0.125": [2.0003, -0.99939, -0.0349],
						"0.25": [5.8501, -2.40709, 3.84205],
						"0.375": [9.82072, -0.77807, 6.15488],
						"0.5": [-1.07417, 0.02921, -9.82522],
						"0.6667": {
							"pre": [-0.57159, 0.06171, -6.57538],
							"post": [-0.57159, 0.06171, -6.57538],
							"lerp_mode": "catmullrom"
						},
						"0.7917": [-8.48737, -1.33629, -0.01641],
						"0.9583": {
							"pre": [-20.58739, -4.51357, 3.30716],
							"post": [-20.58739, -4.51357, 3.30716],
							"lerp_mode": "catmullrom"
						},
						"1.2083": [-28.23919, -42.19442, 21.44972],
						"1.2917": [-29.13683, -43.94901, 22.76396]
					},
					"position": {
						"0.0": [0, 0, 0],
						"0.125": [0, -0.125, 0.8125],
						"0.25": [0, -0.5625, 0.8125],
						"0.375": [0, -0.625, 0.125],
						"0.5": [0, 0.1875, 1.5625],
						"0.6667": {
							"pre": [0, 0.1875, 0.9375],
							"post": [0, 0.1875, 0.9375],
							"lerp_mode": "catmullrom"
						},
						"0.7917": [0, -0.0625, 0.4375],
						"0.9583": {
							"pre": [1.4375, -0.0625, 1.375],
							"post": [1.4375, -0.0625, 1.375],
							"lerp_mode": "catmullrom"
						},
						"1.2083": [4.375, -1.125, 2.5625],
						"1.2917": [4.375, -1.125, 2.5625]
					}
				},
				"front": {
					"rotation": {
						"0.25": [0, 0, 0],
						"0.375": [0, 0, 90],
						"1.2917": [0, 0, 90]
					}
				},
				"bullet6": {
					"rotation": {
						"0.4167": {
							"pre": [0, 0, 0],
							"post": [0, 0, 0],
							"lerp_mode": "catmullrom"
						},
						"0.5417": {
							"post": [224.8019, 70.88062, -90.56385],
							"lerp_mode": "catmullrom"
						},
						"0.625": {
							"post": [224.8019, 70.88062, -90.56385],
							"lerp_mode": "catmullrom"
						}
					},
					"position": {
						"0.4167": {
							"pre": [0, 0, 0],
							"post": [0, 0, 0],
							"lerp_mode": "catmullrom"
						},
						"0.5417": {
							"post": [-6.625, 5.125, 0],
							"lerp_mode": "catmullrom"
						},
						"0.625": {
							"post": [-17.25, -8.375, 0],
							"lerp_mode": "catmullrom"
						}
					},
					"scale": {
						"0.625": {
							"pre": [1, 1, 1],
							"post": [0, 0, 0]
						}
					}
				},
				"righthandammo": {
					"position": {
						"0.0": [-2, -1, 2],
						"1.2917": [-2, -1, 2]
					}
				},
				"camera": {
					"rotation": {
						"0.0": [0, 0, 0],
						"0.25": [2, 0, 0],
						"0.5833": [-0.5, 1, 1],
						"0.625": [-0.5, 1, 0],
						"1.2917": [1, -2, 0]
					},
					"position": {
						"0.0": [0, 0, 0],
						"0.25": [0, 0, 0],
						"0.5833": [0, 0, 0],
						"1.2917": [0, 0, 0]
					}
				},
				"ammo2": {
					"scale": 0
				}
			},
			"sound_effects": {
				"0.25": {
					"effect": "ww:mosin/mosin_boltopen"
				},
				"0.5833": {
					"effect": "ww:mosin/mosin_shell"
				}
			}
		},
		"reload_clip": {
			"loop": "hold_on_last_frame",
			"animation_length": 0.9583,
			"bones": {
				"ammo": {
					"scale": {
						"0.0": [1, 1, 1],
						"0.9583": [1, 1, 1]
					}
				},
				"bolt": {
					"position": [0, 0, 4]
				},
				"lefthand": {
					"rotation": [76.9805, -30.34723, -117.94933],
					"position": [7.15, -14.94187, 0.77375],
					"scale": [1, 1.5, 1]
				},
				"constraint": {
					"rotation": [0.2, 0.2, 0.2],
					"position": [0.2, 0.2, 0.2]
				},
				"righthand": {
					"rotation": {
						"0.0": [117.04408, -0.55829, -170.02752],
						"0.2083": [117.04, -0.56, -170.03],
						"0.375": [101.04, -0.56, -170.03],
						"0.5": [101.04, -0.56, -170.03],
						"0.5833": [100.8346, 3.62339, -160.06417],
						"0.6667": [100.8346, 3.62339, -160.06417],
						"0.9583": [84.79905, 7.60704, -160.4272]
					},
					"position": {
						"0.0": [-8.18375, -12.52125, 8.5425],
						"0.2083": [-8.18, -12.52, 8.54],
						"0.375": [-8.3675, -12.52, 8.54],
						"0.5": [-8.37, -12.52, 8.54],
						"0.5833": [-8.37, -12.52, 8.54],
						"0.6667": [-8.37, -12.52, 8.54],
						"0.9583": [-8.37, -12.145, 8.54]
					},
					"scale": [1, 1.5, 1]
				},
				"root": {
					"rotation": {
						"0.0": [-29.13683, -43.94901, 22.76396],
						"0.1667": [-27.9654, -45.12501, 19.66853],
						"0.4583": [-21.22582, -48.04654, 10.40306],
						"0.6667": [-30.0674, -45.58704, 18.40641],
						"0.8333": [-32.75609, -49.06958, 11.19031],
						"0.9583": [-33.51, -49.07, 11.19]
					},
					"position": {
						"0.0": [4.375, -1.125, 2.5625],
						"0.1667": [4.375, -1.1875, 2.5625],
						"0.4583": [4.375, -1.1875, 2.5625],
						"0.6667": [4.25, -1.25, 2.5625],
						"0.8333": [4.25, -2.125, 2.5625],
						"0.9583": [4.25, -2.22, 2.56]
					}
				},
				"front": {
					"rotation": [0, 0, 90]
				},
				"bullet6": {
					"scale": 0
				},
				"righthandammo": {
					"rotation": {
						"0.0": [0, 0, 0],
						"0.2083": [0, 0, 14],
						"0.375": [0, 0, -5.2],
						"0.4583": [0, 0, 0],
						"0.6667": [0, 0, 0],
						"0.875": [0, 0, 0]
					},
					"position": {
						"0.0": [-2, -1, 2],
						"0.2083": [-1.1875, 3.875, 2],
						"0.375": [-0.24, 3.7225, 0.4],
						"0.4583": [0, 2.8125, 0],
						"0.6667": [0, 2.9375, 0],
						"0.875": [0, 0, 0]
					}
				},
				"camera": {
					"rotation": {
						"0.0": [1, -2, 0],
						"0.25": [-0.5, -1.5, 0],
						"0.4583": [1, -2, 0],
						"0.6667": [1.8, -2.5, 0],
						"0.9583": [4, -2, 0]
					},
					"position": {
						"0.0": [0, 0, 0],
						"0.9583": [0, 0, 0]
					}
				},
				"ammo2": {
					"scale": 0
				},
				"bone13": {
					"rotation": {
						"0.875": {
							"pre": [0, 0, 0],
							"post": [0, 0, 0],
							"lerp_mode": "catmullrom"
						},
						"0.9167": {
							"post": [158.19, 49.88, -63.73],
							"lerp_mode": "catmullrom"
						},
						"0.9583": {
							"post": [158.19, 49.88, -63.73],
							"lerp_mode": "catmullrom"
						}
					},
					"position": {
						"0.6667": [0, 0, 0],
						"0.8333": [0, 2.35, 0],
						"0.875": {
							"pre": [0, 4, 0],
							"post": [0, 4, 0],
							"lerp_mode": "catmullrom"
						},
						"0.9167": {
							"post": [2.495, 4.6625, 0],
							"lerp_mode": "catmullrom"
						},
						"0.9583": {
							"post": [4.875, -0.84, 0.75],
							"lerp_mode": "catmullrom"
						}
					},
					"scale": {
						"0.9167": {
							"pre": [1, 1, 1],
							"post": [0, 0, 0]
						}
					}
				},
				"bullet": {
					"rotation": {
						"0.5": [0, 0, 0],
						"0.6667": [-13, 0, 0],
						"0.875": [-13, 0, 0],
						"0.9583": [0, 0, 0]
					},
					"position": {
						"0.5": [0, 0, 0],
						"0.6667": [0, 0, 0],
						"0.875": [0, 0, 0],
						"0.9583": [0, 0, 0]
					}
				}
			},
			"sound_effects": {
				"0.6667": {
					"effect": "ww:mosin/mosin_clip"
				}
			}
		},
		"static_bolt_caught": {
			"animation_length": 0.1,
			"bones": {
				"shell_1": {
					"scale": 1
				},
				"ammo": {
					"scale": 0
				},
				"bolt": {
					"position": [0, 0, 0]
				},
				"lefthand": {
					"rotation": [76.9805, -30.34723, -117.94933],
					"position": [7.15, -14.94187, 0.77375],
					"scale": [1, 1.5, 1]
				},
				"constraint": {
					"rotation": [0.2, 0.2, 0.2],
					"position": [0.2, 0.2, 0.2]
				},
				"righthand": {
					"rotation": [93.32102, 14.82897, -180.27891],
					"position": [-6.725, -16.2375, 12.725],
					"scale": [1, 1.5, 1]
				},
				"hammer_type_shi": {
					"position": {
						"0.0": [0, 0, -0.5],
						"0.0417": [0, 0, -0.5],
						"0.0833": [0, 0, -0.5]
					}
				}
			}
		},
		"reload_loop_1round": {
			"loop": "hold_on_last_frame",
			"animation_length": 1,
			"bones": {
				"ammo": {
					"scale": {
						"0.0": [1, 1, 1],
						"0.3333": [1, 1, 1],
						"0.375": [0, 0, 0],
						"0.5833": [0, 0, 0]
					}
				},
				"bolt": {
					"position": {
						"0.0": [0, 0, 4],
						"0.5833": [0, 0, 4]
					}
				},
				"lefthand": {
					"rotation": {
						"0.0": [76.98, -30.35, -117.95],
						"0.5833": [76.98, -30.35, -117.95]
					},
					"position": {
						"0.0": [7.15, -14.94, 0.77],
						"0.5833": [7.15, -14.94, 0.77]
					},
					"scale": {
						"0.0": [1, 1.5, 1],
						"0.5833": [1, 1.5, 1]
					}
				},
				"constraint": {
					"rotation": {
						"0.0": [0.2, 0.2, 0.2],
						"0.5833": [0.2, 0.2, 0.2]
					},
					"position": {
						"0.0": [0.2, 0.2, 0.2],
						"0.5833": [0.2, 0.2, 0.2]
					}
				},
				"righthand": {
					"rotation": {
						"0.0": [117.04408, -0.55829, -170.02752],
						"0.2083": [123.04, -0.56, -170.03],
						"0.3333": [89.10638, 14.4303, -169.48492],
						"0.5417": [117.04408, -0.55829, -170.02752],
						"0.5833": [117.04, -0.56, -170.03]
					},
					"position": {
						"0.0": [-8.18375, -12.52125, 8.5425],
						"0.2083": [-8.18, -12.7075, 8.54],
						"0.3333": [-8.18, -12.71, 8.54],
						"0.5417": [-8.18375, -12.52125, 8.5425],
						"0.5833": [-8.18, -12.52, 8.54]
					},
					"scale": {
						"0.0": [1, 1.5, 1],
						"0.5833": [1, 1.5, 1]
					}
				},
				"root": {
					"rotation": {
						"0.0": [-29.13683, -43.94901, 22.76396],
						"0.2083": [-26.9654, -45.12501, 19.66853],
						"0.3333": [-27.9654, -45.12501, 19.66853],
						"0.375": [-27.9654, -45.12501, 19.66853],
						"0.5833": [-29.13683, -43.94901, 22.76396]
					},
					"position": {
						"0.0": [4.375, -1.125, 2.5625],
						"0.2083": [4.375, -1.125, 2.5625],
						"0.3333": [4.375, -1.3125, 2.5625],
						"0.375": [4.375, -1.3125, 2.5625],
						"0.5833": [4.375, -1.125, 2.5625]
					}
				},
				"front": {
					"rotation": {
						"0.0": [0, 0, 90],
						"0.5833": [0, 0, 90]
					}
				},
				"bullet6": {
					"position": {
						"0.0": [0, -0.12, 0],
						"0.5833": [0, -0.12, 0]
					},
					"scale": {
						"0.0": [0, 0, 0],
						"0.5833": [0, 0, 0]
					}
				},
				"righthandammo": {
					"rotation": {
						"0.0": [0, 0, 0],
						"0.2083": [15.455, -17.77095, -2.90976],
						"0.3333": [0, 0, 0],
						"0.5417": [0, 0, 0],
						"0.5833": [0, 0, 0]
					},
					"position": {
						"0.0": [-2, -1, 2],
						"0.2083": [-1, 1.25, 0.0625],
						"0.3333": [0, 0, 0],
						"0.5417": [-2, -1, 2],
						"0.5833": [-2, -1, 2]
					}
				},
				"ammo2": {
					"position": {
						"0.25": [0, 0, 0],
						"0.3333": [0, -0.25, 0],
						"0.375": [0, 0, 0],
						"0.5833": [0, 0, 0]
					}
				},
				"bone13": {
					"scale": {
						"0.0": [0, 0, 0],
						"0.5833": [0, 0, 0]
					}
				},
				"camera": {
					"rotation": {
						"0.0": [1, -2, 0],
						"0.2083": [2, -2, 0],
						"0.3333": [3, -2.5, 1],
						"0.4167": [2, -2, 0],
						"0.5833": [1, -2, 0]
					},
					"position": {
						"0.0": [0, 0, 0],
						"0.2083": [0, 0, 0],
						"0.3333": [0, 0, 0],
						"0.4167": [0, 0, 0],
						"0.5833": [0, 0, 0]
					}
				},
				"other": {
					"scale": {
						"0.0": [0, 0, 0],
						"0.5833": [0, 0, 0]
					}
				},
				"bullet7": {
					"position": [0, 0, -4]
				},
				"bullet8": {
					"position": [0, 0, -4]
				}
			},
			"sound_effects": {
				"0.2083": {
					"effect": "ww:mosin/mosin_bulletin"
				}
			}
		},
		"bolt_charge": {
			"animation_length": 0.9167,
			"bones": {
				"bolt_back": {
					"position": {
						"0.0": [0, 0, -0.48437],
						"0.7708": [0, 0, -0.48437],
						"0.9167": [0, 0, 0]
					}
				}
			}
		},
		"reload_start_empty2": {
			"loop": "hold_on_last_frame",
			"animation_length": 1.2917,
			"bones": {
				"ammo": {
					"scale": {
						"0.7917": [0, 0, 0],
						"1.25": [0, 0, 0],
						"1.2917": [1, 1, 1]
					}
				},
				"bolt": {
					"position": {
						"0.0": [0, 0, 0],
						"0.375": [0, 0, 0],
						"0.5833": [0, 0, 4],
						"1.2917": [0, 0, 4]
					}
				},
				"lefthand": {
					"rotation": [76.9805, -30.34723, -117.94933],
					"position": [7.15, -14.94187, 0.77375],
					"scale": [1, 1.5, 1]
				},
				"constraint": {
					"rotation": {
						"0.0": [0.2, 0.2, 0.2],
						"1.2917": [0.2, 0.2, 0.2]
					},
					"position": {
						"0.0": [0.2, 0.2, 0.2],
						"1.2917": [0.2, 0.2, 0.2]
					}
				},
				"righthand": {
					"rotation": {
						"0.0": [93.32102, 14.82897, -180.27891],
						"0.125": [93.32, 14.83, -180.28],
						"0.25": [80.86807, 17.33886, -260.06561],
						"0.375": [108.90373, 58.25042, -197.66786],
						"0.5833": [123.17444, 71.84698, -182.05481],
						"0.7917": [117.73551, 12.33098, -163.33563],
						"1.125": [117.73551, 12.33098, -163.33563],
						"1.2917": [117.04408, -0.55829, -170.02752]
					},
					"position": {
						"0.0": [-4.725, -15.2375, 10.725],
						"0.125": [-4.72, -15.24, 9.73],
						"0.25": [-7.47, -12.74, 6.0425],
						"0.375": [-5.8425, -7.9925, 5.2275],
						"0.5833": [-5.715, -7.99, 8.855],
						"0.7917": [-8.34, -17.115, 8.2925],
						"1.125": [-8.34, -17.115, 8.2925],
						"1.2917": [-8.18375, -12.52125, 8.5425]
					},
					"scale": {
						"0.0": [1, 1.5, 1],
						"1.2917": [1, 1.5, 1]
					}
				},
				"root": {
					"rotation": {
						"0.0": [0, 0, 0],
						"0.125": [2.0003, -0.99939, -0.0349],
						"0.25": [5.8501, -2.40709, 3.84205],
						"0.375": [9.82072, -0.77807, 6.15488],
						"0.5": [-1.07417, 0.02921, -9.82522],
						"0.6667": {
							"pre": [-0.57159, 0.06171, -6.57538],
							"post": [-0.57159, 0.06171, -6.57538],
							"lerp_mode": "catmullrom"
						},
						"0.7917": [-8.48737, -1.33629, -0.01641],
						"0.9583": {
							"pre": [-20.58739, -4.51357, 3.30716],
							"post": [-20.58739, -4.51357, 3.30716],
							"lerp_mode": "catmullrom"
						},
						"1.2083": [-28.23919, -42.19442, 21.44972],
						"1.2917": [-29.13683, -43.94901, 22.76396]
					},
					"position": {
						"0.0": [0, 0, 0],
						"0.125": [0, -0.125, 0.8125],
						"0.25": [0, -0.5625, 0.8125],
						"0.375": [0, -0.625, 0.125],
						"0.5": [0, 0.1875, 1.5625],
						"0.6667": {
							"pre": [0, 0.1875, 0.9375],
							"post": [0, 0.1875, 0.9375],
							"lerp_mode": "catmullrom"
						},
						"0.7917": [0, -0.0625, 0.4375],
						"0.9583": {
							"pre": [1.4375, -0.0625, 1.375],
							"post": [1.4375, -0.0625, 1.375],
							"lerp_mode": "catmullrom"
						},
						"1.2083": [4.375, -1.125, 2.5625],
						"1.2917": [4.375, -1.125, 2.5625]
					}
				},
				"front": {
					"rotation": {
						"0.25": [0, 0, 0],
						"0.375": [0, 0, 90],
						"1.2917": [0, 0, 90]
					}
				},
				"bullet6": {
					"rotation": {
						"0.4167": {
							"pre": [0, 0, 0],
							"post": [0, 0, 0],
							"lerp_mode": "catmullrom"
						},
						"0.5417": {
							"post": [224.8019, 70.88062, -90.56385],
							"lerp_mode": "catmullrom"
						},
						"0.625": {
							"post": [224.8019, 70.88062, -90.56385],
							"lerp_mode": "catmullrom"
						}
					},
					"position": {
						"0.4167": {
							"pre": [0, 0, 0],
							"post": [0, 0, 0],
							"lerp_mode": "catmullrom"
						},
						"0.5417": {
							"post": [-6.625, 5.125, 0],
							"lerp_mode": "catmullrom"
						},
						"0.625": {
							"post": [-17.25, -8.375, 0],
							"lerp_mode": "catmullrom"
						}
					},
					"scale": {
						"0.625": {
							"pre": [1, 1, 1],
							"post": [0, 0, 0]
						}
					}
				},
				"righthandammo": {
					"position": {
						"0.0": [-2, -1, 2],
						"1.2917": [-2, -1, 2]
					}
				},
				"camera": {
					"rotation": {
						"0.0": [0, 0, 0],
						"0.25": [2, 0, 0],
						"0.5833": [-0.5, 1, 1],
						"0.625": [-0.5, 1, 0],
						"1.2917": [1, -2, 0]
					},
					"position": {
						"0.0": [0, 0, 0],
						"0.25": [0, 0, 0],
						"0.5833": [0, 0, 0],
						"1.2917": [0, 0, 0]
					}
				},
				"ammo2": {
					"scale": 0
				}
			},
			"sound_effects": {
				"0.25": {
					"effect": "ww2:mosin/mosin_boltopen"
				},
				"0.5833": {
					"effect": "ww2:mosin/mosin_shell"
				}
			}
		},
		"reload_start_1round": {
			"loop": "hold_on_last_frame",
			"animation_length": 1.2917,
			"bones": {
				"ammo": {
					"scale": {
						"0.7917": [0, 0, 0],
						"1.25": [0, 0, 0],
						"1.2917": [1, 1, 1]
					}
				},
				"bolt": {
					"position": {
						"0.0": [0, 0, 0],
						"0.375": [0, 0, 0],
						"0.5833": [0, 0, 4],
						"1.2917": [0, 0, 4]
					}
				},
				"lefthand": {
					"rotation": {
						"0.0": [76.9805, -30.34723, -117.94933],
						"0.2083": [27.78814, -77.3051, -62.99124],
						"0.5833": [27.78814, -77.3051, -62.99124],
						"0.75": [76.9805, -30.34723, -117.94933],
						"1.2917": [76.98, -30.35, -117.95]
					},
					"position": {
						"0.0": [7.15, -14.94187, 0.77375],
						"0.2083": [5.8375, -12.94, 5.02],
						"0.5833": [5.8375, -12.94, 5.02],
						"0.75": [7.15, -14.94187, 0.77375],
						"1.2917": [7.15, -14.94, 0.77]
					},
					"scale": [1, 1.5, 1]
				},
				"constraint": {
					"rotation": {
						"0.0": [0.2, 0.2, 0.2],
						"1.2917": [0.2, 0.2, 0.2]
					},
					"position": {
						"0.0": [0.2, 0.2, 0.2],
						"1.2917": [0.2, 0.2, 0.2]
					}
				},
				"righthand": {
					"rotation": {
						"0.0": [93.32102, 14.82897, -180.27891],
						"0.125": [93.32, 14.83, -180.28],
						"0.25": [80.86807, 17.33886, -260.06561],
						"0.375": [108.90373, 58.25042, -197.66786],
						"0.5833": [123.17444, 71.84698, -182.05481],
						"0.7917": [117.73551, 12.33098, -163.33563],
						"1.125": [117.73551, 12.33098, -163.33563],
						"1.2917": [117.04408, -0.55829, -170.02752]
					},
					"position": {
						"0.0": [-4.725, -15.2375, 10.725],
						"0.125": [-4.72, -15.24, 9.73],
						"0.25": [-7.47, -12.74, 6.0425],
						"0.375": [-5.8425, -7.9925, 5.2275],
						"0.5833": [-5.715, -7.99, 8.855],
						"0.7917": [-8.34, -17.115, 8.2925],
						"1.125": [-8.34, -17.115, 8.2925],
						"1.2917": [-8.18375, -12.52125, 8.5425]
					},
					"scale": {
						"0.0": [1, 1.5, 1],
						"1.2917": [1, 1.5, 1]
					}
				},
				"root": {
					"rotation": {
						"0.0": [0, 0, 0],
						"0.125": [2.0003, -0.99939, -0.0349],
						"0.25": [5.8501, -2.40709, 3.84205],
						"0.375": [9.82072, -0.77807, 6.15488],
						"0.5": [-1.07417, 0.02921, -9.82522],
						"0.6667": {
							"pre": [-0.57159, 0.06171, -6.57538],
							"post": [-0.57159, 0.06171, -6.57538],
							"lerp_mode": "catmullrom"
						},
						"0.7917": [-8.48737, -1.33629, -0.01641],
						"0.9583": {
							"pre": [-20.58739, -4.51357, 3.30716],
							"post": [-20.58739, -4.51357, 3.30716],
							"lerp_mode": "catmullrom"
						},
						"1.2083": [-28.23919, -42.19442, 21.44972],
						"1.2917": [-29.13683, -43.94901, 22.76396]
					},
					"position": {
						"0.0": [0, 0, 0],
						"0.125": [0, -0.125, 0.8125],
						"0.25": [0, -0.5625, 0.8125],
						"0.375": [0, -0.625, 0.125],
						"0.5": [0, 0.1875, 1.5625],
						"0.6667": {
							"pre": [0, 0.1875, 0.9375],
							"post": [0, 0.1875, 0.9375],
							"lerp_mode": "catmullrom"
						},
						"0.7917": [0, -0.0625, 0.4375],
						"0.9583": {
							"pre": [1.4375, -0.0625, 1.375],
							"post": [1.4375, -0.0625, 1.375],
							"lerp_mode": "catmullrom"
						},
						"1.2083": [4.375, -1.125, 2.5625],
						"1.2917": [4.375, -1.125, 2.5625]
					}
				},
				"front": {
					"rotation": {
						"0.25": [0, 0, 0],
						"0.375": [0, 0, 90],
						"1.2917": [0, 0, 90]
					}
				},
				"bullet6": {
					"scale": 0
				},
				"righthandammo": {
					"position": {
						"0.0": [-2, -1, 2],
						"1.2917": [-2, -1, 2]
					}
				},
				"bone13": {
					"scale": 0
				},
				"bullet2": {
					"scale": 0
				},
				"bullet3": {
					"scale": 0
				},
				"bullet4": {
					"scale": 0
				},
				"bullet5": {
					"scale": 0
				},
				"camera": {
					"rotation": {
						"0.0": [0, 0, 0],
						"0.25": [2, 0, 0],
						"0.5833": [-0.5, 1, 1],
						"0.625": [-0.5, 1, 0],
						"1.2917": [1, -2, 0]
					},
					"position": {
						"0.0": [0, 0, 0],
						"0.25": [0, 0, 0],
						"0.5833": [0, 0, 0],
						"1.2917": [0, 0, 0]
					}
				},
				"other": {
					"scale": 0
				},
				"bullet7": {
					"position": [0, 0, -5]
				},
				"bullet8": {
					"position": {
						"0.0": [0, 0, 0],
						"0.625": [0, 0, -4]
					}
				}
			},
			"sound_effects": {
				"0.25": {
					"effect": "ww:mosin/mosin_boltopen"
				}
			}
		},
		"bolt_scope": {
			"animation_length": 1.4167,
			"bones": {
				"shell_1": {
					"scale": 1
				},
				"ammo": {
					"scale": 0
				},
				"bolt": {
					"position": {
						"0.375": [0, 0, 0],
						"0.5": [0, 0, 4],
						"0.6667": [0, 0, 4],
						"0.7917": [0, 0, 0]
					}
				},
				"lefthand": {
					"rotation": [76.9805, -30.34723, -117.94933],
					"position": [7.15, -14.94187, 0.77375],
					"scale": [1, 1.5, 1]
				},
				"constraint": {
					"rotation": [0.2, 0.2, 0.2],
					"position": [0.2, 0.2, 0.2]
				},
				"righthand": {
					"rotation": {
						"0.0": [93.32102, 14.82897, -180.27891],
						"0.1667": [80.86807, 17.33886, -260.06561],
						"0.3333": [108.90373, 58.25042, -197.66786],
						"0.375": [117.57108, 68.3915, -188.00819],
						"0.5": [150.996, 77.14294, -164.62431],
						"0.5833": [150.996, 77.14294, -164.62431],
						"0.7083": [173.76372, 6.6718, -136.96044],
						"0.7917": [173.5979, 14.62336, -137.85569],
						"0.9167": [173.5979, 14.62336, -137.85569],
						"1.0": [127.11251, 2.82351, -121.48807],
						"1.1667": [93.32102, 14.82897, -180.27891]
					},
					"position": {
						"0.0": [-6.725, -16.2375, 12.725],
						"0.1667": [-9.0325, -13.9275, 8.0425],
						"0.3333": [-7.8425, -9.68, 7.2275],
						"0.375": [-7.715, -9.68, 7.23],
						"0.5": [-7.46, -9.43, 10.6675],
						"0.5833": [-7.46, -9.43, 10.6675],
						"0.7083": [-7.46, -8.805, 9.5425],
						"0.7917": [-7.46, -8.805, 6.7925],
						"0.9167": [-7.46, -8.805, 6.7925],
						"1.0": [-10.8975, -10.55, 8.1025],
						"1.0833": [-10.6225, -13.9525, 10.41],
						"1.1667": [-6.725, -16.2375, 12.725]
					},
					"scale": [1, 1.5, 1]
				},
				"root": {
					"rotation": {
						"0.0": [0, 0, 0],
						"0.125": [4, 0, -10],
						"0.1667": [6.74757, 0.13948, -11.99513],
						"0.25": [7.71794, -0.69271, -5.54873],
						"0.375": [5.40643, -0.12507, 7.56666],
						"0.4167": [5.40704, 0.87048, 7.66089],
						"0.5417": [2.93405, 2.65461, -9.25993],
						"0.5833": [2.83967, 2.75535, -11.25962],
						"0.7083": [3.5182, 2.37675, -7.27357],
						"0.7917": [3.6376, 2.18949, -4.27704],
						"0.875": [-1.28762, 1.97409, -2.28163],
						"1.0": [1.38913, 1.72053, -12.28363],
						"1.125": [1.53379, 1.59292, -7.28317],
						"1.4167": {
							"pre": [0, 0, 0],
							"post": [0, 0, 0],
							"lerp_mode": "catmullrom"
						}
					},
					"position": {
						"0.0": [0, 0, 0],
						"0.125": [-0.4375, 0.0625, 0],
						"0.1667": [-0.4375, -0.125, 0],
						"0.25": [-0.4375, -0.3125, 0],
						"0.375": [-0.4375, -0.375, 0],
						"0.4167": [-0.5625, -0.375, 0],
						"0.5417": [-1.0625, 0.125, 0.6875],
						"0.5833": [-1.0625, 0.0625, 0.6875],
						"0.7083": [-1.0625, 0.0625, 1.0625],
						"0.7917": [-1.0625, -0.1875, 0.1875],
						"0.875": [-1.0625, -0.1875, -0.5625],
						"1.0": [-1.0625, -0.1875, -0.5625],
						"1.125": [-0.75, -0.5625, -0.125],
						"1.4167": {
							"pre": [0, 0, 0],
							"post": [0, 0, 0],
							"lerp_mode": "catmullrom"
						}
					}
				},
				"front": {
					"rotation": {
						"0.2083": [0, 0, 0],
						"0.3333": [0, 0, 90],
						"0.9167": [0, 0, 90],
						"1.0": [0, 0, 0]
					}
				},
				"bullet6": {
					"rotation": {
						"0.5": {
							"pre": [0, 0, 0],
							"post": [0, 0, 0],
							"lerp_mode": "catmullrom"
						},
						"0.625": {
							"post": [224.8019, 70.88062, -90.56385],
							"lerp_mode": "catmullrom"
						},
						"0.7083": {
							"post": [224.8019, 70.88062, -90.56385],
							"lerp_mode": "catmullrom"
						}
					},
					"position": {
						"0.5": {
							"pre": [0, 0, 0],
							"post": [0, 0, 0],
							"lerp_mode": "catmullrom"
						},
						"0.625": {
							"post": [-6.625, 10.125, 0],
							"lerp_mode": "catmullrom"
						},
						"0.7083": {
							"post": [-17.25, -3.375, 0],
							"lerp_mode": "catmullrom"
						}
					},
					"scale": {
						"0.625": {
							"pre": [1, 1, 1],
							"post": [0, 0, 0]
						}
					}
				},
				"bullethead6": {
					"scale": 0
				},
				"ammo2": {
					"position": {
						"0.5417": [0, -0.25, 0],
						"0.625": [0, 0, 0]
					}
				},
				"camera": {
					"rotation": {
						"0.0": {
							"post": [0, 0, 0],
							"lerp_mode": "catmullrom"
						},
						"0.1667": {
							"post": [0.5, -0.5, -2],
							"lerp_mode": "catmullrom"
						},
						"0.2917": {
							"post": [2, -0.4375, -0.75],
							"lerp_mode": "catmullrom"
						},
						"0.4167": {
							"post": [1.22, 0.14, -1.31],
							"lerp_mode": "catmullrom"
						},
						"0.6667": {
							"post": [-1, -0.1875, 0.1875],
							"lerp_mode": "catmullrom"
						},
						"0.8333": {
							"post": [0.5, 1, 0.1875],
							"lerp_mode": "catmullrom"
						},
						"0.9583": {
							"post": [0.19, 0.01, 1],
							"lerp_mode": "catmullrom"
						},
						"1.125": {
							"post": [0.2, 0.3, 1],
							"lerp_mode": "catmullrom"
						},
						"1.2083": {
							"post": [0, 0, 0],
							"lerp_mode": "catmullrom"
						}
					}
				},
				"hammer_type_shi": {
					"position": {
						"0.0": [0, 0, -0.5],
						"0.75": [0, 0, -0.5],
						"0.7917": [0, 0, 0]
					}
				},
				"boltchange": {
					"rotation": {
						"0.0": [0, 0, -75],
						"0.0417": [0, 0, -75],
						"0.0833": [0, 0, -75],
						"0.125": [0, 0, -75],
						"0.1667": [0, 0, -75],
						"0.2083": [0, 0, -75],
						"0.25": [0, 0, -75],
						"0.2917": [0, 0, -75],
						"0.3333": [0, 0, -75],
						"0.375": [0, 0, -75],
						"0.4167": [0, 0, -75],
						"0.4583": [0, 0, -75],
						"0.5": [0, 0, -75],
						"0.5417": [0, 0, -75],
						"0.5833": [0, 0, -75],
						"0.625": [0, 0, -75],
						"0.6667": [0, 0, -75],
						"0.7083": [0, 0, -75],
						"0.75": [0, 0, -75],
						"0.7917": [0, 0, -75],
						"0.8333": [0, 0, -75],
						"0.875": [0, 0, -75],
						"0.9167": [0, 0, -75],
						"0.9583": [0, 0, -75],
						"1.0": [0, 0, -75],
						"1.0417": [0, 0, -75],
						"1.0833": [0, 0, -75],
						"1.125": [0, 0, -75],
						"1.1667": [0, 0, -75],
						"1.2083": [0, 0, -75],
						"1.25": [0, 0, -75],
						"1.2917": [0, 0, -75]
					},
					"position": {
						"0.0": [6.4, 6.1, 0],
						"0.0417": [6.4, 6.1, 0],
						"0.0833": [6.4, 6.1, 0],
						"0.125": [6.4, 6.1, 0],
						"0.1667": [6.4, 6.1, 0],
						"0.2083": [6.4, 6.1, 0],
						"0.25": [6.4, 6.1, 0],
						"0.2917": [6.4, 6.1, 0],
						"0.3333": [6.4, 6.1, 0],
						"0.375": [6.4, 6.1, 0],
						"0.4167": [6.4, 6.1, 0],
						"0.4583": [6.4, 6.1, 0],
						"0.5": [6.4, 6.1, 0],
						"0.5417": [6.4, 6.1, 0],
						"0.5833": [6.4, 6.1, 0],
						"0.625": [6.4, 6.1, 0],
						"0.6667": [6.4, 6.1, 0],
						"0.7083": [6.4, 6.1, 0],
						"0.75": [6.4, 6.1, 0],
						"0.7917": [6.4, 6.1, 0],
						"0.8333": [6.4, 6.1, 0],
						"0.875": [6.4, 6.1, 0],
						"0.9167": [6.4, 6.1, 0],
						"0.9583": [6.4, 6.1, 0],
						"1.0": [6.4, 6.1, 0],
						"1.0417": [6.4, 6.1, 0],
						"1.0833": [6.4, 6.1, 0],
						"1.125": [6.4, 6.1, 0],
						"1.1667": [6.4, 6.1, 0],
						"1.2083": [6.4, 6.1, 0],
						"1.25": [6.4, 6.1, 0],
						"1.2917": [6.4, 6.1, 0]
					}
				}
			},
			"sound_effects": {
				"0.2083": {
					"effect": "ww:mosin/mosin_boltopen"
				},
				"0.5": {
					"effect": "ww:mosin/mosin_shell"
				},
				"0.6667": {
					"effect": "ww:mosin/mosin_boltclose"
				}
			}
		},
		"shoot_scope": {
			"animation_length": 0.7,
			"bones": {
				"striker": {
					"position": {
						"0.0": [0, 0, 0],
						"0.0333": [0, 0, -0.17187],
						"0.6667": [0, 0, -0.17187],
						"0.7": [0, 0, 0]
					}
				},
				"root": {
					"rotation": {
						"0.0": {
							"post": [0, 0, 0],
							"lerp_mode": "catmullrom"
						},
						"0.0333": {
							"post": [-5.355, 0.91406, 5],
							"lerp_mode": "catmullrom"
						},
						"0.0667": {
							"post": [-3.275, 0.96, 5.82],
							"lerp_mode": "catmullrom"
						},
						"0.1333": {
							"post": [-3.94, 0.89, 5.8875],
							"lerp_mode": "catmullrom"
						},
						"0.2333": [-3.105, 0.85, 4.85],
						"0.4667": {
							"pre": [0.63844, -0.46, -0.02844],
							"post": [0.63844, -0.46, -0.02844],
							"lerp_mode": "catmullrom"
						},
						"0.6333": {
							"post": [0.125, 0, 0],
							"lerp_mode": "catmullrom"
						},
						"0.9667": {
							"post": [0, 0, 0],
							"lerp_mode": "catmullrom"
						}
					},
					"position": {
						"0.0": {
							"post": [0, 0, 0],
							"lerp_mode": "catmullrom"
						},
						"0.0333": {
							"post": [-0.14, 0.07, -1.0625],
							"lerp_mode": "catmullrom"
						},
						"0.0667": [-0.14, 0.095, 2.3125],
						"0.1333": [-0.09, -0.01, 2.3925],
						"0.3": {
							"pre": [0, -0.1625, 0.02],
							"post": [0, -0.1625, 0.02],
							"lerp_mode": "catmullrom"
						},
						"0.5333": {
							"post": [0, 0, 0],
							"lerp_mode": "catmullrom"
						}
					}
				},
				"constraint": {
					"rotation": {
						"0.0": [0.5, 0.5, 0.65],
						"0.4667": [0, 0, 0]
					},
					"position": {
						"0.0": [0.5, 0.5, 0.8],
						"0.4667": [0, 0, 0]
					}
				},
				"camera": {
					"rotation": {
						"0.0": {
							"post": [0, 0, 0],
							"lerp_mode": "catmullrom"
						},
						"0.0333": {
							"post": [0, 0, 1],
							"lerp_mode": "catmullrom"
						},
						"0.0667": {
							"post": [0, 0, -0.85],
							"lerp_mode": "catmullrom"
						},
						"0.1333": {
							"post": [0, 0, 0.55],
							"lerp_mode": "catmullrom"
						},
						"0.2": {
							"post": [0, 0, -0.375],
							"lerp_mode": "catmullrom"
						},
						"0.3333": {
							"post": [0, 0, 0.2],
							"lerp_mode": "catmullrom"
						},
						"0.4667": {
							"post": [0, 0, 0],
							"lerp_mode": "catmullrom"
						}
					}
				}
			}
		}
	}
}