{
	"format_version": "1.8.0",
	"animations": {
		"static_idle": {
			"loop": true,
			"animation_length": 0.0417,
			"bones": {
				"lefthand": {
					"rotation": [104.41741, -8.06723, -198.01172],
					"position": [8, -10.3, -6.3],
					"scale": [1, 1.5, 1]
				},
				"righthand": {
					"rotation": [97.52832, -355.04288, -179.34574],
					"position": [-6.8, -10, 3],
					"scale": [1, 1.5, 1]
				},
				"constraint": {
					"rotation": [0.05, 0.05, 0.05],
					"position": [0.15, 0.15, 0.5]
				},
				"lefthand_pos": {
					"position": [0, 2, 0]
				},
				"righthand_pos": {
					"position": [0, -3, 2]
				}
			}
		},
		"draw": {
			"animation_length": 0.8,
			"bones": {
				"root": {
					"rotation": {
						"0.0": {
							"post": [-9.61009, -56.87057, 63.98187],
							"lerp_mode": "catmullrom"
						},
						"0.2": {
							"post": [-0.50564, -24.85404, 21.72854],
							"lerp_mode": "catmullrom"
						},
						"0.2333": {
							"post": [3.25904, -15.44766, 1.21211],
							"lerp_mode": "catmullrom"
						},
						"0.3333": {
							"post": [0, -2.40625, 0],
							"lerp_mode": "catmullrom"
						},
						"0.4": {
							"post": [0.01893, 0.98758, 1.36002],
							"lerp_mode": "catmullrom"
						},
						"0.5": {
							"post": [0.01346, -0.41108, 0.31188],
							"lerp_mode": "catmullrom"
						},
						"0.6333": {
							"post": [0, 0, 0],
							"lerp_mode": "catmullrom"
						},
						"0.8": {
							"post": [0, 0, 0],
							"lerp_mode": "catmullrom"
						}
					},
					"position": {
						"0.0": {
							"post": [0, -7.1, -0.8],
							"lerp_mode": "catmullrom"
						},
						"0.2333": {
							"post": [0.6, -1.32422, -0.8],
							"lerp_mode": "catmullrom"
						},
						"0.4": {
							"post": [0.125, -0.22031, 0.325],
							"lerp_mode": "catmullrom"
						},
						"0.5": {
							"post": [0, -0.02734, -0.125],
							"lerp_mode": "catmullrom"
						},
						"0.6333": {
							"post": [0, 0, 0],
							"lerp_mode": "catmullrom"
						},
						"0.8": {
							"post": [0, 0, 0],
							"lerp_mode": "catmullrom"
						}
					}
				},
				"lefthand": {
					"rotation": {
						"0.0": [104.41741, -8.06723, -198.01172],
						"0.1333": [112.79028, -18.1629, -221.85831],
						"0.3333": [103.52646, -9.94181, -192.48457],
						"0.4": [104.41741, -8.06723, -198.01172],
						"0.5": [104.41741, -8.06723, -198.01172]
					},
					"position": {
						"0.0": [7.4, -10.3, -6.3],
						"0.1333": [10.96589, -12.28169, -3.30545],
						"0.3333": [8.07017, -10.3, -7.15908],
						"0.4": [8, -10.3, -6.3],
						"0.5": [8, -10.3, -6.3]
					},
					"scale": [1, 1.5, 1]
				},
				"righthand": {
					"rotation": [97.52832, -355.04288, -179.34574],
					"position": [-6.8, -10, 3],
					"scale": [1, 1.5, 1]
				},
				"camera": {
					"rotation": {
						"0.0": {
							"post": [0, 0, 0],
							"lerp_mode": "catmullrom"
						},
						"0.1": {
							"post": [0.8, -0.125, 0.2],
							"lerp_mode": "catmullrom"
						},
						"0.2": {
							"post": [1, -0.25, 0.5],
							"lerp_mode": "catmullrom"
						},
						"0.3": {
							"post": [0.15, -0.275, 0.625],
							"lerp_mode": "catmullrom"
						},
						"0.4": {
							"post": [0.25, -0.15, -0.225],
							"lerp_mode": "catmullrom"
						},
						"0.4667": {
							"post": [0.09, -0.08, 0.405],
							"lerp_mode": "catmullrom"
						},
						"0.5333": {
							"post": [-0.075, -0.025, -0.2],
							"lerp_mode": "catmullrom"
						},
						"0.6333": {
							"post": [0, 0, 0],
							"lerp_mode": "catmullrom"
						},
						"0.7": {
							"post": [0, 0, 0],
							"lerp_mode": "catmullrom"
						}
					}
				},
				"lefthand_pos": {
					"position": [0, 2, 0]
				},
				"righthand_pos": {
					"position": [0, -3, 2]
				}
			},
			"sound_effects": {
				"0.0": {
					"effect": "tacz:victor45/victor_draw"
				}
			}
		},
		"put_away": {
			"animation_length": 0.2667,
			"bones": {
				"root": {
					"rotation": {
						"0.0": {
							"post": [0, 0, 0],
							"lerp_mode": "catmullrom"
						},
						"0.0333": {
							"post": [-0.63896, -1.66012, -2.21234],
							"lerp_mode": "catmullrom"
						},
						"0.0667": {
							"post": [1.7612, -3.38433, 2.24203],
							"lerp_mode": "catmullrom"
						},
						"0.1": {
							"post": [9.68031, -6.51688, 11.76588],
							"lerp_mode": "catmullrom"
						},
						"0.1667": {
							"post": [18.16463, -14.24936, 3.48493],
							"lerp_mode": "catmullrom"
						}
					},
					"position": {
						"0.0": {
							"post": [0, 0, 0],
							"lerp_mode": "catmullrom"
						},
						"0.0333": {
							"post": [-0.45, -1.09, 0.28],
							"lerp_mode": "catmullrom"
						},
						"0.0667": {
							"post": [-0.87, -2.395, 0.34],
							"lerp_mode": "catmullrom"
						},
						"0.1": {
							"post": [-1.135, -4.82, 0.56],
							"lerp_mode": "catmullrom"
						},
						"0.1667": {
							"post": [-1.175, -9.6, 2.05],
							"lerp_mode": "catmullrom"
						}
					}
				},
				"lefthand": {
					"rotation": [104.41741, -8.06723, -198.01172],
					"position": [8, -10.3, -6.3],
					"scale": [1, 1.5, 1]
				},
				"righthand": {
					"rotation": [97.52832, -355.04288, -179.34574],
					"position": [-6.8, -10, 3],
					"scale": [1, 1.5, 1]
				},
				"camera": {
					"rotation": {
						"0.0": {
							"post": [0, 0, 0],
							"lerp_mode": "catmullrom"
						},
						"0.0667": {
							"post": [0.3, 0, -0.125],
							"lerp_mode": "catmullrom"
						},
						"0.1333": {
							"post": [0.64, 0, 0.3],
							"lerp_mode": "catmullrom"
						},
						"0.2": {
							"post": [0.5, 0, 0.15],
							"lerp_mode": "catmullrom"
						},
						"0.2667": {
							"post": [0, 0, 0],
							"lerp_mode": "catmullrom"
						}
					}
				},
				"lefthand_pos": {
					"position": [0, 2, 0]
				},
				"righthand_pos": {
					"position": [0, -3, 2]
				}
			},
			"sound_effects": {
				"0.0": {
					"effect": "tacz:victor45/victor_put_away"
				}
			}
		},
		"reload_tactical": {
			"animation_length": 2.5333,
			"bones": {
				"root": {
					"rotation": {
						"0.0": {
							"post": [0, 0, 0],
							"lerp_mode": "catmullrom"
						},
						"0.1": {
							"post": [-9.9798, -5.69315, -3.78492],
							"lerp_mode": "catmullrom"
						},
						"0.2667": {
							"post": [-22.64721, -22.90108, -21.45411],
							"lerp_mode": "catmullrom"
						},
						"0.4": {
							"post": [-22.78083, -23.99681, -21.41099],
							"lerp_mode": "catmullrom"
						},
						"0.4667": {
							"post": [-23.18285, -22.38797, -17.48681],
							"lerp_mode": "catmullrom"
						},
						"0.6": {
							"post": [-25.28526, -21.88253, -17.1827],
							"lerp_mode": "catmullrom"
						},
						"0.7667": {
							"post": [-24.56547, -22.82701, -21.2417],
							"lerp_mode": "catmullrom"
						},
						"0.8667": {
							"post": [-26.35801, -22.34596, -21.20416],
							"lerp_mode": "catmullrom"
						},
						"0.9667": {
							"post": [-26.52761, -22.69929, -19.539],
							"lerp_mode": "catmullrom"
						},
						"1.0667": {
							"post": [-26.24593, -23.51754, -21.31471],
							"lerp_mode": "catmullrom"
						},
						"1.1667": {
							"post": [-25.5015, -23.9375, -22.89313],
							"lerp_mode": "catmullrom"
						},
						"1.2667": {
							"post": [-23.46, -24.065, -26.635],
							"lerp_mode": "catmullrom"
						},
						"1.4": {
							"post": [-14.54539, -30.31528, -46.1261],
							"lerp_mode": "catmullrom"
						},
						"1.5333": {
							"post": [-14.13133, -30.39199, -46.43718],
							"lerp_mode": "catmullrom"
						},
						"1.6333": {
							"post": [-12.55987, -30.15229, -48.04352],
							"lerp_mode": "catmullrom"
						},
						"1.6667": {
							"post": [-14.66525, -29.57494, -42.21179],
							"lerp_mode": "catmullrom"
						},
						"1.7667": {
							"post": [-12.13925, -30.59772, -48.58451],
							"lerp_mode": "catmullrom"
						},
						"1.8667": {
							"post": [-10.12376, -24.67061, -40.79487],
							"lerp_mode": "catmullrom"
						},
						"1.9667": {
							"post": [-2.44299, -5.13489, -8.28294],
							"lerp_mode": "catmullrom"
						},
						"2.1": {
							"post": [-0.48906, -0.82, 1.005],
							"lerp_mode": "catmullrom"
						},
						"2.2": {
							"post": [0.23203, 0, -1.4],
							"lerp_mode": "catmullrom"
						},
						"2.3": {
							"post": [-0.36328, 0.125, 0.725],
							"lerp_mode": "catmullrom"
						},
						"2.4": {
							"post": [0, 0, 0],
							"lerp_mode": "catmullrom"
						},
						"2.5333": {
							"post": [0, 0, 0],
							"lerp_mode": "catmullrom"
						}
					},
					"position": {
						"0.0": {
							"post": [0, 0, 0],
							"lerp_mode": "catmullrom"
						},
						"0.1": {
							"post": [-1.08, -1.26, -0.28],
							"lerp_mode": "catmullrom"
						},
						"0.2667": {
							"post": [-2.6, -1.95, -1.1],
							"lerp_mode": "catmullrom"
						},
						"0.4": {
							"post": [-2.85, -1.775, -0.73],
							"lerp_mode": "catmullrom"
						},
						"0.5": {
							"post": [-2.85, -1.535, -0.605],
							"lerp_mode": "catmullrom"
						},
						"0.6667": {
							"post": [-2.8, -1.55, -0.7],
							"lerp_mode": "catmullrom"
						},
						"0.7667": {
							"post": [-2.8, -1.6, -0.7],
							"lerp_mode": "catmullrom"
						},
						"0.8667": {
							"post": [-2.715, -1.95, -0.65],
							"lerp_mode": "catmullrom"
						},
						"0.9667": {
							"post": [-2.945, -1.61, -0.67],
							"lerp_mode": "catmullrom"
						},
						"1.0667": {
							"post": [-2.905, -1.455, -0.69],
							"lerp_mode": "catmullrom"
						},
						"1.1667": {
							"post": [-2.83, -1.62, -0.71],
							"lerp_mode": "catmullrom"
						},
						"1.3333": {
							"post": [-2.82, -2.03, -0.7],
							"lerp_mode": "catmullrom"
						},
						"1.5": {
							"post": [-2.92, -2.155, -0.7],
							"lerp_mode": "catmullrom"
						},
						"1.6": {
							"post": [-2.895, -2.03, -0.7],
							"lerp_mode": "catmullrom"
						},
						"1.6667": {
							"post": [-2.7, -2.9, -0.5],
							"lerp_mode": "catmullrom"
						},
						"1.7333": {
							"post": [-2.9, -2.55, -0.54],
							"lerp_mode": "catmullrom"
						},
						"1.8": {
							"post": [-2.7, -2.75, -0.575],
							"lerp_mode": "catmullrom"
						},
						"1.8667": {
							"post": [-2.385, -2.665, -0.89],
							"lerp_mode": "catmullrom"
						},
						"1.9667": {
							"post": [-1.325, -2.175, -1.325],
							"lerp_mode": "catmullrom"
						},
						"2.1": {
							"post": [-0.275, -0.725, -1.25],
							"lerp_mode": "catmullrom"
						},
						"2.2": {
							"post": [0.025, -0.075, 0.2],
							"lerp_mode": "catmullrom"
						},
						"2.3": {
							"post": [0, -0.025, -0.075],
							"lerp_mode": "catmullrom"
						},
						"2.4": {
							"post": [0, 0, 0],
							"lerp_mode": "catmullrom"
						},
						"2.5333": {
							"post": [0, 0, 0],
							"lerp_mode": "catmullrom"
						}
					}
				},
				"mag_and_lefthand": {
					"rotation": {
						"0.9": [0, 0, 0],
						"1.1": [-18.7589, 7.34038, -74.86141],
						"1.3": [-18.7589, 7.34038, -74.86141],
						"1.4": [2, 0, 0],
						"1.4333": [2, 0, 0],
						"1.5333": [0, 0, 0]
					},
					"position": {
						"0.4667": [0, 0, 0],
						"0.5667": [0, -1.93, 0.83],
						"0.7667": [0, -1.93, 0.83],
						"0.9": [0, -5.8, 2.5],
						"1.1": [5.37792, -12.17966, 10.33189],
						"1.3": [3.9, -11.4, 6.9],
						"1.4333": [1.3, -7.67, 3.97],
						"1.5": [0, -5.8, 2.5],
						"1.5667": [0, -4.82, 2.12],
						"1.6333": [0, -4.5, 2],
						"1.6667": [0, 0, 0]
					}
				},
				"lefthand": {
					"rotation": {
						"0.0": [104.41741, -8.06723, -198.01172],
						"0.1667": [102.96847, -20.22542, -176.78107],
						"0.3667": [103.98482, -33.39039, -164.19949],
						"0.4667": [103.98482, -33.39039, -164.19949],
						"0.5": [101.85978, -35.9921, -161.17103],
						"0.7": [68.45455, -25.73279, -95.67728],
						"0.7667": [68.45455, -25.73279, -95.67728],
						"1.0667": [68.45455, -25.73279, -95.67728],
						"1.1667": [63.5969, -14.20809, -94.82129],
						"1.6667": [63.5969, -14.20809, -94.82129],
						"1.7667": [63.5969, -14.20809, -94.82129],
						"1.9333": [93.69044, -14.89722, -170.46831],
						"2.0": [104.41741, -8.06723, -198.01172]
					},
					"position": {
						"0.0": [8, -10.3, -6.3],
						"0.1667": [8.36, -11.67, -6.2],
						"0.2667": [8.05, -11.02, -6.1],
						"0.3667": [7.44553, -10.87354, -6.05433],
						"0.4667": [7.44553, -10.87354, -6.05433],
						"0.5": [7.45, -11.27, -6.05],
						"0.7": [6.63144, -14.17911, -3.59035],
						"0.7667": [6.63144, -14.27911, -3.49035],
						"1.0667": [6.63144, -14.27911, -3.49035],
						"1.1667": [6.57, -14.88, -2.79],
						"1.6667": [6.57, -14.88, -2.79],
						"1.7667": [6.57, -14.88, -2.79],
						"1.9333": [7.34, -11.44, -6.795],
						"2.0": [8, -10.3, -6.3]
					},
					"scale": [1, 1.5, 1]
				},
				"bullet": {
					"scale": {
						"1.1667": [0, 0, 0],
						"1.2": [1, 1, 1]
					}
				},
				"bullet_in_mag": {
					"scale": {
						"1.1667": [1, 1, 1],
						"1.2": [0, 0, 0]
					}
				},
				"righthand": {
					"rotation": [97.52832, -355.04288, -179.34574],
					"position": [-6.8, -10, 3],
					"scale": [1, 1.5, 1]
				},
				"constraint": {
					"rotation": {
						"0.0": [0.01, 0.02, 0.01],
						"1.9": [0.01, 0.02, 0.01],
						"2.2": [0.05, 0.05, 0.05]
					},
					"position": {
						"0.0": [0, 0.01, 0.1],
						"1.9": [0, 0.01, 0.1],
						"2.2": [0.15, 0.15, 0.5]
					}
				},
				"camera": {
					"rotation": {
						"0.0": {
							"post": [0, 0, 0],
							"lerp_mode": "catmullrom"
						},
						"0.1": {
							"post": [0.29, 0.05, -0.22],
							"lerp_mode": "catmullrom"
						},
						"0.3": {
							"post": [2.675, 0.3, -1.3],
							"lerp_mode": "catmullrom"
						},
						"0.4333": {
							"post": [2.875, 0.35, -1.51],
							"lerp_mode": "catmullrom"
						},
						"0.5": {
							"post": [3.195, 0.37, -1.43],
							"lerp_mode": "catmullrom"
						},
						"0.6": {
							"post": [3.325, 0.4, -1.725],
							"lerp_mode": "catmullrom"
						},
						"0.8": {
							"post": [2.855, 0.4, -1.9],
							"lerp_mode": "catmullrom"
						},
						"0.8667": {
							"post": [2.405, 0.4, -1.42],
							"lerp_mode": "catmullrom"
						},
						"0.9667": {
							"post": [3.025, 0.4, -2.225],
							"lerp_mode": "catmullrom"
						},
						"1.0667": {
							"post": [2.87, 0.44, -1.825],
							"lerp_mode": "catmullrom"
						},
						"1.2": {
							"post": [2.55, 0.475, -1.7],
							"lerp_mode": "catmullrom"
						},
						"1.3333": {
							"post": [2.425, 0.475, -1.6],
							"lerp_mode": "catmullrom"
						},
						"1.4667": {
							"post": [2.625, 0.49, -1.76],
							"lerp_mode": "catmullrom"
						},
						"1.5333": {
							"post": [3, 0.49, -1.61],
							"lerp_mode": "catmullrom"
						},
						"1.6": {
							"post": [2.85, 0.43, -1.79],
							"lerp_mode": "catmullrom"
						},
						"1.6667": {
							"post": [3.68, 0.4, -1.075],
							"lerp_mode": "catmullrom"
						},
						"1.7667": {
							"post": [2.675, 0.35, -2.11],
							"lerp_mode": "catmullrom"
						},
						"1.8667": {
							"post": [2.725, 0.3, -1.575],
							"lerp_mode": "catmullrom"
						},
						"2.0667": {
							"post": [0.04, 0.06, -0.4],
							"lerp_mode": "catmullrom"
						},
						"2.1333": {
							"post": [0.55, 0, 0.275],
							"lerp_mode": "catmullrom"
						},
						"2.2333": {
							"post": [-0.275, 0, -0.2],
							"lerp_mode": "catmullrom"
						},
						"2.3": {
							"post": [-0.19, 0, -0.13],
							"lerp_mode": "catmullrom"
						},
						"2.3667": {
							"post": [-0.05, 0, -0.04],
							"lerp_mode": "catmullrom"
						},
						"2.4667": {
							"post": [0, 0, 0],
							"lerp_mode": "catmullrom"
						}
					}
				},
				"lefthand_pos": {
					"position": [0, 2, 0]
				},
				"righthand_pos": {
					"position": [0, -3, 2]
				}
			},
			"sound_effects": {
				"0.1667": {
					"effect": "tacz:victor45/victor_reload_raise"
				},
				"0.4667": {
					"effect": "tacz:victor45/victor_reload_magout"
				},
				"1.5333": {
					"effect": "tacz:victor45/victor_reload_magin"
				},
				"1.6333": {
					"effect": "tacz:victor45/victor_reload_end"
				}
			}
		},
		"shoot": {
			"loop": true,
			"animation_length": 0.5,
			"bones": {
				"root": {
					"rotation": {
						"0.0": {
							"post": [0, 0, 0],
							"lerp_mode": "catmullrom"
						},
						"0.0333": {
							"post": [0.03516, 0, -2.11172],
							"lerp_mode": "catmullrom"
						},
						"0.0667": {
							"post": [-0.56984, 0, 1.16812],
							"lerp_mode": "catmullrom"
						},
						"0.1333": {
							"post": [-1.03906, 0, -0.96172],
							"lerp_mode": "catmullrom"
						},
						"0.2333": {
							"post": [0.19531, 0, 0.43047],
							"lerp_mode": "catmullrom"
						},
						"0.3333": {
							"post": [-0.06641, 0, -0.18828],
							"lerp_mode": "catmullrom"
						},
						"0.5": {
							"post": [0, 0, 0],
							"lerp_mode": "catmullrom"
						}
					},
					"position": {
						"0.0": {
							"post": [0, 0, 0],
							"lerp_mode": "catmullrom"
						},
						"0.0333": {
							"post": [0, -0.18, 0.93297],
							"lerp_mode": "catmullrom"
						},
						"0.0667": {
							"post": [0, -0.15234, 0.38906],
							"lerp_mode": "catmullrom"
						},
						"0.1": {
							"post": [0, -0.13, 0.04],
							"lerp_mode": "catmullrom"
						},
						"0.1667": {
							"post": [0, -0.06641, -0.10937],
							"lerp_mode": "catmullrom"
						},
						"0.2667": {
							"post": [0, 0, 0.0625],
							"lerp_mode": "catmullrom"
						},
						"0.3667": {
							"post": [0, 0, -0.02734],
							"lerp_mode": "catmullrom"
						},
						"0.4667": {
							"post": [0, 0, 0],
							"lerp_mode": "catmullrom"
						}
					}
				},
				"camera": {
					"rotation": {
						"0.0": {
							"post": [0, 0, 0],
							"lerp_mode": "catmullrom"
						},
						"0.0333": {
							"post": [0, 0, 0.425],
							"lerp_mode": "catmullrom"
						},
						"0.0667": {
							"post": [0, 0, -0.25],
							"lerp_mode": "catmullrom"
						},
						"0.1333": {
							"post": [0, 0, 0.225],
							"lerp_mode": "catmullrom"
						},
						"0.2": {
							"post": [0, 0, -0.125],
							"lerp_mode": "catmullrom"
						},
						"0.2667": {
							"post": [0, 0, 0.05],
							"lerp_mode": "catmullrom"
						},
						"0.3333": {
							"post": [0, 0, 0],
							"lerp_mode": "catmullrom"
						}
					}
				},
				"bolt_cover": {
					"position": {
						"0.0": [0, 0, 0],
						"0.0333": [0, 0, 2],
						"0.0667": [0, 0, 0]
					}
				},
				"constraint": {
					"rotation": {
						"0.0": [0.08, 0.02, 0.08],
						"0.1": [0.08, 0.02, 0.08],
						"0.2333": [0, 0, 0]
					},
					"position": {
						"0.0": [0.2, 0.15, 0.4],
						"0.1": [0.2, 0.15, 0.4],
						"0.2333": [0, 0, 0]
					}
				},
				"vector45_bolt": {
					"position": {
						"0.0": [0, 0, 0],
						"0.0333": [0, 0, -3],
						"0.0667": [0, 0, 0]
					}
				},
				"octagon11": {
					"position": {
						"0.0": [0, 0, 0],
						"0.0333": [0, 0, 0]
					}
				}
			}
		},
		"static_bolt_caught": {
			"loop": true,
			"animation_length": 0.0417,
			"bones": {
				"lefthand": {
					"rotation": [104.41741, -8.06723, -198.01172],
					"position": [8, -10.3, -6.3],
					"scale": [1, 1.5, 1]
				},
				"righthand": {
					"rotation": [97.52832, -355.04288, -179.34574],
					"position": [-6.8, -10, 3],
					"scale": [1, 1.5, 1]
				},
				"constraint": {
					"rotation": [0.05, 0.05, 0.05],
					"position": [0.15, 0.15, 0.5]
				},
				"lefthand_pos": {
					"position": [0, 2, 0]
				},
				"vector45_bolt": {
					"position": [0, 0, -3]
				},
				"righthand_pos": {
					"position": [0, -3, 2]
				}
			}
		},
		"reload_empty": {
			"animation_length": 2.5333,
			"bones": {
				"root": {
					"rotation": {
						"0.0": {
							"post": [0, 0, 0],
							"lerp_mode": "catmullrom"
						},
						"0.1": {
							"post": [-9.9798, -5.69315, -3.78492],
							"lerp_mode": "catmullrom"
						},
						"0.2667": {
							"post": [-22.64721, -22.90108, -21.45411],
							"lerp_mode": "catmullrom"
						},
						"0.4": {
							"post": [-22.78083, -23.99681, -21.41099],
							"lerp_mode": "catmullrom"
						},
						"0.4667": {
							"post": [-23.18285, -22.38797, -17.48681],
							"lerp_mode": "catmullrom"
						},
						"0.6": {
							"post": [-25.28526, -21.88253, -17.1827],
							"lerp_mode": "catmullrom"
						},
						"0.7667": {
							"post": [-24.56547, -22.82701, -21.2417],
							"lerp_mode": "catmullrom"
						},
						"0.8667": {
							"post": [-26.35801, -22.34596, -21.20416],
							"lerp_mode": "catmullrom"
						},
						"0.9667": {
							"post": [-26.52761, -22.69929, -19.539],
							"lerp_mode": "catmullrom"
						},
						"1.0667": {
							"post": [-26.24593, -23.51754, -21.31471],
							"lerp_mode": "catmullrom"
						},
						"1.1667": {
							"post": [-25.5015, -23.9375, -22.89313],
							"lerp_mode": "catmullrom"
						},
						"1.2667": {
							"post": [-23.46, -24.065, -26.635],
							"lerp_mode": "catmullrom"
						},
						"1.4": {
							"post": [-14.54539, -30.31528, -46.1261],
							"lerp_mode": "catmullrom"
						},
						"1.5333": {
							"post": [-14.13133, -30.39199, -46.43718],
							"lerp_mode": "catmullrom"
						},
						"1.6333": {
							"post": [-12.55987, -30.15229, -48.04352],
							"lerp_mode": "catmullrom"
						},
						"1.6667": {
							"post": [-14.66525, -29.57494, -42.21179],
							"lerp_mode": "catmullrom"
						},
						"1.7667": {
							"post": [-12.13925, -30.59772, -48.58451],
							"lerp_mode": "catmullrom"
						},
						"1.8667": {
							"post": [-10.12376, -24.67061, -40.79487],
							"lerp_mode": "catmullrom"
						},
						"1.9667": {
							"post": [-2.44299, -5.13489, -8.28294],
							"lerp_mode": "catmullrom"
						},
						"2.1": {
							"post": [-0.48906, -0.82, 1.005],
							"lerp_mode": "catmullrom"
						},
						"2.2": {
							"post": [0.23203, 0, -1.4],
							"lerp_mode": "catmullrom"
						},
						"2.3": {
							"post": [-0.36328, 0.125, 0.725],
							"lerp_mode": "catmullrom"
						},
						"2.4": {
							"post": [0, 0, 0],
							"lerp_mode": "catmullrom"
						},
						"2.5333": {
							"post": [0, 0, 0],
							"lerp_mode": "catmullrom"
						}
					},
					"position": {
						"0.0": {
							"post": [0, 0, 0],
							"lerp_mode": "catmullrom"
						},
						"0.1": {
							"post": [-1.08, -1.26, -0.28],
							"lerp_mode": "catmullrom"
						},
						"0.2667": {
							"post": [-2.6, -1.95, -1.1],
							"lerp_mode": "catmullrom"
						},
						"0.4": {
							"post": [-2.85, -1.775, -0.73],
							"lerp_mode": "catmullrom"
						},
						"0.5": {
							"post": [-2.85, -1.535, -0.605],
							"lerp_mode": "catmullrom"
						},
						"0.6667": {
							"post": [-2.8, -1.55, -0.7],
							"lerp_mode": "catmullrom"
						},
						"0.7667": {
							"post": [-2.8, -1.6, -0.7],
							"lerp_mode": "catmullrom"
						},
						"0.8667": {
							"post": [-2.715, -1.95, -0.65],
							"lerp_mode": "catmullrom"
						},
						"0.9667": {
							"post": [-2.945, -1.61, -0.67],
							"lerp_mode": "catmullrom"
						},
						"1.0667": {
							"post": [-2.905, -1.455, -0.69],
							"lerp_mode": "catmullrom"
						},
						"1.1667": {
							"post": [-2.83, -1.62, -0.71],
							"lerp_mode": "catmullrom"
						},
						"1.3333": {
							"post": [-2.82, -2.03, -0.7],
							"lerp_mode": "catmullrom"
						},
						"1.5": {
							"post": [-2.92, -2.155, -0.7],
							"lerp_mode": "catmullrom"
						},
						"1.6": {
							"post": [-2.895, -2.03, -0.7],
							"lerp_mode": "catmullrom"
						},
						"1.6667": {
							"post": [-2.7, -2.9, -0.5],
							"lerp_mode": "catmullrom"
						},
						"1.7333": {
							"post": [-2.9, -2.55, -0.54],
							"lerp_mode": "catmullrom"
						},
						"1.8": {
							"post": [-2.7, -2.75, -0.575],
							"lerp_mode": "catmullrom"
						},
						"1.8667": {
							"post": [-2.385, -2.665, -0.89],
							"lerp_mode": "catmullrom"
						},
						"1.9667": {
							"post": [-1.325, -2.175, -1.325],
							"lerp_mode": "catmullrom"
						},
						"2.1": {
							"post": [-0.275, -0.725, -1.25],
							"lerp_mode": "catmullrom"
						},
						"2.2": {
							"post": [0.025, -0.075, 0.2],
							"lerp_mode": "catmullrom"
						},
						"2.3": {
							"post": [0, -0.025, -0.075],
							"lerp_mode": "catmullrom"
						},
						"2.4": {
							"post": [0, 0, 0],
							"lerp_mode": "catmullrom"
						},
						"2.5333": {
							"post": [0, 0, 0],
							"lerp_mode": "catmullrom"
						}
					}
				},
				"mag_and_lefthand": {
					"rotation": {
						"0.9": [0, 0, 0],
						"1.1": [-18.7589, 7.34038, -74.86141],
						"1.3": [-18.7589, 7.34038, -74.86141],
						"1.4": [2, 0, 0],
						"1.4333": [2, 0, 0],
						"1.5333": [0, 0, 0]
					},
					"position": {
						"0.4667": [0, 0, 0],
						"0.5667": [0, -1.93, 0.83],
						"0.7667": [0, -1.93, 0.83],
						"0.9": [0, -5.8, 2.5],
						"1.1": [5.37792, -12.17966, 10.33189],
						"1.3": [3.9, -11.4, 6.9],
						"1.4333": [1.3, -7.67, 3.97],
						"1.5": [0, -5.8, 2.5],
						"1.5667": [0, -4.82, 2.12],
						"1.6333": [0, -4.5, 2],
						"1.6667": [0, 0, 0]
					}
				},
				"lefthand": {
					"rotation": {
						"0.0": [104.41741, -8.06723, -198.01172],
						"0.1667": [102.96847, -20.22542, -176.78107],
						"0.3667": [103.98482, -33.39039, -164.19949],
						"0.4667": [103.98482, -33.39039, -164.19949],
						"0.5": [101.85978, -35.9921, -161.17103],
						"0.7": [68.45455, -25.73279, -95.67728],
						"0.7667": [68.45455, -25.73279, -95.67728],
						"1.0667": [68.45455, -25.73279, -95.67728],
						"1.1667": [63.5969, -14.20809, -94.82129],
						"1.6667": [63.5969, -14.20809, -94.82129],
						"1.7667": [63.5969, -14.20809, -94.82129],
						"1.9333": [93.69044, -14.89722, -170.46831],
						"2.0": [104.41741, -8.06723, -198.01172]
					},
					"position": {
						"0.0": [8, -10.3, -6.3],
						"0.1667": [8.36, -11.67, -6.2],
						"0.2667": [8.05, -11.02, -6.1],
						"0.3667": [7.44553, -10.87354, -6.05433],
						"0.4667": [7.44553, -10.87354, -6.05433],
						"0.5": [7.45, -11.27, -6.05],
						"0.7": [6.63144, -14.17911, -3.59035],
						"0.7667": [6.63144, -14.27911, -3.49035],
						"1.0667": [6.63144, -14.27911, -3.49035],
						"1.1667": [6.57, -14.88, -2.79],
						"1.6667": [6.57, -14.88, -2.79],
						"1.7667": [6.57, -14.88, -2.79],
						"1.9333": [7.34, -11.44, -6.795],
						"2.0": [8, -10.3, -6.3]
					},
					"scale": [1, 1.5, 1]
				},
				"bullet": {
					"scale": {
						"1.1667": [0, 0, 0],
						"1.2": [1, 1, 1]
					}
				},
				"bullet_in_mag": {
					"scale": {
						"1.1667": [1, 1, 1],
						"1.2": [0, 0, 0]
					}
				},
				"righthand": {
					"rotation": [97.52832, -355.04288, -179.34574],
					"position": [-6.8, -10, 3],
					"scale": [1, 1.5, 1]
				},
				"constraint": {
					"rotation": {
						"0.0": [0.01, 0.02, 0.01],
						"1.9": [0.01, 0.02, 0.01],
						"2.2": [0.05, 0.05, 0.05]
					},
					"position": {
						"0.0": [0, 0.01, 0.1],
						"1.9": [0, 0.01, 0.1],
						"2.2": [0.15, 0.15, 0.5]
					}
				},
				"camera": {
					"rotation": {
						"0.0": {
							"post": [0, 0, 0],
							"lerp_mode": "catmullrom"
						},
						"0.1": {
							"post": [0.29, 0.05, -0.22],
							"lerp_mode": "catmullrom"
						},
						"0.3": {
							"post": [2.675, 0.3, -1.3],
							"lerp_mode": "catmullrom"
						},
						"0.4333": {
							"post": [2.875, 0.35, -1.51],
							"lerp_mode": "catmullrom"
						},
						"0.5": {
							"post": [3.195, 0.37, -1.43],
							"lerp_mode": "catmullrom"
						},
						"0.6": {
							"post": [3.325, 0.4, -1.725],
							"lerp_mode": "catmullrom"
						},
						"0.8": {
							"post": [2.855, 0.4, -1.9],
							"lerp_mode": "catmullrom"
						},
						"0.8667": {
							"post": [2.405, 0.4, -1.42],
							"lerp_mode": "catmullrom"
						},
						"0.9667": {
							"post": [3.025, 0.4, -2.225],
							"lerp_mode": "catmullrom"
						},
						"1.0667": {
							"post": [2.87, 0.44, -1.825],
							"lerp_mode": "catmullrom"
						},
						"1.2": {
							"post": [2.55, 0.475, -1.7],
							"lerp_mode": "catmullrom"
						},
						"1.3333": {
							"post": [2.425, 0.475, -1.6],
							"lerp_mode": "catmullrom"
						},
						"1.4667": {
							"post": [2.625, 0.49, -1.76],
							"lerp_mode": "catmullrom"
						},
						"1.5333": {
							"post": [3, 0.49, -1.61],
							"lerp_mode": "catmullrom"
						},
						"1.6": {
							"post": [2.85, 0.43, -1.79],
							"lerp_mode": "catmullrom"
						},
						"1.6667": {
							"post": [3.68, 0.4, -1.075],
							"lerp_mode": "catmullrom"
						},
						"1.7667": {
							"post": [2.675, 0.35, -2.11],
							"lerp_mode": "catmullrom"
						},
						"1.8667": {
							"post": [2.725, 0.3, -1.575],
							"lerp_mode": "catmullrom"
						},
						"2.0667": {
							"post": [0.04, 0.06, -0.4],
							"lerp_mode": "catmullrom"
						},
						"2.1333": {
							"post": [0.55, 0, 0.275],
							"lerp_mode": "catmullrom"
						},
						"2.2333": {
							"post": [-0.275, 0, -0.2],
							"lerp_mode": "catmullrom"
						},
						"2.3": {
							"post": [-0.19, 0, -0.13],
							"lerp_mode": "catmullrom"
						},
						"2.3667": {
							"post": [-0.05, 0, -0.04],
							"lerp_mode": "catmullrom"
						},
						"2.4667": {
							"post": [0, 0, 0],
							"lerp_mode": "catmullrom"
						}
					}
				},
				"lefthand_pos": {
					"position": {
						"0.0": [0, 2, 0],
						"1.8333": [0, 0, 0],
						"1.8667": [1, -1, -1],
						"1.9": [1, -2, -3],
						"1.9333": [1, -3, -3],
						"2.0": [1, -5, -3],
						"2.0333": [1, -6, -3],
						"2.1": [1, -6, 1],
						"2.2": [1, 1, 1],
						"2.3333": [0, 2, 0]
					}
				},
				"vector45_bolt": {
					"position": {
						"0.0": [0, 0, -3],
						"1.9": [0, 0, -3],
						"1.9333": [0, 0, -2],
						"1.9667": [0, 0, 0]
					}
				},
				"righthand_pos": {
					"position": [0, -3, 2]
				}
			},
			"sound_effects": {
				"0.1667": {
					"effect": "tacz:victor45/victor_reload_raise"
				},
				"0.4667": {
					"effect": "tacz:victor45/victor_reload_magout"
				},
				"1.5333": {
					"effect": "tacz:victor45/victor_reload_magin"
				},
				"1.6333": {
					"effect": "tacz:victor45/victor_reload_end"
				},
				"1.9": {
					"effect": "tacz:victor45/victor_inspect_boltpull"
				}
			}
		},
		"inspect": {
			"animation_length": 4.65,
			"bones": {
				"root": {
					"rotation": {
						"0.0": {
							"post": [0, 0, 0],
							"lerp_mode": "catmullrom"
						},
						"0.2": {
							"post": [-15.30902, -2.26482, -10.8535],
							"lerp_mode": "catmullrom"
						},
						"0.3": {
							"post": [-19.87196, -3.17785, -17.95906],
							"lerp_mode": "catmullrom"
						},
						"0.4": {
							"post": [-21.02, -3.65, -14.43],
							"lerp_mode": "catmullrom"
						},
						"0.5": {
							"post": [-22.61825, -4.52968, -16.70733],
							"lerp_mode": "catmullrom"
						},
						"0.65": {
							"post": [-22.75, -4.41, -17.665],
							"lerp_mode": "catmullrom"
						},
						"0.85": {
							"post": [-22.62, -4.53, -17.96],
							"lerp_mode": "catmullrom"
						},
						"1.05": {
							"post": [-21.83419, -7.56045, -25.65573],
							"lerp_mode": "catmullrom"
						},
						"1.25": {
							"post": [-21.78, -7.76, -26.34],
							"lerp_mode": "catmullrom"
						},
						"1.5": {
							"post": [-21.78, -7.74, -26.81],
							"lerp_mode": "catmullrom"
						},
						"1.7": {
							"post": [-21.8, -7.68, -27.385],
							"lerp_mode": "catmullrom"
						},
						"2.0": {
							"post": [-21.83419, -7.56045, -25.65573],
							"lerp_mode": "catmullrom"
						},
						"2.1": {
							"post": [-21.83419, -7.56045, -14.65573],
							"lerp_mode": "catmullrom"
						},
						"2.3": {
							"post": [-24.9445, 7.90002, 43.15984],
							"lerp_mode": "catmullrom"
						},
						"2.4": {
							"post": [-24.9445, 7.90002, 59.65984],
							"lerp_mode": "catmullrom"
						},
						"2.55": {
							"post": [-24.95, 7.88, 61.47],
							"lerp_mode": "catmullrom"
						},
						"2.65": {
							"post": [-24.96, 7.86, 60.99],
							"lerp_mode": "catmullrom"
						},
						"2.9": {
							"post": [-25, 7.75, 61.77],
							"lerp_mode": "catmullrom"
						},
						"3.15": {
							"post": [-24.9445, 7.90002, 61.65984],
							"lerp_mode": "catmullrom"
						},
						"3.35": {
							"post": [-24.22873, 9.9815, 70.7622],
							"lerp_mode": "catmullrom"
						},
						"3.6": {
							"post": [-24.16, 10.35, 71.62],
							"lerp_mode": "catmullrom"
						},
						"3.85": {
							"post": [-23.86, 10.06, 70.09],
							"lerp_mode": "catmullrom"
						},
						"4.0": {
							"post": [-21.22873, 8.4815, 60.2622],
							"lerp_mode": "catmullrom"
						},
						"4.15": {
							"post": [-2.67436, -2.84081, 26.11685],
							"lerp_mode": "catmullrom"
						},
						"4.3": {
							"post": [2.37, -2.9, 0.4],
							"lerp_mode": "catmullrom"
						},
						"4.4": {
							"post": [0, 0, 1.25],
							"lerp_mode": "catmullrom"
						},
						"4.5": {
							"post": [0, 0, 0.5],
							"lerp_mode": "catmullrom"
						},
						"4.6": {
							"post": [0, 0, 0],
							"lerp_mode": "catmullrom"
						}
					},
					"position": {
						"0.0": {
							"post": [0, 0, 0],
							"lerp_mode": "catmullrom"
						},
						"0.2": {
							"post": [0.34, 0.6, -1.65],
							"lerp_mode": "catmullrom"
						},
						"0.3": {
							"post": [0.67385, 0.3, -0.8],
							"lerp_mode": "catmullrom"
						},
						"0.45": {
							"post": [0.67385, 0.4, -1],
							"lerp_mode": "catmullrom"
						},
						"2.05": {
							"post": [0.67385, 0.39886, -0.7],
							"lerp_mode": "catmullrom"
						},
						"2.4": {
							"post": [-1.07086, -0.3546, -1.4],
							"lerp_mode": "catmullrom"
						},
						"3.95": {
							"post": [-1.07086, -0.3546, -1.4],
							"lerp_mode": "catmullrom"
						},
						"4.3": {
							"post": [0, -0.425, -0.7],
							"lerp_mode": "catmullrom"
						},
						"4.45": {
							"post": [0.1, 0, 0.3],
							"lerp_mode": "catmullrom"
						},
						"4.55": {
							"post": [0, 0, 0],
							"lerp_mode": "catmullrom"
						}
					}
				},
				"righthand": {
					"rotation": [97.52832, -355.04288, -179.34574],
					"position": [-6.8, -10, 3],
					"scale": [1, 1.5, 1]
				},
				"righthand_pos": {
					"position": [0, -3, 2]
				},
				"lefthand": {
					"rotation": [104.41741, -8.06723, -198.01172],
					"position": [8, -10.3, -6.3],
					"scale": [1, 1.5, 1]
				},
				"lefthand_pos": {
					"position": [0, 2, 0]
				},
				"camera": {
					"rotation": {
						"0.0": {
							"post": [0, 0, 0],
							"lerp_mode": "catmullrom"
						},
						"0.1": {
							"post": [0.2525, 0, 0],
							"lerp_mode": "catmullrom"
						},
						"0.3": {
							"post": [-1.875, 0, 0],
							"lerp_mode": "catmullrom"
						},
						"0.7": {
							"post": [-2.3775, 0, 0],
							"lerp_mode": "catmullrom"
						},
						"1.05": {
							"post": [-3.8025, 0.9075, 0.02],
							"lerp_mode": "catmullrom"
						},
						"2.2": {
							"post": [-3.25, 0.8125, 0],
							"lerp_mode": "catmullrom"
						},
						"2.5": {
							"post": [0, 4.3125, -1],
							"lerp_mode": "catmullrom"
						},
						"3.0": {
							"post": [-0.0175, 5, -1.14],
							"lerp_mode": "catmullrom"
						},
						"3.25": {
							"post": [3.9875, 4.97, -1.13],
							"lerp_mode": "catmullrom"
						},
						"4.15": {
							"post": [4.125, 4.3175, -1],
							"lerp_mode": "catmullrom"
						},
						"4.4": {
							"post": [0.1825, -0.8675, 0.0625],
							"lerp_mode": "catmullrom"
						},
						"4.6": {
							"post": [0, 0, 0],
							"lerp_mode": "catmullrom"
						}
					}
				}
			},
			"sound_effects": {
				"0.0": {
					"effect": "tacz:m700/m700_inspect_up"
				},
				"2.0": {
					"effect": "tacz:m700/m700_inspect_rotate"
				},
				"3.05": {
					"effect": "tacz:m700/m700_reload_empty_rotate"
				},
				"3.8": {
					"effect": "tacz:m700/m700_inspect_end"
				}
			}
		},
		"inspect_empty": {
			"animation_length": 4.65,
			"bones": {
				"root": {
					"rotation": {
						"0.0": {
							"post": [0, 0, 0],
							"lerp_mode": "catmullrom"
						},
						"0.2": {
							"post": [-15.30902, -2.26482, -10.8535],
							"lerp_mode": "catmullrom"
						},
						"0.3": {
							"post": [-19.87196, -3.17785, -17.95906],
							"lerp_mode": "catmullrom"
						},
						"0.4": {
							"post": [-21.02, -3.65, -14.43],
							"lerp_mode": "catmullrom"
						},
						"0.5": {
							"post": [-22.61825, -4.52968, -16.70733],
							"lerp_mode": "catmullrom"
						},
						"0.65": {
							"post": [-22.75, -4.41, -17.665],
							"lerp_mode": "catmullrom"
						},
						"0.85": {
							"post": [-22.62, -4.53, -17.96],
							"lerp_mode": "catmullrom"
						},
						"1.05": {
							"post": [-21.83419, -7.56045, -25.65573],
							"lerp_mode": "catmullrom"
						},
						"1.25": {
							"post": [-21.78, -7.76, -26.34],
							"lerp_mode": "catmullrom"
						},
						"1.5": {
							"post": [-21.78, -7.74, -26.81],
							"lerp_mode": "catmullrom"
						},
						"1.7": {
							"post": [-21.8, -7.68, -27.385],
							"lerp_mode": "catmullrom"
						},
						"2.0": {
							"post": [-21.83419, -7.56045, -25.65573],
							"lerp_mode": "catmullrom"
						},
						"2.1": {
							"post": [-21.83419, -7.56045, -14.65573],
							"lerp_mode": "catmullrom"
						},
						"2.3": {
							"post": [-24.9445, 7.90002, 43.15984],
							"lerp_mode": "catmullrom"
						},
						"2.4": {
							"post": [-24.9445, 7.90002, 59.65984],
							"lerp_mode": "catmullrom"
						},
						"2.55": {
							"post": [-24.95, 7.88, 61.47],
							"lerp_mode": "catmullrom"
						},
						"2.65": {
							"post": [-24.96, 7.86, 60.99],
							"lerp_mode": "catmullrom"
						},
						"2.9": {
							"post": [-25, 7.75, 61.77],
							"lerp_mode": "catmullrom"
						},
						"3.15": {
							"post": [-24.9445, 7.90002, 61.65984],
							"lerp_mode": "catmullrom"
						},
						"3.35": {
							"post": [-24.22873, 9.9815, 70.7622],
							"lerp_mode": "catmullrom"
						},
						"3.6": {
							"post": [-24.16, 10.35, 71.62],
							"lerp_mode": "catmullrom"
						},
						"3.85": {
							"post": [-23.86, 10.06, 70.09],
							"lerp_mode": "catmullrom"
						},
						"4.0": {
							"post": [-21.22873, 8.4815, 60.2622],
							"lerp_mode": "catmullrom"
						},
						"4.15": {
							"post": [-2.67436, -2.84081, 26.11685],
							"lerp_mode": "catmullrom"
						},
						"4.3": {
							"post": [2.37, -2.9, 0.4],
							"lerp_mode": "catmullrom"
						},
						"4.4": {
							"post": [0, 0, 1.25],
							"lerp_mode": "catmullrom"
						},
						"4.5": {
							"post": [0, 0, 0.5],
							"lerp_mode": "catmullrom"
						},
						"4.6": {
							"post": [0, 0, 0],
							"lerp_mode": "catmullrom"
						}
					},
					"position": {
						"0.0": {
							"post": [0, 0, 0],
							"lerp_mode": "catmullrom"
						},
						"0.2": {
							"post": [0.34, 0.6, -1.65],
							"lerp_mode": "catmullrom"
						},
						"0.3": {
							"post": [0.67385, 0.3, -0.8],
							"lerp_mode": "catmullrom"
						},
						"0.45": {
							"post": [0.67385, 0.4, -1],
							"lerp_mode": "catmullrom"
						},
						"2.05": {
							"post": [0.67385, 0.39886, -0.7],
							"lerp_mode": "catmullrom"
						},
						"2.4": {
							"post": [-1.07086, -0.3546, -1.4],
							"lerp_mode": "catmullrom"
						},
						"3.95": {
							"post": [-1.07086, -0.3546, -1.4],
							"lerp_mode": "catmullrom"
						},
						"4.3": {
							"post": [0, -0.425, -0.7],
							"lerp_mode": "catmullrom"
						},
						"4.45": {
							"post": [0.1, 0, 0.3],
							"lerp_mode": "catmullrom"
						},
						"4.55": {
							"post": [0, 0, 0],
							"lerp_mode": "catmullrom"
						}
					}
				},
				"righthand": {
					"rotation": [97.52832, -355.04288, -179.34574],
					"position": [-6.8, -10, 3],
					"scale": [1, 1.5, 1]
				},
				"righthand_pos": {
					"position": [0, -3, 2]
				},
				"lefthand": {
					"rotation": [104.41741, -8.06723, -198.01172],
					"position": [8, -10.3, -6.3],
					"scale": [1, 1.5, 1]
				},
				"lefthand_pos": {
					"position": [0, 2, 0]
				},
				"camera": {
					"rotation": {
						"0.0": {
							"post": [0, 0, 0],
							"lerp_mode": "catmullrom"
						},
						"0.1": {
							"post": [0.2525, 0, 0],
							"lerp_mode": "catmullrom"
						},
						"0.3": {
							"post": [-1.875, 0, 0],
							"lerp_mode": "catmullrom"
						},
						"0.7": {
							"post": [-2.3775, 0, 0],
							"lerp_mode": "catmullrom"
						},
						"1.05": {
							"post": [-3.8025, 0.9075, 0.02],
							"lerp_mode": "catmullrom"
						},
						"2.2": {
							"post": [-3.25, 0.8125, 0],
							"lerp_mode": "catmullrom"
						},
						"2.5": {
							"post": [0, 4.3125, -1],
							"lerp_mode": "catmullrom"
						},
						"3.0": {
							"post": [-0.0175, 5, -1.14],
							"lerp_mode": "catmullrom"
						},
						"3.25": {
							"post": [3.9875, 4.97, -1.13],
							"lerp_mode": "catmullrom"
						},
						"4.15": {
							"post": [4.125, 4.3175, -1],
							"lerp_mode": "catmullrom"
						},
						"4.4": {
							"post": [0.1825, -0.8675, 0.0625],
							"lerp_mode": "catmullrom"
						},
						"4.6": {
							"post": [0, 0, 0],
							"lerp_mode": "catmullrom"
						}
					}
				}
			},
			"sound_effects": {
				"0.0": {
					"effect": "tacz:m700/m700_inspect_up"
				},
				"2.0": {
					"effect": "tacz:m700/m700_inspect_rotate"
				},
				"3.05": {
					"effect": "tacz:m700/m700_reload_empty_rotate"
				},
				"3.8": {
					"effect": "tacz:m700/m700_inspect_end"
				}
			}
		}
	}
}