{
	"format_version": "1.8.0",
	"animations": {
		"static": {
			"animation_length": 2,
			"bones": {
				"lefthand_pos": {
					"rotation": [96.4, 312.26, -133.79],
					"position": [0.06, 2.06, 25.76],
					"scale": [1, 1.5, 1]
				},
				"bullet_in_barrel": {
					"rotation": [0, 0, 0],
					"position": [0, -1.1, 0]
				},
				"righthand_pos": {
					"rotation": [120.87, 365.89, -152.95],
					"position": [7.7, -5.6, 25.5],
					"scale": [1, 1.5, 1]
				},
				"p14": {
					"rotation": [0.9, 1, 5],
					"position": [-0.1, 0.9, 3.8]
				},
				"firing_pin": {
					"rotation": [0, 0, 0],
					"position": [0, 0, 0]
				},
				"bolt": {
					"rotation": [0, 0, 0],
					"position": [0, 0, 0]
				},
				"ammo_in_mag": {
					"rotation": [0, 0, 0],
					"position": [0, 0, 0]
				},
				"mag_and_righthand": {
					"rotation": [0, 0, 0],
					"position": [0, 0, 0]
				},
				"Ammo_clip": {
					"rotation": [0, 0, 0],
					"position": [0, 0, 0]
				},
				"extra_ammo": {
					"rotation": [0, 0, 0],
					"position": [0, 0, 0]
				}
			}
		},
		"static_bolt_caught": {
			"loop": true,
			"bones": {
				"firing_pin": {
					"rotation": [0, 0, 0],
					"position": [0, 0, -0.22]
				},
				"bullet_in_barrel": {
					"rotation": [0, 0, 0],
					"position": [0, -1.1, 0]
				},
				"p14": {
					"rotation": [0.9, 1, 5],
					"position": [-0.1, 0.9, 3.8]
				}
			}
		},
		"reload_empty": {
			"animation_length": 4,
			"bones": {
				"lefthand_pos": {
					"rotation": {
						"0.0": [96.4, 312.26, -133.79],
						"0.0833": [89.75911, 311.93683, -124.84814],
						"0.1667": [89.75911, 311.93683, -124.84814],
						"0.25": [96.4, 312.26, -133.79],
						"1.2083": [96.4, 312.26, -133.79],
						"1.2917": [96.4, 312.26, -133.79],
						"2.5833": [96.4, 312.26, -133.79],
						"2.625": [96.4, 312.26, -133.79],
						"3.2917": [96.4, 312.26, -133.79],
						"3.3333": [89.75911, 311.93683, -124.84814],
						"3.4167": [89.75911, 311.93683, -124.84814],
						"3.4583": [96.4, 312.26, -133.79],
						"4.0": [96.4, 312.26, -133.79]
					},
					"position": {
						"0.0": [0.06, 2.06, 25.76],
						"0.0833": [1.36, 2.66, 26.74],
						"0.1667": [1.36, 2.66, 29.34],
						"0.25": [0.06, 2.06, 29.34],
						"1.2083": [0.06, 2.06, 29.34],
						"1.2917": [0.06, 2.06, 29.34],
						"2.5833": [0.06, 2.06, 29.34],
						"2.625": [0.06, 2.06, 29.34],
						"3.2917": [0.06, 2.06, 29.34],
						"3.3333": [1.36, 2.66, 29.34],
						"3.4167": [1.36, 2.66, 26.74],
						"3.4583": [0.06, 2.06, 25.76],
						"4.0": [0.06, 2.06, 25.76]
					},
					"scale": {
						"0.0": [1, 1.5, 1],
						"1.2083": [1, 1.5, 1],
						"2.5833": [1, 1.5, 1],
						"2.625": [1, 1.5, 1]
					}
				},
				"righthand_pos": {
					"rotation": {
						"0.0": [120.87, 365.89, -152.95],
						"0.2083": [120.87, 365.89, -152.95],
						"0.375": [120.67718, 366.91337, -154.67915],
						"0.5": [121.32831, 361.75287, -146.08601],
						"0.5833": [121.33, 361.75, -146.09],
						"0.875": [121.33, 361.75, -146.09],
						"1.0417": [121.7, 351.51, -152.37],
						"1.2083": [121.7, 351.51, -152.37],
						"1.25": [121.7, 351.51, -152.37],
						"1.2917": [121.7, 351.51, -152.37],
						"1.75": [121.7, 351.51, -152.37],
						"1.9583": [128.47697, 348.55631, -125.50079],
						"2.0": [128.47697, 348.55631, -125.50079],
						"2.0417": [128.35866, 349.34349, -124.86686],
						"2.125": [127.81857, 354.06753, -121.1275],
						"2.1667": [127.69531, 360.64517, -123.64397],
						"2.25": [127.69531, 360.64517, -123.64397],
						"2.5833": [135.33564, 373.49354, -148.07108],
						"2.625": [135.34, 373.49, -148.07],
						"2.7083": [135.33564, 373.49354, -148.07108],
						"2.75": [135.33564, 373.49354, -148.07108],
						"2.7917": [135.34, 373.49, -148.07],
						"2.875": [135.34, 373.49, -148.07],
						"2.9167": [133.14631, 380.47742, -155.55635],
						"3.0833": [133.14631, 380.47742, -155.55635],
						"3.25": [120.87, 365.89, -152.95],
						"4.0": [120.87, 365.89, -152.95]
					},
					"position": {
						"0.0": [7.7, -5.6, 25.5],
						"0.2083": [7.7, -5.6, 25.5],
						"0.375": [4.9, -4.9, 23.7],
						"0.5": [4.3, -4.9, 23.1],
						"0.5833": [4.3, -4.9, 25.8],
						"0.875": [4.3, -4.9, 25.8],
						"1.0417": [6.5, -10.6, 33.8],
						"1.2083": [6.5, -10.6, 33.8],
						"1.25": [6.5, -10.6, 33.8],
						"1.2917": [6.5, -10.6, 33.8],
						"1.75": [6.5, -10.6, 33.8],
						"1.9583": [-1.3, -12.5, 31.7],
						"2.0": [-1.3, -12.5, 31.7],
						"2.0417": [-1.4, -12.5, 31.7],
						"2.125": [-2.7, -12.5, 32.4],
						"2.1667": [-3, -12.5, 33.3],
						"2.25": [-3, -12.5, 33.3],
						"2.5833": [-2, -12.9, 39.6],
						"2.625": [-2, -12.9, 39.6],
						"2.7083": [-2, -12.9, 39.6],
						"2.75": [-2, -12.9, 39.6],
						"2.7917": [-2, -12.9, 36.5],
						"2.875": [-2, -12.9, 36],
						"2.9167": [-1.8, -12.9, 37],
						"3.0833": [-1.8, -12.9, 37],
						"3.25": [7.7, -5.6, 25.5],
						"4.0": [7.7, -5.6, 25.5]
					},
					"scale": {
						"0.0": [1, 1.5, 1],
						"1.2083": [1, 1.5, 1],
						"1.2917": [1, 1.5, 1],
						"2.5833": [1, 1.5, 1],
						"2.625": [1, 1.5, 1]
					}
				},
				"firing_pin": {
					"rotation": {
						"0.0": [0, 0, 0],
						"0.5": [0, 0, 0],
						"0.5833": [0, 0, 0],
						"1.2917": [0, 0, 0],
						"2.75": [0, 0, 0],
						"2.7917": [0, 0, 0],
						"4.0": [0, 0, 0]
					},
					"position": {
						"0.0": [0, 0, -0.21875],
						"0.5": [0, 0, -0.21875],
						"0.5833": [0, 0, 2.78],
						"1.2917": [0, 0, 2.78],
						"2.75": [0, 0, 2.78],
						"2.7917": [0, 0, 0],
						"4.0": [0, 0, 0]
					},
					"scale": 1
				},
				"bullet_in_barrel": {
					"rotation": {
						"0.0": [0, 0, 0],
						"0.5": [0, 0, 0],
						"0.5833": [-14.30007, 11.63848, -2.94368],
						"0.6667": [-28.60594, 86.34648, -37.31146],
						"0.75": [-166.85782, 40.46421, -199.58521],
						"0.8333": [-166.86, 40.46, -199.59],
						"0.9167": [0, 0, 0],
						"1.2083": [0, 0, 0],
						"2.5833": [0, 0, 0],
						"2.625": [0, 0, 0],
						"4.0": [0, 0, 0]
					},
					"position": {
						"0.0": [0, -1.1, 0],
						"0.5": [0, -1.1, 0],
						"0.5417": [0, -1.1, 1.5],
						"0.5833": [-0.3, -0.7, 2.9],
						"0.6667": [-3.2, -0.7, 3.4],
						"0.75": [-8.2, -1.8, 3.7],
						"0.8333": [-17, -7.3, 3.7],
						"0.9167": [-17, -7.3, 3.7],
						"0.9583": [0, -7.3, 3.7],
						"1.0": [0, -2, -0.9],
						"1.2083": [0, -2, -0.9],
						"2.5833": [0, -2, -0.9],
						"2.625": [0, -2, -0.9],
						"4.0": [0, -2, -0.9]
					},
					"scale": {
						"1.2083": [1, 1, 1],
						"2.5833": [1, 1, 1],
						"2.625": [1, 1, 1]
					}
				},
				"p14": {
					"rotation": {
						"0.0833": [2.72, 0.92, 6.2],
						"0.2083": [5.20498, 0.89736, 6.51824],
						"0.2917": [4.93344, 0.01401, 7.99189],
						"0.4167": [2.95271, -0.30319, 11.98809],
						"0.5": [2.98359, -0.555, 15.98269],
						"0.5833": [-8.14959, 0.43446, 1.03986],
						"0.6667": [-9.08598, 1.10246, -1.09266],
						"0.7083": [-7.12, 0.77, -0.03],
						"0.7917": [-6.08958, 0.98272, 1.95889],
						"0.8333": [-4.93, 0.98, 1.96],
						"0.875": [-4.93, 0.98, 1.96],
						"1.0417": [0.71719, -9.96622, 5.56229],
						"1.25": [-4.23479, -9.83613, -0.52708],
						"1.2917": [-3.18, -9.67, -0.53],
						"1.3333": [-2.12953, -9.5, -0.52708],
						"1.5": [-1.12953, -8.9, -0.52708],
						"1.5833": [-1.12953, -8.9, -0.52708],
						"1.625": [0.02661, -8.9009, -1.54219],
						"1.6667": [3.97155, -8.90086, -1.49385],
						"1.75": [-3.78, -8.9, -1.45],
						"1.8333": [-2.95, -8.9, -1.45],
						"1.9167": [-1.5, -9.3, -1.45],
						"2.0": [-1.4, -9.8, -1.45],
						"2.125": [2.5, -9.3, -1.45],
						"2.2083": [7.5, -9.3, -1.45],
						"2.2917": [6.5, -9.9, -1.45],
						"2.4583": [15.5, -9.8, -1.45],
						"2.5833": [16.5, -9.26, -1.13],
						"2.7083": [15.95, -9.14, -1.06],
						"2.75": [15.95, -9.14, -1.06],
						"2.7917": [15.07937, -9.69004, -1.0561],
						"2.875": [15.12612, -10.65551, -1.32081],
						"2.9167": [13.55, -9.98, -3.77],
						"2.9583": [12.27437, -10.11962, -7.22575],
						"3.0833": [11.6681, -10.51166, 0.70179],
						"3.1667": [11.10654, -11.10412, 3.69585],
						"3.2083": [11.8, -11.10412, 3.69585],
						"3.4583": [11.52894, -10.56142, 8.30184],
						"3.8333": {
							"pre": [7.09937, 0.00256, 4.92851],
							"post": [7.09937, 0.00256, 4.92851],
							"lerp_mode": "catmullrom"
						},
						"4.0": {
							"post": [0.9, 1, 5],
							"lerp_mode": "catmullrom"
						}
					},
					"position": {
						"0.0": [-0.1, 0.9, 3.8],
						"0.0833": [-0.1, 0.78, 3.8],
						"0.2083": [-0.1, 0.35, 3.8],
						"0.2917": [-0.1, 0.3, 3.8],
						"0.4167": [-0.1, 0.5, 3.8],
						"0.5": [-0.1, 0.7, 3.8],
						"0.5833": [-0.1, 1, 3.8],
						"0.6667": [-0.2, 0.99, 3.8],
						"0.7083": [-0.15, 0.8, 3.8],
						"0.7917": [-0.15, 0.7, 3.8],
						"0.8333": [-0.15, 0.58, 3.8],
						"0.875": [-0.15, 0.58, 3.8],
						"1.0417": [1.4, -0.5, 3.8],
						"1.25": [1.4, 0, 3.8],
						"1.2917": [1.4, -0.11, 3.8],
						"1.3333": [1.4, -0.21, 3.8],
						"1.4167": [1.4, -0.29, 3.8],
						"1.5": [1.4, -0.35, 3.8],
						"1.5833": [1.4, -0.35, 3.8],
						"1.625": [1.4, -0.45, 3.8],
						"1.6667": [1.4, -0.84, 3.8],
						"1.75": [1.4, -0.76, 3.8],
						"1.8333": [1.4, -0.76, 3.8],
						"1.9167": [1.4, -0.85, 3.8],
						"2.0": [1.45, -0.9, 3.8],
						"2.125": [1.4, -1.45, 3.8],
						"2.2083": [1.4, -1.75, 3.8],
						"2.2917": [1.4, -1.85, 3.8],
						"2.4583": [1.4, -1.15, 3.8],
						"2.5833": [1.33, -0.95, 3.8],
						"2.7083": [1.31, -0.97, 3.8],
						"2.75": [1.31, -0.97, 3.8],
						"2.7917": [1.45, -1.05, 3.6],
						"2.875": [1.55, -1.05, 3.5],
						"2.9167": [1.55, -1.1, 3.5],
						"2.9583": [1.6, -1.45, 3.5],
						"3.0833": [1.45, -1.55, 3.5],
						"3.1667": [1.45, -1.55, 3.5],
						"3.2083": [1.45, -1.55, 3.5],
						"3.4583": [0.93, -1.06, 3.61],
						"3.7083": {
							"pre": [0.28, 0.56, 3.29],
							"post": [0.28, 0.56, 3.29],
							"lerp_mode": "catmullrom"
						},
						"3.8333": {
							"post": [-0.1, 0.4, 3.8],
							"lerp_mode": "catmullrom"
						},
						"4.0": {
							"post": [-0.1, 0.9, 3.8],
							"lerp_mode": "catmullrom"
						}
					},
					"scale": 1
				},
				"bolt": {
					"rotation": {
						"0.0": [0, 0, 0],
						"0.375": [0, 0, 0],
						"0.5": [0, 0, 51],
						"0.5833": [0, 0, 51],
						"0.875": [0, 0, 51],
						"1.2083": [0, 0, 51],
						"1.2917": [0, 0, 51],
						"2.5833": [0, 0, 51],
						"2.625": [0, 0, 51],
						"2.75": [0, 0, 51],
						"2.7917": [0, 0, 51],
						"2.875": [0, 0, 51],
						"2.9167": [0, 0, 0],
						"4.0": [0, 0, 0]
					},
					"position": {
						"0.0": [0, 0, 0],
						"0.375": [0, 0, 0],
						"0.5": [0, 0, 0],
						"0.5833": [0, 0, 3],
						"0.875": [0, 0, 3],
						"1.2083": [0, 0, 3],
						"1.2917": [0, 0, 3],
						"2.5833": [0, 0, 3],
						"2.625": [0, 0, 3],
						"2.75": [0, 0, 3],
						"2.7917": [0, 0, 0],
						"2.875": [0, 0, 0],
						"2.9167": [0, 0, 0],
						"4.0": [0, 0, 0]
					},
					"scale": {
						"1.2083": [1, 1, 1],
						"2.5833": [1, 1, 1],
						"2.625": [1, 1, 1]
					}
				},
				"Ammo_clip": {
					"rotation": {
						"0.0": [0, 0, 0],
						"1.2083": [0, 0, 0],
						"1.25": [0, 0, 0],
						"1.2917": [0, 0, 0],
						"1.5833": [0, 0, 0],
						"2.5833": [0, 0, 0],
						"2.625": [0, 0, 0],
						"4.0": [0, 0, 0]
					},
					"position": {
						"0.0": [0, 0, 0],
						"1.2083": [0, 0, 0],
						"1.25": [0, 0, 0],
						"1.2917": [0, 0, 0],
						"1.5833": [0, 0, 0],
						"2.5833": [0, 0, 0],
						"2.625": [0, 0, 0],
						"4.0": [0, 0, 0]
					},
					"scale": {
						"0.0": [1, 1, 1],
						"1.2083": [1, 1, 1],
						"2.5833": [1, 1, 1],
						"2.625": [1, 1, 1]
					}
				},
				"ammunition": {
					"rotation": {
						"0.0": [0, 0, 0],
						"1.2083": [0, 0, 0],
						"1.25": [0, 0, 0],
						"1.2917": [0, 0, 0],
						"2.0": [0, 0, 0],
						"2.0417": [0, 0, 6],
						"2.125": [0, 0, 5],
						"2.1667": [0, 0, 0],
						"2.25": [0, 0, 0],
						"2.5833": [0, 0, 0],
						"2.625": [0, 0, 0],
						"2.9167": [0, 0, 0],
						"3.25": [0, 0, 0],
						"4.0": [0, 0, 0]
					},
					"position": {
						"0.0": [0, 0, 0],
						"1.2083": [0, 0, 0],
						"1.25": [0, 0, 0],
						"1.2917": [0, 0, 0],
						"2.0": [0, 0, 0],
						"2.0417": [0, 0, 0],
						"2.125": [0, -1.2, 0],
						"2.1667": [0, -2.2, 0],
						"2.25": [0, -2.2, 0],
						"2.5833": [0, -2.2, 0],
						"2.625": [0, -2.2, 0],
						"2.9167": [0, -2.2, 0],
						"3.0833": [0, -3.9, 0],
						"3.25": [0, 0, 0],
						"4.0": [0, 0, 0]
					},
					"scale": {
						"0.0": [1, 1, 1],
						"1.2083": [1, 1, 1],
						"2.5833": [1, 1, 1],
						"2.625": [1, 1, 1]
					}
				},
				"mag_and_righthand": {
					"rotation": {
						"0.0": [0, 0, 0],
						"1.0417": [0, 0, 0],
						"1.2083": [-9.34, -0.82, -7.9],
						"1.25": [-11.68, -1.02, -9.87],
						"1.2917": [-14.02, -1.23, -11.84],
						"1.4583": [-5.73962, -1.7513, -16.9122],
						"1.5": [-4.59, -1.4, -13.53],
						"1.5833": [0, 0, 0],
						"2.5833": [0, 0, 0],
						"2.625": [0, 0, 0],
						"3.0833": [0, 0, 0],
						"3.25": [0, 0, 0],
						"4.0": [0, 0, 0]
					},
					"position": {
						"0.0": [0, 0, 0],
						"1.0417": [0, 0, 0],
						"1.2083": [1.09, 8.53, -6.82],
						"1.25": [1.36, 10.66, -8.52],
						"1.2917": [1.63, 12.79, -10.22],
						"1.4583": [2.9, 11.7, -14.6],
						"1.5": [2.86, 10.68, -14.54],
						"1.5833": [2.7, 6.6, -14.3],
						"2.5833": [2.7, 6.6, -14.3],
						"2.625": [2.7, 6.6, -14.3],
						"3.0833": [2.7, 6.6, -14.3],
						"3.25": [0, 0, 0],
						"4.0": [0, 0, 0]
					},
					"scale": {
						"0.0": [1, 1, 1],
						"1.2083": [1, 1, 1],
						"2.5833": [1, 1, 1],
						"2.625": [1, 1, 1]
					}
				},
				"clip": {
					"rotation": {
						"0.0": [0, 0, 0],
						"1.2083": [0, 0, 0],
						"1.25": [0, 0, 0],
						"1.2917": [0, 0, 0],
						"2.5833": [0, 0, 0],
						"2.625": [0, 0, 0],
						"2.75": [0, 0, 0],
						"2.7917": [0, 0, 37],
						"2.8333": [0, 0, 116],
						"2.875": [-22.73927, -10.6765, 92.15285],
						"2.9167": [-28.50016, -22.10155, 76.74728],
						"2.9583": [-45.01266, -37.5993, 59.93129],
						"3.125": [33.36198, -47.88467, -40.28373],
						"3.1667": [25.02, -35.91, -30.21],
						"3.4583": [0, 0, 0],
						"4.0": [0, 0, 0]
					},
					"position": {
						"0.0": [0, 0, 0],
						"1.2083": [0, 0, 0],
						"1.25": [0, 0, 0],
						"1.2917": [0, 0, 0],
						"2.5833": [0, 0, 0],
						"2.625": [0, 0, 0],
						"2.75": [0, 0, 0],
						"2.7917": [-1.8, 0.4, 0],
						"2.8333": [-4.1, 0, 0],
						"2.875": [-5.3, -0.5, -0.6],
						"2.9583": [-6.7, -3.3, -3.2],
						"3.125": [-6.7, -8, -5.9],
						"3.1667": [-5.02, -22.2, -4.42],
						"3.4583": [0, 0, 0],
						"4.0": [0, 0, 0]
					},
					"scale": {
						"0.0": [1, 1, 1],
						"1.2083": [1, 1, 1],
						"2.5833": [1, 1, 1],
						"2.625": [1, 1, 1]
					}
				},
				"extra_ammo": {
					"rotation": {
						"0.0": [0, 0, 0],
						"1.0417": [0, 0, 0],
						"1.2917": [0, 0, 0],
						"3.0833": [0, 0, 0],
						"3.25": [0, 0, 0],
						"4.0": [0, 0, 0]
					},
					"position": {
						"0.0": [0, 0, 0],
						"1.0417": [0, 0, 0],
						"1.2917": [0, -7.2, 17.5],
						"3.0833": [0, -7.2, 17.5],
						"3.25": [0, 0, 0],
						"4.0": [0, 0, 0]
					}
				},
				"ammo_in_mag": {
					"rotation": {
						"0.0": [0, 0, 0],
						"0.0417": [0, 0, 0],
						"0.0833": [0, 0, 0],
						"0.125": [0, 0, 0],
						"0.1667": [0, 0, 0],
						"0.2083": [0, 0, 0],
						"0.25": [0, 0, 0],
						"0.2917": [0, 0, 0],
						"0.3333": [0, 0, 0],
						"0.375": [0, 0, 0],
						"0.4167": [0, 0, 0],
						"0.4583": [0, 0, 0],
						"0.5": [0, 0, 0],
						"0.5417": [0, 0, 0],
						"0.5833": [0, 0, 0],
						"0.625": [0, 0, 0],
						"0.6667": [0, 0, 0],
						"0.7083": [0, 0, 0],
						"0.75": [0, 0, 0],
						"0.7917": [0, 0, 0],
						"0.8333": [0, 0, 0],
						"0.875": [0, 0, 0],
						"0.9167": [0, 0, 0],
						"0.9583": [0, 0, 0],
						"1.0": [0, 0, 0],
						"1.0417": [0, 0, 0],
						"1.0833": [0, 0, 0],
						"1.125": [0, 0, 0],
						"1.1667": [0, 0, 0],
						"1.2083": [0, 0, 0],
						"1.25": [0, 0, 0],
						"1.2917": [0, 0, 0],
						"1.3333": [0, 0, 0],
						"1.375": [0, 0, 0],
						"1.4167": [0, 0, 0],
						"1.4583": [0, 0, 0],
						"1.5": [0, 0, 0],
						"1.5417": [0, 0, 0],
						"1.5833": [0, 0, 0],
						"1.625": [0, 0, 0],
						"1.6667": [0, 0, 0],
						"1.7083": [0, 0, 0],
						"1.75": [0, 0, 0],
						"1.7917": [0, 0, 0],
						"1.8333": [0, 0, 0],
						"1.875": [0, 0, 0],
						"1.9167": [0, 0, 0],
						"1.9583": [0, 0, 0],
						"2.0": [0, 0, 0],
						"2.0417": [0, 0, 0],
						"2.0833": [0, 0, 0],
						"2.125": [0, 0, 0],
						"2.1667": [0, 0, 0],
						"2.2083": [0, 0, 0],
						"2.25": [0, 0, 0],
						"2.2917": [0, 0, 0],
						"2.3333": [0, 0, 0],
						"2.375": [0, 0, 0],
						"2.4167": [0, 0, 0],
						"2.4583": [0, 0, 0],
						"2.5": [0, 0, 0],
						"2.5417": [0, 0, 0],
						"2.5833": [0, 0, 0],
						"2.625": [0, 0, 0],
						"2.6667": [0, 0, 0],
						"2.7083": [0, 0, 0],
						"2.75": [0, 0, 0],
						"2.7917": [0, 0, 0],
						"2.8333": [0, 0, 0],
						"2.875": [0, 0, 0],
						"2.9167": [0, 0, 0],
						"2.9583": [0, 0, 0],
						"3.0": [0, 0, 0],
						"3.0417": [0, 0, 0],
						"3.0833": [0, 0, 0],
						"3.125": [0, 0, 0],
						"3.1667": [0, 0, 0],
						"3.2083": [0, 0, 0],
						"3.25": [0, 0, 0],
						"3.2917": [0, 0, 0],
						"3.3333": [0, 0, 0],
						"3.375": [0, 0, 0],
						"3.4167": [0, 0, 0],
						"3.4583": [0, 0, 0],
						"3.5": [0, 0, 0],
						"3.5417": [0, 0, 0],
						"3.5833": [0, 0, 0],
						"3.625": [0, 0, 0],
						"3.6667": [0, 0, 0],
						"3.7083": [0, 0, 0],
						"3.75": [0, 0, 0],
						"3.7917": [0, 0, 0],
						"3.8333": [0, 0, 0],
						"3.875": [0, 0, 0],
						"3.9167": [0, 0, 0],
						"3.9583": [0, 0, 0],
						"4.0": [0, 0, 0]
					},
					"position": {
						"0.0": [0, -0.2, 0],
						"0.0417": [0, -0.2, 0],
						"0.0833": [0, -0.2, 0],
						"0.125": [0, -0.2, 0],
						"0.1667": [0, -0.2, 0],
						"0.2083": [0, -0.2, 0],
						"0.25": [0, -0.2, 0],
						"0.2917": [0, -0.2, 0],
						"0.3333": [0, -0.2, 0],
						"0.375": [0, -0.2, 0],
						"0.4167": [0, -0.2, 0],
						"0.4583": [0, -0.2, 0],
						"0.5": [0, -0.2, 0],
						"0.5417": [0, -0.2, 0],
						"0.5833": [0, -0.2, 0],
						"0.625": [0, -0.2, 0],
						"0.6667": [0, -0.2, 0],
						"0.7083": [0, -0.2, 0],
						"0.75": [0, -0.2, 0],
						"0.7917": [0, -0.2, 0],
						"0.8333": [0, -0.2, 0],
						"0.875": [0, -0.2, 0],
						"0.9167": [0, -0.2, 0],
						"0.9583": [0, -0.2, 0],
						"1.0": [0, -0.2, 0],
						"1.0417": [0, -0.2, 0],
						"1.0833": [0, -0.2, 0],
						"1.125": [0, -0.2, 0],
						"1.1667": [0, -0.2, 0],
						"1.2083": [0, -0.2, 0],
						"1.25": [0, -0.2, 0],
						"1.2917": [0, -0.2, 0],
						"1.3333": [0, -0.2, 0],
						"1.375": [0, -0.2, 0],
						"1.4167": [0, -0.2, 0],
						"1.4583": [0, -0.2, 0],
						"1.5": [0, -0.2, 0],
						"1.5417": [0, -0.2, 0],
						"1.5833": [0, -0.2, 0],
						"1.625": [0, -0.2, 0],
						"1.6667": [0, -0.2, 0],
						"1.7083": [0, -0.2, 0],
						"1.75": [0, -0.2, 0],
						"1.7917": [0, -0.2, 0],
						"1.8333": [0, -0.2, 0],
						"1.875": [0, -0.2, 0],
						"1.9167": [0, -0.2, 0],
						"1.9583": [0, -0.2, 0],
						"2.0": [0, -0.2, 0],
						"2.0417": [0, -0.2, 0],
						"2.0833": [0, -0.2, 0],
						"2.125": [0, -0.2, 0],
						"2.1667": [0, -0.2, 0],
						"2.2083": [0, -0.2, 0],
						"2.25": [0, -0.2, 0],
						"2.2917": [0, -0.2, 0],
						"2.3333": [0, -0.2, 0],
						"2.375": [0, -0.2, 0],
						"2.4167": [0, -0.2, 0],
						"2.4583": [0, -0.2, 0],
						"2.5": [0, -0.2, 0],
						"2.5417": [0, -0.2, 0],
						"2.5833": [0, -0.2, 0],
						"2.625": [0, -0.2, 0],
						"2.6667": [0, -0.2, 0],
						"2.7083": [0, -0.2, 0],
						"2.75": [0, -0.2, 0],
						"2.7917": [0, -0.2, 0],
						"2.8333": [0, -0.2, 0],
						"2.875": [0, -0.2, 0],
						"2.9167": [0, -0.2, 0],
						"2.9583": [0, -0.2, 0],
						"3.0": [0, -0.2, 0],
						"3.0417": [0, -0.2, 0],
						"3.0833": [0, -0.2, 0],
						"3.125": [0, -0.2, 0],
						"3.1667": [0, -0.2, 0],
						"3.2083": [0, -0.2, 0],
						"3.25": [0, -0.2, 0],
						"3.2917": [0, -0.2, 0],
						"3.3333": [0, -0.2, 0],
						"3.375": [0, -0.2, 0],
						"3.4167": [0, -0.2, 0],
						"3.4583": [0, -0.2, 0],
						"3.5": [0, -0.2, 0],
						"3.5417": [0, -0.2, 0],
						"3.5833": [0, -0.2, 0],
						"3.625": [0, -0.2, 0],
						"3.6667": [0, -0.2, 0],
						"3.7083": [0, -0.2, 0],
						"3.75": [0, -0.2, 0],
						"3.7917": [0, -0.2, 0],
						"3.8333": [0, -0.2, 0],
						"3.875": [0, -0.2, 0],
						"3.9167": [0, -0.2, 0],
						"3.9583": [0, -0.2, 0],
						"4.0": [0, -0.2, 0]
					},
					"scale": 1
				},
				"Barrel": {
					"rotation": [0, 0, 0],
					"position": [0, 0, 0]
				},
				"front_sight": {
					"rotation": [0, 0, 0],
					"position": [0, 0, 0]
				},
				"front_sight_blade": {
					"rotation": [0, 0, 0],
					"position": [0, 0, 0]
				},
				"free_ammo": {
					"rotation": [0, 0, 0],
					"position": [0, 0, 0],
					"scale": 1
				}
			}
		},
		"reload_tactical_start": {
			"animation_length": 2.6667,
			"bones": {
				"p14": {
					"rotation": {
						"0.0": [0.9, 1, 5],
						"0.0833": [2.72, 0.92, 6.2],
						"0.2083": [5.20498, 0.89736, 6.51824],
						"0.2917": [4.93344, 0.01401, 7.99189],
						"0.4167": [2.95271, -0.30319, 11.98809],
						"0.5": [2.98359, -0.555, 15.98269],
						"0.5833": [-8.14959, 0.43446, 1.03986],
						"0.6667": [-9.08598, 1.10246, -1.09266],
						"0.7083": [-7.12, 0.77, -0.03],
						"0.7917": [-6.08958, 0.98272, 1.95889],
						"0.8333": [-4.93, 0.98, 1.96],
						"0.875": [-4.93, 0.98, 1.96],
						"1.0417": [0.71719, -9.96622, 5.56229],
						"1.25": [-4.23479, -9.83613, -0.52708],
						"1.4167": [-3.03, -9.64, -0.53]
					},
					"position": {
						"0.0": [-0.1, 0.9, 3.8],
						"0.0833": [-0.1, 0.78, 3.8],
						"0.2083": [-0.1, 0.35, 3.8],
						"0.2917": [-0.1, 0.3, 3.8],
						"0.4167": [-0.1, 0.5, 3.8],
						"0.5": [-0.1, 0.7, 3.8],
						"0.5833": [-0.1, 1, 3.8],
						"0.6667": [-0.2, 0.99, 3.8],
						"0.7083": [-0.15, 0.8, 3.8],
						"0.7917": [-0.15, 0.7, 3.8],
						"0.8333": [-0.15, 0.58, 3.8],
						"0.875": [-0.15, 0.58, 3.8],
						"1.0417": [1.4, -0.5, 3.8],
						"1.25": [1.4, 0, 3.8],
						"1.4167": [1.4, -0.12, 3.8]
					}
				},
				"lefthand_pos": {
					"rotation": {
						"0.0": [96.4, 312.26, -133.79],
						"0.0833": [89.75911, 311.93683, -124.84814],
						"0.25": [105.85599, 314.0064, -146.72038],
						"0.5": [105.85599, 314.0064, -146.72038],
						"0.5833": [110.83716, 317.95034, -161.03056],
						"0.8333": [110.83716, 317.95034, -161.03056],
						"1.0417": [96.4, 312.26, -133.79],
						"1.4167": [96.4, 312.26, -133.79]
					},
					"position": {
						"0.0": [0.06, 2.06, 25.76],
						"0.0833": [1.36, 2.66, 26.74],
						"0.25": [-1.34, 1.66, 33.04],
						"0.5": [-1.34, 1.66, 33.04],
						"0.5833": [-1.94, 1.86, 33.04],
						"0.8333": [-1.94, 1.86, 33.04],
						"1.0417": [0.06, 2.56, 32.64],
						"1.4167": [0.06, 2.56, 32.64]
					},
					"scale": [1, 1.5, 1]
				},
				"bolt": {
					"rotation": {
						"0.0": [0, 0, 0],
						"0.375": [0, 0, 0],
						"0.5": [0, 0, 51],
						"0.5833": [0, 0, 51],
						"0.875": [0, 0, 51],
						"1.4167": [0, 0, 51]
					},
					"position": {
						"0.0": [0, 0, 0],
						"0.375": [0, 0, 0],
						"0.5": [0, 0, 0],
						"0.5833": [0, 0, 3],
						"0.875": [0, 0, 3],
						"1.4167": [0, 0, 3]
					}
				},
				"bullet_in_barrel": {
					"rotation": {
						"0.0": [0, 0, 0],
						"1.4167": [0, 0, 0]
					},
					"position": {
						"0.0": [0, -2, -0.9],
						"1.4167": [0, -2, -0.9]
					}
				},
				"righthand_pos": {
					"rotation": {
						"0.0": [120.87, 365.89, -152.95],
						"0.2083": [120.87, 365.89, -152.95],
						"0.375": [120.67718, 366.91337, -154.67915],
						"0.5": [121.32831, 361.75287, -146.08601],
						"0.5833": [121.33, 361.75, -146.09],
						"0.875": [121.33, 361.75, -146.09],
						"1.0417": [121.7, 351.51, -152.37],
						"1.4167": [121.08, 362.29, -152.8]
					},
					"position": {
						"0.0": [7.7, -5.6, 25.5],
						"0.2083": [7.7, -5.6, 25.5],
						"0.375": [4.9, -4.9, 23.7],
						"0.5": [4.3, -4.9, 23.1],
						"0.5833": [4.3, -4.9, 25.8],
						"0.875": [4.3, -4.9, 25.8],
						"1.0417": [6.5, -10.6, 33.8],
						"1.4167": [7.4, -6.85, 27.57]
					},
					"scale": [1, 1.5, 1]
				},
				"gun_and_lefthand": {
					"rotation": [0, 0, 0],
					"position": [0, 0, 0]
				},
				"firing_pin": {
					"rotation": {
						"0.0": [0, 0, 0],
						"0.5": [0, 0, 0],
						"0.5833": [0, 0, 0],
						"1.4167": [0, 0, 0]
					},
					"position": {
						"0.0": [0, 0, 0],
						"0.5": [0, 0, 0],
						"0.5833": [0, 0, 2.98],
						"1.4167": [0, 0, 2.98]
					}
				},
				"ammo_in_mag": {
					"rotation": {
						"0.0": [0, 0, 0],
						"0.0417": [0, 0, 0],
						"0.0833": [0, 0, 0],
						"0.125": [0, 0, 0],
						"0.1667": [0, 0, 0],
						"0.2083": [0, 0, 0],
						"0.25": [0, 0, 0],
						"0.2917": [0, 0, 0],
						"0.3333": [0, 0, 0],
						"0.375": [0, 0, 0],
						"0.4167": [0, 0, 0],
						"0.4583": [0, 0, 0],
						"0.5": [0, 0, 0],
						"0.5417": [0, 0, 0],
						"0.5833": [0, 0, 0],
						"0.625": [0, 0, 0],
						"0.6667": [0, 0, 0],
						"0.7083": [0, 0, 0],
						"0.75": [0, 0, 0],
						"0.7917": [0, 0, 0],
						"0.8333": [0, 0, 0],
						"0.875": [0, 0, 0],
						"0.9167": [0, 0, 0],
						"0.9583": [0, 0, 0],
						"1.0": [0, 0, 0],
						"1.0417": [0, 0, 0],
						"1.0833": [0, 0, 0],
						"1.125": [0, 0, 0],
						"1.1667": [0, 0, 0],
						"1.2083": [0, 0, 0],
						"1.25": [0, 0, 0],
						"1.2917": [0, 0, 0],
						"1.3333": [0, 0, 0],
						"1.375": [0, 0, 0],
						"1.4167": [0, 0, 0]
					},
					"position": {
						"0.0": [0, 0, 0],
						"0.0417": [0, 0, 0],
						"0.0833": [0, 0, 0],
						"0.125": [0, 0, 0],
						"0.1667": [0, 0, 0],
						"0.2083": [0, 0, 0],
						"0.25": [0, 0, 0],
						"0.2917": [0, 0, 0],
						"0.3333": [0, 0, 0],
						"0.375": [0, 0, 0],
						"0.4167": [0, 0, 0],
						"0.4583": [0, 0, 0],
						"0.5": [0, 0, 0],
						"0.5417": [0, 0, 0],
						"0.5833": [0, 0, 0],
						"0.625": [0, 0, 0],
						"0.6667": [0, 0, 0],
						"0.7083": [0, 0, 0],
						"0.75": [0, 0, 0],
						"0.7917": [0, 0, 0],
						"0.8333": [0, 0, 0],
						"0.875": [0, 0, 0],
						"0.9167": [0, 0, 0],
						"0.9583": [0, 0, 0],
						"1.0": [0, 0, 0],
						"1.0417": [0, 0, 0],
						"1.0833": [0, 0, 0],
						"1.125": [0, 0, 0],
						"1.1667": [0, 0, 0],
						"1.2083": [0, 0, 0],
						"1.25": [0, 0, 0],
						"1.2917": [0, 0, 0],
						"1.3333": [0, 0, 0],
						"1.375": [0, 0, 0],
						"1.4167": [0, 0, 0]
					}
				},
				"mag_and_righthand": {
					"rotation": {
						"0.0": [0, 0, 0],
						"1.2917": [0, 0, 0],
						"1.4167": [-2.42, -5.17, 10.56]
					},
					"position": {
						"0.0": [0, 0, 0],
						"1.2917": [0, 0, 0],
						"1.4167": [-3.95, 2.25, -4.35]
					}
				},
				"Ammo_clip": {
					"rotation": {
						"0.0": [0, 0, 0],
						"1.4167": [0, 0, 0]
					},
					"position": {
						"0.0": [7.5, 1.4, 2.5],
						"1.4167": [7.5, 1.4, 2.5]
					}
				},
				"extra_ammo": {
					"rotation": {
						"0.0": [0, 0, 0],
						"1.25": [0, 0, 0],
						"1.4167": [0, 0, 0]
					},
					"position": {
						"0.0": [0, 0, 0],
						"1.25": [0, 0, 0],
						"1.4167": [1.31, 1.37, -4.17]
					}
				}
			}
		},
		"reload_loop_start": {
			"animation_length": 2.6667,
			"bones": {
				"p14": {
					"rotation": {
						"0.0": [0.9, 1, 5],
						"0.0833": [2.72, 0.92, 6.2],
						"0.2083": [5.20498, 0.89736, 6.51824],
						"0.2917": [4.93344, 0.01401, 7.99189],
						"0.4167": [2.95271, -0.30319, 11.98809],
						"0.5": [2.98359, -0.555, 15.98269],
						"0.5833": [-8.14959, 0.43446, 1.03986],
						"0.6667": [-9.08598, 1.10246, -1.09266],
						"0.7083": [-7.12, 0.77, -0.03],
						"0.7917": [-6.08958, 0.98272, 1.95889],
						"0.8333": [-4.93, 0.98, 1.96],
						"0.875": [-4.93, 0.98, 1.96],
						"1.0417": [0.71719, -9.96622, 5.56229],
						"1.25": [-4.23479, -9.83613, -0.52708],
						"1.4167": [-3.03, -9.64, -0.53]
					},
					"position": {
						"0.0": [-0.1, 0.9, 3.8],
						"0.0833": [-0.1, 0.78, 3.8],
						"0.2083": [-0.1, 0.35, 3.8],
						"0.2917": [-0.1, 0.3, 3.8],
						"0.4167": [-0.1, 0.5, 3.8],
						"0.5": [-0.1, 0.7, 3.8],
						"0.5833": [-0.1, 1, 3.8],
						"0.6667": [-0.2, 0.99, 3.8],
						"0.7083": [-0.15, 0.8, 3.8],
						"0.7917": [-0.15, 0.7, 3.8],
						"0.8333": [-0.15, 0.58, 3.8],
						"0.875": [-0.15, 0.58, 3.8],
						"1.0417": [1.4, -0.5, 3.8],
						"1.25": [1.4, 0, 3.8],
						"1.4167": [1.4, -0.12, 3.8]
					}
				},
				"lefthand_pos": {
					"rotation": {
						"0.0": [96.4, 312.26, -133.79],
						"0.0833": [89.75911, 311.93683, -124.84814],
						"0.25": [105.85599, 314.0064, -146.72038],
						"0.5": [105.85599, 314.0064, -146.72038],
						"0.5833": [110.83716, 317.95034, -161.03056],
						"0.8333": [110.83716, 317.95034, -161.03056],
						"1.0417": [96.4, 312.26, -133.79],
						"1.4167": [96.4, 312.26, -133.79]
					},
					"position": {
						"0.0": [0.06, 2.06, 25.76],
						"0.0833": [1.36, 2.66, 26.74],
						"0.25": [-1.34, 1.66, 33.04],
						"0.5": [-1.34, 1.66, 33.04],
						"0.5833": [-1.94, 1.86, 33.04],
						"0.8333": [-1.94, 1.86, 33.04],
						"1.0417": [0.06, 2.56, 32.64],
						"1.4167": [0.06, 2.56, 32.64]
					},
					"scale": [1, 1.5, 1]
				},
				"bolt": {
					"rotation": {
						"0.0": [0, 0, 0],
						"0.375": [0, 0, 0],
						"0.5": [0, 0, 51],
						"0.5833": [0, 0, 51],
						"0.875": [0, 0, 51],
						"1.4167": [0, 0, 51]
					},
					"position": {
						"0.0": [0, 0, 0],
						"0.375": [0, 0, 0],
						"0.5": [0, 0, 0],
						"0.5833": [0, 0, 3],
						"0.875": [0, 0, 3],
						"1.4167": [0, 0, 3]
					}
				},
				"bullet_in_barrel": {
					"rotation": {
						"0.0": [0, 0, 0],
						"1.4167": [0, 0, 0]
					},
					"position": {
						"0.0": [0, -2, -0.9],
						"1.4167": [0, -2, -0.9]
					}
				},
				"righthand_pos": {
					"rotation": {
						"0.0": [120.87, 365.89, -152.95],
						"0.2083": [120.87, 365.89, -152.95],
						"0.375": [120.67718, 366.91337, -154.67915],
						"0.5": [121.32831, 361.75287, -146.08601],
						"0.5833": [121.33, 361.75, -146.09],
						"0.875": [121.33, 361.75, -146.09],
						"1.0417": [121.7, 351.51, -152.37],
						"1.4167": [121.08, 362.29, -152.8]
					},
					"position": {
						"0.0": [7.7, -5.6, 25.5],
						"0.2083": [7.7, -5.6, 25.5],
						"0.375": [4.9, -4.9, 23.7],
						"0.5": [4.3, -4.9, 23.1],
						"0.5833": [4.3, -4.9, 25.8],
						"0.875": [4.3, -4.9, 25.8],
						"1.0417": [6.5, -10.6, 33.8],
						"1.4167": [7.4, -6.85, 27.57]
					},
					"scale": [1, 1.5, 1]
				},
				"gun_and_lefthand": {
					"rotation": [0, 0, 0],
					"position": [0, 0, 0]
				},
				"firing_pin": {
					"rotation": {
						"0.0": [0, 0, 0],
						"0.5": [0, 0, 0],
						"0.5833": [0, 0, 0],
						"1.4167": [0, 0, 0]
					},
					"position": {
						"0.0": [0, 0, 0],
						"0.5": [0, 0, 0],
						"0.5833": [0, 0, 2.98],
						"1.4167": [0, 0, 2.98]
					}
				},
				"ammo_in_mag": {
					"rotation": {
						"0.0": [0, 0, 0],
						"0.0417": [0, 0, 0],
						"0.0833": [0, 0, 0],
						"0.125": [0, 0, 0],
						"0.1667": [0, 0, 0],
						"0.2083": [0, 0, 0],
						"0.25": [0, 0, 0],
						"0.2917": [0, 0, 0],
						"0.3333": [0, 0, 0],
						"0.375": [0, 0, 0],
						"0.4167": [0, 0, 0],
						"0.4583": [0, 0, 0],
						"0.5": [0, 0, 0],
						"0.5417": [0, 0, 0],
						"0.5833": [0, 0, 0],
						"0.625": [0, 0, 0],
						"0.6667": [0, 0, 0],
						"0.7083": [0, 0, 0],
						"0.75": [0, 0, 0],
						"0.7917": [0, 0, 0],
						"0.8333": [0, 0, 0],
						"0.875": [0, 0, 0],
						"0.9167": [0, 0, 0],
						"0.9583": [0, 0, 0],
						"1.0": [0, 0, 0],
						"1.0417": [0, 0, 0],
						"1.0833": [0, 0, 0],
						"1.125": [0, 0, 0],
						"1.1667": [0, 0, 0],
						"1.2083": [0, 0, 0],
						"1.25": [0, 0, 0],
						"1.2917": [0, 0, 0],
						"1.3333": [0, 0, 0],
						"1.375": [0, 0, 0],
						"1.4167": [0, 0, 0]
					},
					"position": {
						"0.0": [0, 0, 0],
						"0.0417": [0, 0, 0],
						"0.0833": [0, 0, 0],
						"0.125": [0, 0, 0],
						"0.1667": [0, 0, 0],
						"0.2083": [0, 0, 0],
						"0.25": [0, 0, 0],
						"0.2917": [0, 0, 0],
						"0.3333": [0, 0, 0],
						"0.375": [0, 0, 0],
						"0.4167": [0, 0, 0],
						"0.4583": [0, 0, 0],
						"0.5": [0, 0, 0],
						"0.5417": [0, 0, 0],
						"0.5833": [0, 0, 0],
						"0.625": [0, 0, 0],
						"0.6667": [0, 0, 0],
						"0.7083": [0, 0, 0],
						"0.75": [0, 0, 0],
						"0.7917": [0, 0, 0],
						"0.8333": [0, 0, 0],
						"0.875": [0, 0, 0],
						"0.9167": [0, 0, 0],
						"0.9583": [0, 0, 0],
						"1.0": [0, 0, 0],
						"1.0417": [0, 0, 0],
						"1.0833": [0, 0, 0],
						"1.125": [0, 0, 0],
						"1.1667": [0, 0, 0],
						"1.2083": [0, 0, 0],
						"1.25": [0, 0, 0],
						"1.2917": [0, 0, 0],
						"1.3333": [0, 0, 0],
						"1.375": [0, 0, 0],
						"1.4167": [0, 0, 0]
					}
				},
				"mag_and_righthand": {
					"rotation": {
						"0.0": [0, 0, 0],
						"1.2917": [0, 0, 0],
						"1.4167": [-2.42, -5.17, 10.56]
					},
					"position": {
						"0.0": [0, 0, 0],
						"1.2917": [0, 0, 0],
						"1.4167": [-3.95, 2.25, -4.35]
					}
				},
				"Ammo_clip": {
					"rotation": {
						"0.0": [0, 0, 0],
						"1.4167": [0, 0, 0]
					},
					"position": {
						"0.0": [7.5, 1.4, 2.5],
						"1.4167": [7.5, 1.4, 2.5]
					}
				},
				"extra_ammo": {
					"rotation": {
						"0.0": [0, 0, 0],
						"1.25": [0, 0, 0],
						"1.4167": [0, 0, 0]
					},
					"position": {
						"0.0": [0, 0, 0],
						"1.25": [0, 0, 0],
						"1.4167": [1.31, 1.37, -4.17]
					}
				}
			}
		},
		"single_load": {
			"animation_length": 1.625,
			"bones": {
				"lefthand_pos": {
					"rotation": {
						"0.0": [96.4, 312.26, -133.79],
						"0.7083": [96.4, 312.26, -133.79]
					},
					"position": {
						"0.0": [0.06, 2.56, 32.64],
						"0.7083": [0.06, 2.56, 32.64]
					},
					"scale": [1, 1.5, 1]
				},
				"bullet_in_barrel": {
					"rotation": {
						"0.0": [0, 0, 0],
						"0.7083": [0, 0, 0]
					},
					"position": {
						"0.0": [0, -2, -0.9],
						"0.7083": [0, -2, -0.9]
					}
				},
				"righthand_pos": {
					"rotation": {
						"0.0": [120.87, 365.89, -152.95],
						"0.7083": [120.87, 365.89, -152.95]
					},
					"position": {
						"0.0": [7.7, -5.6, 25.5],
						"0.7083": [7.7, -5.6, 25.5]
					},
					"scale": [1, 1.5, 1]
				},
				"p14": {
					"rotation": {
						"0.0": [-2.12953, -9.5, -0.52708],
						"0.125": [-1.12953, -9.5, -0.52708],
						"0.1667": [-1.12953, -9.5, -0.52708],
						"0.2083": [1.8, -9.42892, -2.55632],
						"0.375": [1.37, -9.5, -0.53],
						"0.5417": [-1.12953, -9.5, -0.52708],
						"0.7083": [-1.38, -9.5, -0.53]
					},
					"position": {
						"0.0": [1.4, -0.21, 3.8],
						"0.125": [1.4, -0.31, 3.8],
						"0.1667": [1.4, -0.31, 3.8],
						"0.2083": [1.4, -0.61, 3.8],
						"0.375": [1.4, -0.49, 3.8],
						"0.5417": [1.4, -0.31, 3.8],
						"0.7083": [1.4, -0.28, 3.8]
					}
				},
				"firing_pin": {
					"rotation": {
						"0.0": [0, 0, 0],
						"0.7083": [0, 0, 0]
					},
					"position": {
						"0.0": [0, 0, 2.98],
						"0.7083": [0, 0, 2.98]
					}
				},
				"bolt": {
					"rotation": {
						"0.0": [0, 0, 51],
						"0.7083": [0, 0, 51]
					},
					"position": {
						"0.0": [0, 0, 3],
						"0.7083": [0, 0, 3]
					}
				},
				"gun_and_lefthand": {
					"rotation": {
						"0.0": [0, 0, 0],
						"0.7083": [0, 0, 0]
					},
					"position": {
						"0.0": [0, 0, 0],
						"0.7083": [0, 0, 0]
					}
				},
				"mag_and_righthand": {
					"rotation": {
						"0.0": [-3.22144, -6.89313, 14.07357],
						"0.0833": [-3.69578, -6.65172, 18.09434],
						"0.1667": [-1.69578, -6.65172, 18.09434],
						"0.2083": [-1.7, -6.65, 18.09],
						"0.2917": [-1.7, -6.65, 18.09],
						"0.5417": [-2.60612, -7.14746, 9.04229],
						"0.625": [-1.97402, -7.35009, 4.00371],
						"0.7083": [-2.28, -7.24, 6.52]
					},
					"position": {
						"0.0": [-4.6, 3, -5.8],
						"0.0833": [-5.2, 3, -5.8],
						"0.1667": [-5.3, 2.3, -5.7],
						"0.2083": [-5.3, 2.1, -5.7],
						"0.2917": [-5.3, 2.2, -5.7],
						"0.4583": [-4.45, 2.8, -4.98],
						"0.5417": [-4.45, 2.8, -4.98],
						"0.625": [-2.8, 3, -5.8],
						"0.7083": [-3.25, 3, -5.8]
					}
				},
				"Ammo_clip": {
					"rotation": {
						"0.0": [0, 0, 0],
						"0.7083": [0, 0, 0]
					},
					"position": {
						"0.0": [7.5, 1.4, 2.5],
						"0.7083": [7.5, 1.4, 2.5]
					}
				},
				"extra_ammo": {
					"rotation": {
						"0.0": [0, 0, 0],
						"0.2083": [0, 0, 0],
						"0.2917": [0, 0, 0],
						"0.3333": [0, 0, 0],
						"0.5417": [0, 0, 0],
						"0.625": [0, 0, 0],
						"0.7083": [0, 0, 0]
					},
					"position": {
						"0.0": [2.3, 2.4, -7.3],
						"0.2083": [2.3, 2.4, -7.3],
						"0.2917": [2.3, 1.4, -7.3],
						"0.3333": [0.9, 1.2, -7.3],
						"0.4583": [0.9, 1.2, -7.3],
						"0.5417": [2, 2.2, -7.3],
						"0.625": [2.3, 2.4, -7.3],
						"0.7083": [2.3, 2.4, -7.3]
					}
				},
				"ammo_in_mag": {
					"rotation": {
						"0.0": [0, 0, 0],
						"0.0417": [0, 0, 0],
						"0.0833": [0, 0, 0],
						"0.125": [0, 0, 0],
						"0.1667": [0, 0, 0],
						"0.2083": [0, 0, 0],
						"0.25": [0, 0, 0],
						"0.2917": [0, 0, 0],
						"0.3333": [0, 0, 0],
						"0.375": [0, 0, 0],
						"0.4167": [0, 0, 0],
						"0.4583": [0, 0, 0],
						"0.5": [0, 0, 0],
						"0.5417": [0, 0, 0],
						"0.5833": [0, 0, 0],
						"0.625": [0, 0, 0],
						"0.6667": [0, 0, 0],
						"0.7083": [0, 0, 0]
					},
					"position": {
						"0.0": [0, 0, 0],
						"0.0417": [0, 0, 0],
						"0.0833": [0, 0, 0],
						"0.125": [0, 0, 0],
						"0.1667": [0, 0, 0],
						"0.2083": [0, 0, 0],
						"0.25": [0, 0, 0],
						"0.2917": [0, 0, 0],
						"0.3333": [0, 0, 0],
						"0.375": [0, 0, 0],
						"0.4167": [0, 0, 0],
						"0.4583": [0, 0, 0],
						"0.5": [0, 0, 0],
						"0.5417": [0, 0, 0],
						"0.5833": [0, 0, 0],
						"0.625": [0, 0, 0],
						"0.6667": [0, 0, 0],
						"0.7083": [0, 0, 0]
					}
				}
			}
		},
		"reload_tactical_end": {
			"animation_length": 1.7083,
			"bones": {
				"p14": {
					"rotation": {
						"0.0": [2, -9.56, -0.71],
						"0.1667": [15.5, -9.8, -1.45],
						"0.2917": [16.5, -9.26, -1.13],
						"0.4167": [15.95, -9.14, -1.06],
						"0.4583": [15.95, -9.14, -1.06],
						"0.5": [15.07937, -9.69004, -1.0561],
						"0.5833": [15.12612, -10.65551, -1.32081],
						"0.625": [13.55, -9.98, -3.77],
						"0.6667": [12.27437, -10.11962, -7.22575],
						"0.7917": [11.6681, -10.51166, 0.70179],
						"0.875": [11.10654, -11.10412, 3.69585],
						"0.9167": [11.8, -11.10412, 3.69585],
						"1.1667": [11.52894, -10.56142, 8.30184],
						"1.5417": {
							"pre": [7.09937, 0.00256, 4.92851],
							"post": [7.09937, 0.00256, 4.92851],
							"lerp_mode": "catmullrom"
						},
						"1.7083": {
							"post": [0.9, 1, 5],
							"lerp_mode": "catmullrom"
						}
					},
					"position": {
						"0.0": [1.4, -0.45, 3.8],
						"0.1667": [1.4, -1.15, 3.8],
						"0.2917": [1.33, -0.95, 3.8],
						"0.4167": [1.31, -0.97, 3.8],
						"0.4583": [1.31, -0.97, 3.8],
						"0.5": [1.45, -1.05, 3.6],
						"0.5833": [1.55, -1.05, 3.5],
						"0.625": [1.55, -1.1, 3.5],
						"0.6667": [1.6, -1.45, 3.5],
						"0.7917": [1.45, -1.55, 3.5],
						"0.875": [1.45, -1.55, 3.5],
						"0.9167": [1.45, -1.55, 3.5],
						"1.1667": [0.93, -1.06, 3.61],
						"1.4167": {
							"pre": [0.28, 0.56, 3.29],
							"post": [0.28, 0.56, 3.29],
							"lerp_mode": "catmullrom"
						},
						"1.5417": {
							"post": [-0.1, 0.4, 3.8],
							"lerp_mode": "catmullrom"
						},
						"1.7083": {
							"post": [-0.1, 0.9, 3.8],
							"lerp_mode": "catmullrom"
						}
					}
				},
				"lefthand_pos": {
					"rotation": {
						"0.0": [96.4, 312.26, -133.79],
						"1.0": [96.4, 312.26, -133.79],
						"1.125": [89.75911, 311.93683, -124.84814],
						"1.1667": [96.4, 312.26, -133.79],
						"1.7083": [96.4, 312.26, -133.79]
					},
					"position": {
						"0.0": [0.06, 2.56, 32.64],
						"1.0": [0.06, 2.56, 32.64],
						"1.125": [1.36, 2.66, 26.74],
						"1.1667": [0.06, 2.06, 25.76],
						"1.7083": [0.06, 2.06, 25.76]
					},
					"scale": [1, 1.5, 1]
				},
				"bolt": {
					"rotation": {
						"0.0": [0, 0, 51],
						"0.2917": [0, 0, 51],
						"0.4583": [0, 0, 51],
						"0.5": [0, 0, 51],
						"0.5833": [0, 0, 51],
						"0.625": [0, 0, 0],
						"1.7083": [0, 0, 0]
					},
					"position": {
						"0.0": [0, 0, 3],
						"0.2917": [0, 0, 3],
						"0.4583": [0, 0, 3],
						"0.5": [0, 0, 0],
						"0.5833": [0, 0, 0],
						"0.625": [0, 0, 0],
						"1.7083": [0, 0, 0]
					}
				},
				"bullet_in_barrel": {
					"rotation": {
						"0.0": [0, 0, 0],
						"0.1667": [0, 0, 0],
						"1.7083": [0, 0, 0]
					},
					"position": {
						"0.0": [0, -2, -0.9],
						"0.1667": [0, -2, -0.9],
						"1.7083": [0, -2, -0.9]
					}
				},
				"righthand_pos": {
					"rotation": {
						"0.0": [122.68, 366.84, -152.34],
						"0.2917": [135.33564, 373.49354, -148.07108],
						"0.4583": [135.33564, 373.49354, -148.07108],
						"0.5": [135.33564, 373.49354, -148.07108],
						"0.5833": [135.33564, 373.49354, -148.07108],
						"0.625": [136.47145, 367.02325, -141.7098],
						"0.7917": [136.47145, 367.02325, -141.7098],
						"0.9583": [120.87, 365.89, -152.95],
						"1.7083": [120.87, 365.89, -152.95]
					},
					"position": {
						"0.0": [6.8, -5.67, 25.41],
						"0.2917": [0.5, -6.2, 24.8],
						"0.4583": [0.5, -6.2, 24.8],
						"0.5": [0.5, -6.2, 21.8],
						"0.5833": [0.5, -6.2, 21.8],
						"0.625": [0.5, -8.3, 20.8],
						"0.7917": [0.5, -8.3, 20.8],
						"0.9583": [7.7, -5.6, 25.5],
						"1.7083": [7.7, -5.6, 25.5]
					},
					"scale": [1, 1.5, 1]
				},
				"firing_pin": {
					"rotation": {
						"0.0": [0, 0, 0],
						"0.4583": [0, 0, 0],
						"0.5": [0, 0, 0],
						"1.7083": [0, 0, 0]
					},
					"position": {
						"0.0": [0, 0, 2.98],
						"0.4583": [0, 0, 2.98],
						"0.5": [0, 0, 0],
						"1.7083": [0, 0, 0]
					}
				},
				"extra_ammo": {
					"rotation": {
						"0.0": [0, 0, 0],
						"0.7917": [0, 0, 0],
						"0.9583": [0, 0, 0],
						"1.7083": [0, 0, 0]
					},
					"position": {
						"0.0": [0.5, 1.2, -7.3],
						"0.7917": [0, -7.2, 17.5],
						"0.9583": [0, 0, 0],
						"1.7083": [0, 0, 0]
					}
				},
				"ammo_in_mag": {
					"rotation": {
						"0.0": [0, 0, 0],
						"0.0417": [0, 0, 0],
						"0.0833": [0, 0, 0],
						"0.125": [0, 0, 0],
						"0.1667": [0, 0, 0],
						"0.2083": [0, 0, 0],
						"0.25": [0, 0, 0],
						"0.2917": [0, 0, 0],
						"0.3333": [0, 0, 0],
						"0.375": [0, 0, 0],
						"0.4167": [0, 0, 0],
						"0.4583": [0, 0, 0],
						"0.5": [0, 0, 0],
						"0.5417": [0, 0, 0],
						"0.5833": [0, 0, 0],
						"0.625": [0, 0, 0],
						"0.6667": [0, 0, 0],
						"0.7083": [0, 0, 0],
						"0.75": [0, 0, 0],
						"0.7917": [0, 0, 0],
						"0.8333": [0, 0, 0],
						"0.875": [0, 0, 0],
						"0.9167": [0, 0, 0],
						"0.9583": [0, 0, 0],
						"1.0": [0, 0, 0],
						"1.0417": [0, 0, 0],
						"1.0833": [0, 0, 0],
						"1.125": [0, 0, 0],
						"1.1667": [0, 0, 0],
						"1.2083": [0, 0, 0],
						"1.25": [0, 0, 0],
						"1.2917": [0, 0, 0],
						"1.3333": [0, 0, 0],
						"1.375": [0, 0, 0],
						"1.4167": [0, 0, 0],
						"1.4583": [0, 0, 0],
						"1.5": [0, 0, 0],
						"1.5417": [0, 0, 0],
						"1.5833": [0, 0, 0],
						"1.625": [0, 0, 0],
						"1.6667": [0, 0, 0],
						"1.7083": [0, 0, 0]
					},
					"position": {
						"0.0": [0, 0, 0],
						"0.0417": [0, 0, 0],
						"0.0833": [0, 0, 0],
						"0.125": [0, 0, 0],
						"0.1667": [0, 0, 0],
						"0.2083": [0, 0, 0],
						"0.25": [0, 0, 0],
						"0.2917": [0, 0, 0],
						"0.3333": [0, 0, 0],
						"0.375": [0, 0, 0],
						"0.4167": [0, 0, 0],
						"0.4583": [0, 0, 0],
						"0.5": [0, 0, 0],
						"0.5417": [0, 0, 0],
						"0.5833": [0, 0, 0],
						"0.625": [0, 0, 0],
						"0.6667": [0, 0, 0],
						"0.7083": [0, 0, 0],
						"0.75": [0, 0, 0],
						"0.7917": [0, 0, 0],
						"0.8333": [0, 0, 0],
						"0.875": [0, 0, 0],
						"0.9167": [0, 0, 0],
						"0.9583": [0, 0, 0],
						"1.0": [0, 0, 0],
						"1.0417": [0, 0, 0],
						"1.0833": [0, 0, 0],
						"1.125": [0, 0, 0],
						"1.1667": [0, 0, 0],
						"1.2083": [0, 0, 0],
						"1.25": [0, 0, 0],
						"1.2917": [0, 0, 0],
						"1.3333": [0, 0, 0],
						"1.375": [0, 0, 0],
						"1.4167": [0, 0, 0],
						"1.4583": [0, 0, 0],
						"1.5": [0, 0, 0],
						"1.5417": [0, 0, 0],
						"1.5833": [0, 0, 0],
						"1.625": [0, 0, 0],
						"1.6667": [0, 0, 0],
						"1.7083": [0, 0, 0]
					}
				},
				"mag_and_righthand": {
					"rotation": {
						"0.0": [-1.82, -5.79, 5.22],
						"0.0417": [-1.36509, -4.34279, 3.91526],
						"0.0833": [-0.91018, -2.89558, 2.61052],
						"0.125": [-0.45527, -1.44837, 1.30578],
						"0.1667": [0, 0, 0],
						"0.2083": [0, 0, 0],
						"0.25": [0, 0, 0],
						"0.2917": [0, 0, 0],
						"0.3333": [0, 0, 0],
						"0.375": [0, 0, 0],
						"0.4167": [0, 0, 0],
						"0.4583": [0, 0, 0],
						"0.5": [0, 0, 0],
						"0.5417": [0, 0, 0],
						"0.5833": [0, 0, 0],
						"0.625": [0, 0, 0],
						"0.6667": [0, 0, 0],
						"0.7083": [0, 0, 0],
						"0.75": [0, 0, 0],
						"0.7917": [0, 0, 0],
						"0.8333": [0, 0, 0],
						"0.875": [0, 0, 0],
						"0.9167": [0, 0, 0],
						"0.9583": [0, 0, 0],
						"1.0": [0, 0, 0],
						"1.0417": [0, 0, 0],
						"1.0833": [0, 0, 0],
						"1.125": [0, 0, 0],
						"1.1667": [0, 0, 0],
						"1.2083": [0, 0, 0],
						"1.25": [0, 0, 0],
						"1.2917": [0, 0, 0],
						"1.3333": [0, 0, 0],
						"1.375": [0, 0, 0],
						"1.4167": [0, 0, 0],
						"1.4583": [0, 0, 0],
						"1.5": [0, 0, 0],
						"1.5417": [0, 0, 0],
						"1.5833": [0, 0, 0],
						"1.625": [0, 0, 0],
						"1.6667": [0, 0, 0],
						"1.7083": [0, 0, 0]
					},
					"position": {
						"0.0": [-2.6, 2.4, -4.64],
						"0.0417": [-1.95013, 1.80012, -3.48023],
						"0.0833": [-1.30026, 1.20024, -2.32046],
						"0.125": [-0.65039, 0.60036, -1.1607],
						"0.1667": [0, 0, 0],
						"0.2083": [0, 0, 0],
						"0.25": [0, 0, 0],
						"0.2917": [0, 0, 0],
						"0.3333": [0, 0, 0],
						"0.375": [0, 0, 0],
						"0.4167": [0, 0, 0],
						"0.4583": [0, 0, 0],
						"0.5": [0, 0, 0],
						"0.5417": [0, 0, 0],
						"0.5833": [0, 0, 0],
						"0.625": [0, 0, 0],
						"0.6667": [0, 0, 0],
						"0.7083": [0, 0, 0],
						"0.75": [0, 0, 0],
						"0.7917": [0, 0, 0],
						"0.8333": [0, 0, 0],
						"0.875": [0, 0, 0],
						"0.9167": [0, 0, 0],
						"0.9583": [0, 0, 0],
						"1.0": [0, 0, 0],
						"1.0417": [0, 0, 0],
						"1.0833": [0, 0, 0],
						"1.125": [0, 0, 0],
						"1.1667": [0, 0, 0],
						"1.2083": [0, 0, 0],
						"1.25": [0, 0, 0],
						"1.2917": [0, 0, 0],
						"1.3333": [0, 0, 0],
						"1.375": [0, 0, 0],
						"1.4167": [0, 0, 0],
						"1.4583": [0, 0, 0],
						"1.5": [0, 0, 0],
						"1.5417": [0, 0, 0],
						"1.5833": [0, 0, 0],
						"1.625": [0, 0, 0],
						"1.6667": [0, 0, 0],
						"1.7083": [0, 0, 0]
					}
				},
				"Ammo_clip": {
					"rotation": {
						"0.0": [0, 0, 0],
						"0.0417": [0, 0, 0],
						"0.0833": [0, 0, 0],
						"0.125": [0, 0, 0],
						"0.1667": [0, 0, 0],
						"0.2083": [0, 0, 0],
						"0.25": [0, 0, 0],
						"0.2917": [0, 0, 0],
						"0.3333": [0, 0, 0],
						"0.375": [0, 0, 0],
						"0.4167": [0, 0, 0],
						"0.4583": [0, 0, 0],
						"0.5": [0, 0, 0],
						"0.5417": [0, 0, 0],
						"0.5833": [0, 0, 0],
						"0.625": [0, 0, 0],
						"0.6667": [0, 0, 0],
						"0.7083": [0, 0, 0],
						"0.75": [0, 0, 0],
						"0.7917": [0, 0, 0],
						"0.8333": [0, 0, 0],
						"0.875": [0, 0, 0],
						"0.9167": [0, 0, 0],
						"0.9583": [0, 0, 0],
						"1.0": [0, 0, 0],
						"1.0417": [0, 0, 0],
						"1.0833": [0, 0, 0],
						"1.125": [0, 0, 0],
						"1.1667": [0, 0, 0],
						"1.2083": [0, 0, 0],
						"1.25": [0, 0, 0],
						"1.2917": [0, 0, 0],
						"1.3333": [0, 0, 0],
						"1.375": [0, 0, 0],
						"1.4167": [0, 0, 0],
						"1.4583": [0, 0, 0],
						"1.5": [0, 0, 0],
						"1.5417": [0, 0, 0],
						"1.5833": [0, 0, 0],
						"1.625": [0, 0, 0],
						"1.6667": [0, 0, 0],
						"1.7083": [0, 0, 0]
					},
					"position": {
						"0.0": [0, 0, 0],
						"0.0417": [0, 0, 0],
						"0.0833": [0, 0, 0],
						"0.125": [0, 0, 0],
						"0.1667": [0, 0, 0],
						"0.2083": [0, 0, 0],
						"0.25": [0, 0, 0],
						"0.2917": [0, 0, 0],
						"0.3333": [0, 0, 0],
						"0.375": [0, 0, 0],
						"0.4167": [0, 0, 0],
						"0.4583": [0, 0, 0],
						"0.5": [0, 0, 0],
						"0.5417": [0, 0, 0],
						"0.5833": [0, 0, 0],
						"0.625": [0, 0, 0],
						"0.6667": [0, 0, 0],
						"0.7083": [0, 0, 0],
						"0.75": [0, 0, 0],
						"0.7917": [0, 0, 0],
						"0.8333": [0, 0, 0],
						"0.875": [0, 0, 0],
						"0.9167": [0, 0, 0],
						"0.9583": [0, 0, 0],
						"1.0": [0, 0, 0],
						"1.0417": [0, 0, 0],
						"1.0833": [0, 0, 0],
						"1.125": [0, 0, 0],
						"1.1667": [0, 0, 0],
						"1.2083": [0, 0, 0],
						"1.25": [0, 0, 0],
						"1.2917": [0, 0, 0],
						"1.3333": [0, 0, 0],
						"1.375": [0, 0, 0],
						"1.4167": [0, 0, 0],
						"1.4583": [0, 0, 0],
						"1.5": [0, 0, 0],
						"1.5417": [0, 0, 0],
						"1.5833": [0, 0, 0],
						"1.625": [0, 0, 0],
						"1.6667": [0, 0, 0],
						"1.7083": [0, 0, 0]
					}
				}
			}
		},
		"shoot": {
			"animation_length": 0.6667,
			"bones": {
				"lefthand_pos": {
					"rotation": [96.4, 312.26, -133.79],
					"position": [0.06, 2.06, 25.76],
					"scale": [1, 1.5, 1]
				},
				"bullet_in_barrel": {
					"rotation": [0, 0, 0],
					"position": [0, -1.1, 0]
				},
				"righthand_pos": {
					"rotation": [120.87, 365.89, -152.95],
					"position": [7.7, -5.6, 25.5],
					"scale": [1, 1.5, 1]
				},
				"p14": {
					"rotation": {
						"0.0": [0.9, 1, 5],
						"0.0833": [-0.10005, 2, 4.99825],
						"0.5833": [0.9, 1, 5]
					},
					"position": {
						"0.0": [-0.1, 0.9, 3.8],
						"0.0833": [-0.3, 0.9, 3.8],
						"0.5833": [-0.1, 0.9, 3.8]
					}
				},
				"firing_pin": {
					"rotation": {
						"0.0": [0, 0, 0],
						"0.4167": [0, 0, 0]
					},
					"position": {
						"0.0": [0, 0, 0],
						"0.4167": [0, 0, -0.21875]
					}
				},
				"bolt": {
					"rotation": [0, 0, 0],
					"position": [0, 0, 0]
				},
				"ammo_in_mag": {
					"rotation": [0, 0, 0],
					"position": [0, 0, 0]
				},
				"mag_and_righthand": {
					"rotation": [0, 0, 0],
					"position": [0, 0, 0]
				},
				"Ammo_clip": {
					"rotation": [0, 0, 0],
					"position": [0, 0, 0]
				},
				"extra_ammo": {
					"rotation": [0, 0, 0],
					"position": [0, 0, 0]
				},
				"root": {
					"rotation": {
						"0.0": [0, 0, 0],
						"0.0833": [-5, 0, 0],
						"0.1667": [-20, 0, 0],
						"0.3333": [-12.5, 0, 0],
						"0.4167": [-7.5, 0, 0],
						"0.5": [0, 0, 0],
						"0.5833": [0, 0, 0]
					},
					"position": {
						"0.0": [0, 0, -2],
						"0.0833": [0, 0, 1],
						"0.1667": [0, 0, 3],
						"0.3333": [0, 0, 2],
						"0.5833": [0, 0, -2]
					}
				}
			}
		},
		"bolt": {
			"animation_length": 1.5833,
			"bones": {
				"lefthand_pos": {
					"rotation": {
						"0.0": [96.4, 312.26, -133.79],
						"0.9583": [96.4, 312.26, -133.79]
					},
					"position": {
						"0.0": [0.06, 2.06, 25.76],
						"0.9583": [0.06, 2.06, 25.76]
					},
					"scale": [1, 1.5, 1]
				},
				"bullet_in_barrel": {
					"rotation": {
						"0.0": [0, 0, 0],
						"0.2917": [0, 0, 0],
						"0.375": [-14.30007, 11.63848, -2.94368],
						"0.4583": [-28.60594, 86.34648, -37.31146],
						"0.5417": [-166.85782, 40.46421, -199.58521],
						"0.625": [-166.86, 40.46, -199.59],
						"0.7083": [0, 0, 0],
						"0.9583": [0, 0, 0]
					},
					"position": {
						"0.0": [0, -1.1, 0],
						"0.2917": [0, -1.1, 0],
						"0.3333": [0, -1.1, 1.5],
						"0.375": [-0.3, -0.7, 2.9],
						"0.4583": [-3.2, -0.7, 3.4],
						"0.5417": [-8.2, -1.8, 3.7],
						"0.625": [-17, -7.3, 3.7],
						"0.7083": [-17, -7.3, 3.7],
						"0.75": [0, -7.3, 3.7],
						"0.7917": [0, -2, -0.9],
						"0.9583": [0, -2, -0.9]
					}
				},
				"righthand_pos": {
					"rotation": {
						"0.0": [120.87, 365.89, -152.95],
						"0.1667": [120.67718, 366.91337, -154.67915],
						"0.25": [121.32831, 361.75287, -146.08601],
						"0.3333": [121.33, 361.75, -146.09],
						"0.4583": [121.33, 361.75, -146.09],
						"0.5833": [121.32831, 361.75287, -146.08601],
						"0.7083": [120.67718, 366.91337, -154.67915],
						"0.8333": [120.36546, 379.11248, -177.83577],
						"0.9583": [120.87, 365.89, -152.95]
					},
					"position": {
						"0.0": [7.7, -5.6, 25.5],
						"0.1667": [4.9, -4.9, 23.7],
						"0.25": [4.3, -4.9, 23.1],
						"0.3333": [4.3, -4.9, 25.8],
						"0.4583": [4.3, -4.9, 25.8],
						"0.5833": [4.3, -4.9, 23.1],
						"0.7083": [4.9, -4.9, 23.7],
						"0.8333": [5.46, -2.44, 26.46],
						"0.9583": [7.7, -5.6, 25.5]
					},
					"scale": [1, 1.5, 1]
				},
				"p14": {
					"rotation": {
						"0.0": [0.9, 1, 5],
						"0.1667": [1.42, 0.48, 5.99],
						"0.25": [5.93264, -1.097, 8.91402],
						"0.2917": [1.9337, -0.06384, 7.94831],
						"0.375": [-0.0663, -0.06384, 7.94831],
						"0.4167": [-1.08261, 0.91723, 6.92974],
						"0.4583": [-1.08, 0.92, 6.93],
						"0.5833": [1.9337, -0.06384, 7.94831],
						"0.6667": [1.08, 0.17, 5.29],
						"0.7083": [-0.63794, 0.62579, -0.00851],
						"0.75": [-0.63794, 0.62579, -0.00851],
						"0.9583": [0.9, 1, 5]
					},
					"position": {
						"0.0": [-0.1, 0.9, 3.8],
						"0.1667": [-0.1, 0.85, 3.8],
						"0.25": [0, 0.8, 3.8],
						"0.2917": [0, 0.7, 3.9],
						"0.375": [0, 0.5, 3.9],
						"0.4583": [0, 0.5, 3.9],
						"0.5833": [0, 0.7, 3.9],
						"0.6667": [-0.04, 0.69, 3.87],
						"0.7083": [-0.1, 0.65, 3.8],
						"0.75": [-0.1, 0.65, 3.8],
						"0.9583": [-0.1, 0.9, 3.8]
					}
				},
				"firing_pin": {
					"rotation": {
						"0.0": [0, 0, 0],
						"0.25": [0, 0, 0],
						"0.3333": [0, 0, 0],
						"0.4583": [0, 0, 0],
						"0.5417": [0, 0, 0],
						"0.9583": [0, 0, 0]
					},
					"position": {
						"0.0": [0, 0, -0.21875],
						"0.25": [0, 0, -0.21875],
						"0.3333": [0, 0, 2.8],
						"0.4583": [0, 0, 2.8],
						"0.5417": [0, 0, 0],
						"0.9583": [0, 0, 0]
					}
				},
				"bolt": {
					"rotation": {
						"0.0": [0, 0, 0],
						"0.1667": [0, 0, 0],
						"0.25": [0, 0, 51],
						"0.3333": [0, 0, 51],
						"0.4583": [0, 0, 51],
						"0.5833": [0, 0, 51],
						"0.7083": [0, 0, 0],
						"0.9583": [0, 0, 0]
					},
					"position": {
						"0.0": [0, 0, 0],
						"0.1667": [0, 0, 0],
						"0.25": [0, 0, 0],
						"0.3333": [0, 0, 3],
						"0.4583": [0, 0, 3],
						"0.5833": [0, 0, 0],
						"0.7083": [0, 0, 0],
						"0.9583": [0, 0, 0]
					}
				},
				"ammo_in_mag": {
					"rotation": {
						"0.0": [0, 0, 0],
						"0.0417": [0, 0, 0],
						"0.0833": [0, 0, 0],
						"0.125": [0, 0, 0],
						"0.1667": [0, 0, 0],
						"0.2083": [0, 0, 0],
						"0.25": [0, 0, 0],
						"0.2917": [0, 0, 0],
						"0.3333": [0, 0, 0],
						"0.375": [0, 0, 0],
						"0.4167": [0, 0, 0],
						"0.4583": [0, 0, 0],
						"0.5": [0, 0, 0],
						"0.5417": [0, 0, 0],
						"0.5833": [0, 0, 0],
						"0.625": [0, 0, 0],
						"0.6667": [0, 0, 0],
						"0.7083": [0, 0, 0],
						"0.75": [0, 0, 0],
						"0.7917": [0, 0, 0],
						"0.8333": [0, 0, 0],
						"0.875": [0, 0, 0],
						"0.9167": [0, 0, 0],
						"0.9583": [0, 0, 0]
					},
					"position": {
						"0.0": [0, 0, 0],
						"0.0417": [0, 0, 0],
						"0.0833": [0, 0, 0],
						"0.125": [0, 0, 0],
						"0.1667": [0, 0, 0],
						"0.2083": [0, 0, 0],
						"0.25": [0, 0, 0],
						"0.2917": [0, 0, 0],
						"0.3333": [0, 0, 0],
						"0.375": [0, 0, 0],
						"0.4167": [0, 0, 0],
						"0.4583": [0, 0, 0],
						"0.5": [0, 0, 0],
						"0.5417": [0, 0, 0],
						"0.5833": [0, 0, 0],
						"0.625": [0, 0, 0],
						"0.6667": [0, 0, 0],
						"0.7083": [0, 0, 0],
						"0.75": [0, 0, 0],
						"0.7917": [0, 0, 0],
						"0.8333": [0, 0, 0],
						"0.875": [0, 0, 0],
						"0.9167": [0, 0, 0],
						"0.9583": [0, 0, 0]
					}
				},
				"mag_and_righthand": {
					"rotation": {
						"0.0": [0, 0, 0],
						"0.9583": [0, 0, 0]
					},
					"position": {
						"0.0": [0, 0, 0],
						"0.9583": [0, 0, 0]
					}
				},
				"Ammo_clip": {
					"rotation": {
						"0.0": [0, 0, 0],
						"0.9583": [0, 0, 0]
					},
					"position": {
						"0.0": [0, 0, 0],
						"0.9583": [0, 0, 0]
					}
				},
				"extra_ammo": {
					"rotation": {
						"0.0": [0, 0, 0],
						"0.9583": [0, 0, 0]
					},
					"position": {
						"0.0": [0, 0, 0],
						"0.9583": [0, 0, 0]
					}
				}
			}
		},
		"reload_start_clip": {
			"animation_length": 1.25,
			"bones": {
				"p14": {
					"rotation": {
						"0.0833": [2.72, 0.92, 6.2],
						"0.2083": [5.20498, 0.89736, 6.51824],
						"0.2917": [4.93344, 0.01401, 7.99189],
						"0.4167": [2.95271, -0.30319, 11.98809],
						"0.5": [2.98359, -0.555, 15.98269],
						"0.5833": [-8.14959, 0.43446, 1.03986],
						"0.6667": [-9.08598, 1.10246, -1.09266],
						"0.7083": [-7.12, 0.77, -0.03],
						"0.7917": [-6.08958, 0.98272, 1.95889],
						"0.8333": [-4.93, 0.98, 1.96],
						"0.875": [-4.93, 0.98, 1.96],
						"1.0417": [0.71719, -9.96622, 5.56229],
						"1.25": [-4.23479, -9.83613, -0.52708]
					},
					"position": {
						"0.0": [-0.1, 0.9, 3.8],
						"0.0833": [-0.1, 0.78, 3.8],
						"0.2083": [-0.1, 0.35, 3.8],
						"0.2917": [-0.1, 0.3, 3.8],
						"0.4167": [-0.1, 0.5, 3.8],
						"0.5": [-0.1, 0.7, 3.8],
						"0.5833": [-0.1, 1, 3.8],
						"0.6667": [-0.2, 0.99, 3.8],
						"0.7083": [-0.15, 0.8, 3.8],
						"0.7917": [-0.15, 0.7, 3.8],
						"0.8333": [-0.15, 0.58, 3.8],
						"0.875": [-0.15, 0.58, 3.8],
						"1.0417": [1.4, -0.5, 3.8],
						"1.25": [1.4, 0, 3.8]
					}
				},
				"lefthand_pos": {
					"rotation": {
						"0.0": [96.4, 312.26, -133.79],
						"0.0833": [89.75911, 311.93683, -124.84814],
						"0.1667": [89.75911, 311.93683, -124.84814],
						"0.25": [96.4, 312.26, -133.79]
					},
					"position": {
						"0.0": [0.06, 2.06, 25.76],
						"0.0833": [1.36, 2.66, 26.74],
						"0.1667": [1.36, 2.66, 29.34],
						"0.25": [0.06, 2.06, 29.34]
					},
					"scale": [1, 1.5, 1]
				},
				"bolt": {
					"rotation": {
						"0.0": [0, 0, 0],
						"0.375": [0, 0, 0],
						"0.5": [0, 0, 51],
						"0.5833": [0, 0, 51],
						"0.875": [0, 0, 51]
					},
					"position": {
						"0.0": [0, 0, 0],
						"0.375": [0, 0, 0],
						"0.5": [0, 0, 0],
						"0.5833": [0, 0, 3],
						"0.875": [0, 0, 3]
					}
				},
				"firing_pin": {
					"rotation": {
						"0.0": [0, 0, 0],
						"0.5": [0, 0, 0],
						"0.5833": [0, 0, 0]
					},
					"position": {
						"0.0": [0, 0, -0.21875],
						"0.5": [0, 0, -0.21875],
						"0.5833": [0, 0, 2.78]
					}
				},
				"ammo_in_mag": {
					"rotation": {
						"0.0": [0, 0, 0],
						"0.0417": [0, 0, 0],
						"0.0833": [0, 0, 0],
						"0.125": [0, 0, 0],
						"0.1667": [0, 0, 0],
						"0.2083": [0, 0, 0],
						"0.25": [0, 0, 0],
						"0.2917": [0, 0, 0],
						"0.3333": [0, 0, 0],
						"0.375": [0, 0, 0],
						"0.4167": [0, 0, 0],
						"0.4583": [0, 0, 0],
						"0.5": [0, 0, 0],
						"0.5417": [0, 0, 0],
						"0.5833": [0, 0, 0],
						"0.625": [0, 0, 0],
						"0.6667": [0, 0, 0],
						"0.7083": [0, 0, 0],
						"0.75": [0, 0, 0],
						"0.7917": [0, 0, 0],
						"0.8333": [0, 0, 0],
						"0.875": [0, 0, 0],
						"0.9167": [0, 0, 0],
						"0.9583": [0, 0, 0],
						"1.0": [0, 0, 0],
						"1.0417": [0, 0, 0],
						"1.0833": [0, 0, 0],
						"1.125": [0, 0, 0],
						"1.1667": [0, 0, 0],
						"1.2083": [0, 0, 0],
						"1.25": [0, 0, 0]
					},
					"position": {
						"0.0": [0, -0.2, 0],
						"0.0417": [0, -0.2, 0],
						"0.0833": [0, -0.2, 0],
						"0.125": [0, -0.2, 0],
						"0.1667": [0, -0.2, 0],
						"0.2083": [0, -0.2, 0],
						"0.25": [0, -0.2, 0],
						"0.2917": [0, -0.2, 0],
						"0.3333": [0, -0.2, 0],
						"0.375": [0, -0.2, 0],
						"0.4167": [0, -0.2, 0],
						"0.4583": [0, -0.2, 0],
						"0.5": [0, -0.2, 0],
						"0.5417": [0, -0.2, 0],
						"0.5833": [0, -0.2, 0],
						"0.625": [0, -0.2, 0],
						"0.6667": [0, -0.2, 0],
						"0.7083": [0, -0.2, 0],
						"0.75": [0, -0.2, 0],
						"0.7917": [0, -0.2, 0],
						"0.8333": [0, -0.2, 0],
						"0.875": [0, -0.2, 0],
						"0.9167": [0, -0.2, 0],
						"0.9583": [0, -0.2, 0],
						"1.0": [0, -0.2, 0],
						"1.0417": [0, -0.2, 0],
						"1.0833": [0, -0.2, 0],
						"1.125": [0, -0.2, 0],
						"1.1667": [0, -0.2, 0],
						"1.2083": [0, -0.2, 0],
						"1.25": [0, -0.2, 0]
					}
				},
				"mag_and_righthand": {
					"rotation": {
						"0.0": [0, 0, 0],
						"1.0417": [0, 0, 0],
						"1.25": [-11.68, -1.02, -9.87]
					},
					"position": {
						"0.0": [0, 0, 0],
						"1.0417": [0, 0, 0],
						"1.25": [1.36, 10.66, -8.52]
					}
				},
				"righthand_pos": {
					"rotation": {
						"0.0": [120.87, 365.89, -152.95],
						"0.2083": [120.87, 365.89, -152.95],
						"0.375": [120.67718, 366.91337, -154.67915],
						"0.5": [121.32831, 361.75287, -146.08601],
						"0.5833": [121.33, 361.75, -146.09],
						"0.875": [121.33, 361.75, -146.09],
						"1.0417": [121.7, 351.51, -152.37],
						"1.25": [121.7, 351.51, -152.37]
					},
					"position": {
						"0.0": [7.7, -5.6, 25.5],
						"0.2083": [7.7, -5.6, 25.5],
						"0.375": [4.9, -4.9, 23.7],
						"0.5": [4.3, -4.9, 23.1],
						"0.5833": [4.3, -4.9, 25.8],
						"0.875": [4.3, -4.9, 25.8],
						"1.0417": [6.5, -10.6, 33.8],
						"1.25": [6.5, -10.6, 33.8]
					},
					"scale": [1, 1.5, 1]
				},
				"Ammo_clip": {
					"rotation": {
						"0.0": [0, 0, 0],
						"1.25": [0, 0, 0]
					},
					"position": {
						"0.0": [0, 0, 0],
						"1.25": [0, 0, 0]
					}
				},
				"clip": {
					"rotation": {
						"0.0": [0, 0, 0],
						"1.25": [0, 0, 0]
					},
					"position": {
						"0.0": [0, 0, 0],
						"1.25": [0, 0, 0]
					}
				},
				"ammunition": {
					"rotation": {
						"0.0": [0, 0, 0],
						"1.25": [0, 0, 0]
					},
					"position": {
						"0.0": [0, 0, 0],
						"1.25": [0, 0, 0]
					}
				}
			}
		},
		"reload_load_clip": {
			"animation_length": 1.4167,
			"bones": {
				"lefthand_pos": {
					"rotation": {
						"0.0417": [96.4, 312.26, -133.79],
						"0.125": [96.4, 312.26, -133.79],
						"1.4167": [96.4, 312.26, -133.79]
					},
					"position": {
						"0.0417": [0.06, 2.06, 29.34],
						"0.125": [0.06, 2.06, 29.34],
						"1.4167": [0.06, 2.06, 29.34]
					},
					"scale": {
						"0.0417": [1, 1.5, 1],
						"1.4167": [1, 1.5, 1]
					}
				},
				"bolt": {
					"rotation": {
						"0.0417": [0, 0, 51],
						"0.125": [0, 0, 51],
						"1.4167": [0, 0, 51]
					},
					"position": {
						"0.0417": [0, 0, 3],
						"0.125": [0, 0, 3],
						"1.4167": [0, 0, 3]
					},
					"scale": {
						"0.0417": [1, 1, 1],
						"1.4167": [1, 1, 1]
					}
				},
				"ammo_in_mag": {
					"rotation": {
						"0.0": [0, 0, 0],
						"0.0417": [0, 0, 0],
						"0.0833": [0, 0, 0],
						"0.125": [0, 0, 0],
						"0.1667": [0, 0, 0],
						"0.2083": [0, 0, 0],
						"0.25": [0, 0, 0],
						"0.2917": [0, 0, 0],
						"0.3333": [0, 0, 0],
						"0.375": [0, 0, 0],
						"0.4167": [0, 0, 0],
						"0.4583": [0, 0, 0],
						"0.5": [0, 0, 0],
						"0.5417": [0, 0, 0],
						"0.5833": [0, 0, 0],
						"0.625": [0, 0, 0],
						"0.6667": [0, 0, 0],
						"0.7083": [0, 0, 0],
						"0.75": [0, 0, 0],
						"0.7917": [0, 0, 0],
						"0.8333": [0, 0, 0],
						"0.875": [0, 0, 0],
						"0.9167": [0, 0, 0],
						"0.9583": [0, 0, 0],
						"1.0": [0, 0, 0],
						"1.0417": [0, 0, 0],
						"1.0833": [0, 0, 0],
						"1.125": [0, 0, 0],
						"1.1667": [0, 0, 0],
						"1.2083": [0, 0, 0],
						"1.25": [0, 0, 0],
						"1.2917": [0, 0, 0],
						"1.3333": [0, 0, 0],
						"1.375": [0, 0, 0],
						"1.4167": [0, 0, 0]
					},
					"position": {
						"0.0": [0, -0.2, 0],
						"0.0417": [0, -0.2, 0],
						"0.0833": [0, -0.2, 0],
						"0.125": [0, -0.2, 0],
						"0.1667": [0, -0.2, 0],
						"0.2083": [0, -0.2, 0],
						"0.25": [0, -0.2, 0],
						"0.2917": [0, -0.2, 0],
						"0.3333": [0, -0.2, 0],
						"0.375": [0, -0.2, 0],
						"0.4167": [0, -0.2, 0],
						"0.4583": [0, -0.2, 0],
						"0.5": [0, -0.2, 0],
						"0.5417": [0, -0.2, 0],
						"0.5833": [0, -0.2, 0],
						"0.625": [0, -0.2, 0],
						"0.6667": [0, -0.2, 0],
						"0.7083": [0, -0.2, 0],
						"0.75": [0, -0.2, 0],
						"0.7917": [0, -0.2, 0],
						"0.8333": [0, -0.2, 0],
						"0.875": [0, -0.2, 0],
						"0.9167": [0, -0.2, 0],
						"0.9583": [0, -0.2, 0],
						"1.0": [0, -0.2, 0],
						"1.0417": [0, -0.2, 0],
						"1.0833": [0, -0.2, 0],
						"1.125": [0, -0.2, 0],
						"1.1667": [0, -0.2, 0],
						"1.2083": [0, -0.2, 0],
						"1.25": [0, -0.2, 0],
						"1.2917": [0, -0.2, 0],
						"1.3333": [0, -0.2, 0],
						"1.375": [0, -0.2, 0],
						"1.4167": [0, -0.2, 0]
					}
				},
				"bullet_in_barrel": {
					"rotation": {
						"0.0417": [0, 0, 0],
						"1.4167": [0, 0, 0]
					},
					"position": {
						"0.0417": [0, -2, -0.9],
						"1.4167": [0, -2, -0.9]
					},
					"scale": {
						"0.0417": [1, 1, 1],
						"1.4167": [1, 1, 1]
					}
				},
				"mag_and_righthand": {
					"rotation": {
						"0.0": [-9.34, -0.82, -7.9],
						"0.0417": [-11.68, -1.02, -9.87],
						"0.0833": [-14.02, -1.23, -11.84],
						"0.25": [-5.73962, -1.7513, -16.9122],
						"0.2917": [-4.59, -1.4, -13.53],
						"0.375": [0, 0, 0],
						"1.375": [0, 0, 0]
					},
					"position": {
						"0.0": [1.09, 8.53, -6.82],
						"0.0417": [1.36, 10.66, -8.52],
						"0.0833": [1.63, 12.79, -10.22],
						"0.25": [2.9, 11.7, -14.6],
						"0.2917": [2.86, 10.68, -14.54],
						"0.375": [2.7, 6.6, -14.3],
						"1.375": [2.7, 6.6, -14.3]
					},
					"scale": {
						"0.0": [1, 1, 1],
						"1.375": [1, 1, 1]
					}
				},
				"righthand_pos": {
					"rotation": {
						"0.0417": [121.7, 351.51, -152.37],
						"0.0833": [121.7, 351.51, -152.37],
						"0.125": [121.7, 351.51, -152.37],
						"0.5833": [121.7, 351.51, -152.37],
						"0.7917": [128.47697, 348.55631, -125.50079],
						"0.8333": [128.47697, 348.55631, -125.50079],
						"0.875": [128.35866, 349.34349, -124.86686],
						"0.9583": [127.81857, 354.06753, -121.1275],
						"1.0": [127.69531, 360.64517, -123.64397],
						"1.0833": [127.69531, 360.64517, -123.64397],
						"1.4167": [135.33564, 373.49354, -148.07108]
					},
					"position": {
						"0.0417": [6.5, -10.6, 33.8],
						"0.0833": [6.5, -10.6, 33.8],
						"0.125": [6.5, -10.6, 33.8],
						"0.5833": [6.5, -10.6, 33.8],
						"0.7917": [-1.3, -12.5, 31.7],
						"0.8333": [-1.3, -12.5, 31.7],
						"0.875": [-1.4, -12.5, 31.7],
						"0.9583": [-2.7, -12.5, 32.4],
						"1.0": [-3, -12.5, 33.3],
						"1.0833": [-3, -12.5, 33.3],
						"1.4167": [-2, -12.9, 39.6]
					},
					"scale": {
						"0.0417": [1, 1.5, 1],
						"0.125": [1, 1.5, 1],
						"1.4167": [1, 1.5, 1]
					}
				},
				"Ammo_clip": {
					"rotation": {
						"0.0417": [0, 0, 0],
						"0.0833": [0, 0, 0],
						"0.125": [0, 0, 0],
						"0.4167": [0, 0, 0],
						"1.4167": [0, 0, 0]
					},
					"position": {
						"0.0417": [0, 0, 0],
						"0.0833": [0, 0, 0],
						"0.125": [0, 0, 0],
						"0.4167": [0, 0, 0],
						"1.4167": [0, 0, 0]
					},
					"scale": {
						"0.0417": [1, 1, 1],
						"1.4167": [1, 1, 1]
					}
				},
				"clip": {
					"rotation": {
						"0.0417": [0, 0, 0],
						"0.0833": [0, 0, 0],
						"0.125": [0, 0, 0],
						"1.4167": [0, 0, 0]
					},
					"position": {
						"0.0417": [0, 0, 0],
						"0.0833": [0, 0, 0],
						"0.125": [0, 0, 0],
						"1.4167": [0, 0, 0]
					},
					"scale": {
						"0.0417": [1, 1, 1],
						"1.4167": [1, 1, 1]
					}
				},
				"ammunition": {
					"rotation": {
						"0.0417": [0, 0, 0],
						"0.0833": [0, 0, 0],
						"0.125": [0, 0, 0],
						"0.8333": [0, 0, 0],
						"0.875": [0, 0, 6],
						"0.9583": [0, 0, 5],
						"1.0": [0, 0, 0],
						"1.0833": [0, 0, 0],
						"1.4167": [0, 0, 0]
					},
					"position": {
						"0.0417": [0, 0, 0],
						"0.0833": [0, 0, 0],
						"0.125": [0, 0, 0],
						"0.8333": [0, 0, 0],
						"0.875": [0, 0, 0],
						"0.9583": [0, -1.2, 0],
						"1.0": [0, -2.2, 0],
						"1.0833": [0, -2.2, 0],
						"1.4167": [0, -2.2, 0]
					},
					"scale": {
						"0.0417": [1, 1, 1],
						"1.4167": [1, 1, 1]
					}
				}
			}
		},
		"reload_clip_end": {
			"animation_length": 1.375,
			"bones": {
				"lefthand_pos": {
					"rotation": {
						"0.0": [96.4, 312.26, -133.79],
						"0.6667": [96.4, 312.26, -133.79],
						"0.7083": [89.75911, 311.93683, -124.84814],
						"0.7917": [89.75911, 311.93683, -124.84814],
						"0.8333": [96.4, 312.26, -133.79],
						"1.375": [96.4, 312.26, -133.79]
					},
					"position": {
						"0.0": [0.06, 2.06, 29.34],
						"0.6667": [0.06, 2.06, 29.34],
						"0.7083": [1.36, 2.66, 29.34],
						"0.7917": [1.36, 2.66, 26.74],
						"0.8333": [0.06, 2.06, 25.76],
						"1.375": [0.06, 2.06, 25.76]
					},
					"scale": [1, 1.5, 1]
				},
				"bolt": {
					"rotation": {
						"0.0": [0, 0, 51],
						"0.125": [0, 0, 51],
						"0.1667": [0, 0, 51],
						"0.25": [0, 0, 51],
						"0.2917": [0, 0, 0],
						"1.375": [0, 0, 0]
					},
					"position": {
						"0.0": [0, 0, 3],
						"0.125": [0, 0, 3],
						"0.1667": [0, 0, 0],
						"0.25": [0, 0, 0],
						"0.2917": [0, 0, 0],
						"1.375": [0, 0, 0]
					},
					"scale": 1
				},
				"ammo_in_mag": {
					"rotation": {
						"0.0": [0, 0, 0],
						"0.0417": [0, 0, 0],
						"0.0833": [0, 0, 0],
						"0.125": [0, 0, 0],
						"0.1667": [0, 0, 0],
						"0.2083": [0, 0, 0],
						"0.25": [0, 0, 0],
						"0.2917": [0, 0, 0],
						"0.3333": [0, 0, 0],
						"0.375": [0, 0, 0],
						"0.4167": [0, 0, 0],
						"0.4583": [0, 0, 0],
						"0.5": [0, 0, 0],
						"0.5417": [0, 0, 0],
						"0.5833": [0, 0, 0],
						"0.625": [0, 0, 0],
						"0.6667": [0, 0, 0],
						"0.7083": [0, 0, 0],
						"0.75": [0, 0, 0],
						"0.7917": [0, 0, 0],
						"0.8333": [0, 0, 0],
						"0.875": [0, 0, 0],
						"0.9167": [0, 0, 0],
						"0.9583": [0, 0, 0],
						"1.0": [0, 0, 0],
						"1.0417": [0, 0, 0],
						"1.0833": [0, 0, 0],
						"1.125": [0, 0, 0],
						"1.1667": [0, 0, 0],
						"1.2083": [0, 0, 0],
						"1.25": [0, 0, 0],
						"1.2917": [0, 0, 0],
						"1.3333": [0, 0, 0],
						"1.375": [0, 0, 0]
					},
					"position": {
						"0.0": [0, -0.2, 0],
						"0.0417": [0, -0.2, 0],
						"0.0833": [0, -0.2, 0],
						"0.125": [0, -0.2, 0],
						"0.1667": [0, -0.2, 0],
						"0.2083": [0, -0.2, 0],
						"0.25": [0, -0.2, 0],
						"0.2917": [0, -0.2, 0],
						"0.3333": [0, -0.2, 0],
						"0.375": [0, -0.2, 0],
						"0.4167": [0, -0.2, 0],
						"0.4583": [0, -0.2, 0],
						"0.5": [0, -0.2, 0],
						"0.5417": [0, -0.2, 0],
						"0.5833": [0, -0.2, 0],
						"0.625": [0, -0.2, 0],
						"0.6667": [0, -0.2, 0],
						"0.7083": [0, -0.2, 0],
						"0.75": [0, -0.2, 0],
						"0.7917": [0, -0.2, 0],
						"0.8333": [0, -0.2, 0],
						"0.875": [0, -0.2, 0],
						"0.9167": [0, -0.2, 0],
						"0.9583": [0, -0.2, 0],
						"1.0": [0, -0.2, 0],
						"1.0417": [0, -0.2, 0],
						"1.0833": [0, -0.2, 0],
						"1.125": [0, -0.2, 0],
						"1.1667": [0, -0.2, 0],
						"1.2083": [0, -0.2, 0],
						"1.25": [0, -0.2, 0],
						"1.2917": [0, -0.2, 0],
						"1.3333": [0, -0.2, 0],
						"1.375": [0, -0.2, 0]
					},
					"scale": 1
				},
				"bullet_in_barrel": {
					"rotation": {
						"0.0": [0, 0, 0],
						"1.375": [0, 0, 0]
					},
					"position": {
						"0.0": [0, -2, -0.9],
						"1.375": [0, -2, -0.9]
					},
					"scale": 1
				},
				"mag_and_righthand": {
					"rotation": {
						"0.0": [0, 0, 0],
						"0.4583": [0, 0, 0],
						"0.625": [0, 0, 0],
						"1.375": [0, 0, 0]
					},
					"position": {
						"0.0": [2.7, 6.6, -14.3],
						"0.4583": [2.7, 6.6, -14.3],
						"0.625": [0, 0, 0],
						"1.375": [0, 0, 0]
					},
					"scale": 1
				},
				"righthand_pos": {
					"rotation": {
						"0.0": [135.34, 373.49, -148.07],
						"0.0833": [135.33564, 373.49354, -148.07108],
						"0.125": [135.33564, 373.49354, -148.07108],
						"0.1667": [135.34, 373.49, -148.07],
						"0.25": [135.34, 373.49, -148.07],
						"0.2917": [133.14631, 380.47742, -155.55635],
						"0.4583": [133.14631, 380.47742, -155.55635],
						"0.625": [120.87, 365.89, -152.95],
						"1.375": [120.87, 365.89, -152.95]
					},
					"position": {
						"0.0": [-2, -12.9, 39.6],
						"0.0833": [-2, -12.9, 39.6],
						"0.125": [-2, -12.9, 39.6],
						"0.1667": [-2, -12.9, 36.5],
						"0.25": [-2, -12.9, 36],
						"0.2917": [-1.8, -12.9, 37],
						"0.4583": [-1.8, -12.9, 37],
						"0.625": [7.7, -5.6, 25.5],
						"1.375": [7.7, -5.6, 25.5]
					},
					"scale": [1, 1.5, 1]
				},
				"Ammo_clip": {
					"rotation": {
						"0.0": [0, 0, 0],
						"1.375": [0, 0, 0]
					},
					"position": {
						"0.0": [0, 0, 0],
						"1.375": [0, 0, 0]
					},
					"scale": 1
				},
				"clip": {
					"rotation": {
						"0.0": [0, 0, 0],
						"0.125": [0, 0, 0],
						"0.1667": [0, 0, 37],
						"0.2083": [0, 0, 116],
						"0.25": [-22.73927, -10.6765, 92.15285],
						"0.2917": [-28.50016, -22.10155, 76.74728],
						"0.3333": [-45.01266, -37.5993, 59.93129],
						"0.5": [33.36198, -47.88467, -40.28373],
						"0.5417": [25.02, -35.91, -30.21],
						"0.8333": [0, 0, 0],
						"1.375": [0, 0, 0]
					},
					"position": {
						"0.0": [0, 0, 0],
						"0.125": [0, 0, 0],
						"0.1667": [-1.8, 0.4, 0],
						"0.2083": [-4.1, 0, 0],
						"0.25": [-5.3, -0.5, -0.6],
						"0.3333": [-6.7, -3.3, -3.2],
						"0.5": [-6.7, -8, -5.9],
						"0.5417": [-5.02, -22.2, -4.42],
						"0.8333": [0, 0, 0],
						"1.375": [0, 0, 0]
					},
					"scale": 1
				},
				"ammunition": {
					"rotation": {
						"0.0": [0, 0, 0],
						"0.2917": [0, 0, 0],
						"0.625": [0, 0, 0],
						"1.375": [0, 0, 0]
					},
					"position": {
						"0.0": [0, -2.2, 0],
						"0.2917": [0, -2.2, 0],
						"0.4583": [0, -3.9, 0],
						"0.625": [0, 0, 0],
						"1.375": [0, 0, 0]
					},
					"scale": 1
				}
			}
		}
	}
}