{
	"format_version": "1.8.0",
	"animations": {
		"static_idle": {
			"animation_length": 0.1,
			"bones": {
				"lefthand": {
					"rotation": [107.69108, -32.75736, -156.00452],
					"position": [8.2, -11.9, -2.2],
					"scale": [1, 1.5, 1]
				},
				"righthand": {
					"rotation": [89.49625, 6.99973, -180.06139],
					"position": [-6.85, -14.075, 8.775],
					"scale": [1, 1.5, 1]
				},
				"refit_view": {
					"position": [0, -1, 11]
				},
				"constraint": {
					"rotation": [0.2, 0.1, 0.2],
					"position": [0.2, 0.2, 0.4]
				},
				"stg44": {
					"position": [0, -2, 2]
				},
				"lefthand_pos": {
					"position": [0, 2, 0]
				},
				"mag_and_bullet": {
					"position": [0, -2, 2]
				}
			}
		},
		"static_semi": {
			"animation_length": 0.0333,
			"bones": {
				"switch": {
					"rotation": [0, 0, 0]
				}
			}
		},
		"static_auto": {
			"animation_length": 0.0333,
			"bones": {
				"switch": {
					"rotation": [-30, 0, 0]
				}
			}
		},
		"switch_semi": {
			"animation_length": 0.4667,
			"bones": {
				"lefthand": {
					"rotation": [107.69108, -32.75736, -156.00452],
					"position": [8.2, -11.9, -2.2],
					"scale": [1, 1.5, 1]
				},
				"righthand": {
					"rotation": {
						"0.0": [89.49625, 6.99973, -180.06139],
						"0.1": [100.34, 5.55, -176.23],
						"0.1667": [100.34, 5.55, -176.23],
						"0.2": [109.81218, 7.26732, -180.95556],
						"0.3": [109.81, 7.27, -180.96],
						"0.4333": [89.49625, 6.99973, -180.06139]
					},
					"position": {
						"0.0": [-6.85, -14.075, 8.775],
						"0.1": [-6.9, -13.38437, 8.67188],
						"0.1667": [-6.9, -13.38437, 8.67188],
						"0.2": [-6.79062, -13.07187, 8.53125],
						"0.3": [-6.79, -13.07187, 8.53125],
						"0.4333": [-6.85, -14.075, 8.775]
					},
					"scale": [1, 1.5, 1]
				},
				"refit_view": {
					"position": [0, -1, 11]
				},
				"constraint": {
					"rotation": [0.2, 0.1, 0.2],
					"position": [0.2, 0.2, 0.4]
				},
				"root": {
					"rotation": {
						"0.0": {
							"post": [0, 0, 0],
							"lerp_mode": "catmullrom"
						},
						"0.1": {
							"post": [0.3437, -0.38591, 0.28113],
							"lerp_mode": "catmullrom"
						},
						"0.1667": {
							"post": [0.42136, -0.41226, 0.34345],
							"lerp_mode": "catmullrom"
						},
						"0.2333": {
							"post": [0.67188, -0.29, 0.59375],
							"lerp_mode": "catmullrom"
						},
						"0.3333": {
							"post": [0.67563, -0.1025, 0.59125],
							"lerp_mode": "catmullrom"
						},
						"0.4333": {
							"post": [0, 0, 0],
							"lerp_mode": "catmullrom"
						}
					},
					"position": {
						"0.0": {
							"post": [0, 0, 0],
							"lerp_mode": "catmullrom"
						},
						"0.1": {
							"post": [-0.0625, 0.03125, 0],
							"lerp_mode": "catmullrom"
						},
						"0.1667": {
							"post": [-0.09375, 0.10688, 0],
							"lerp_mode": "catmullrom"
						},
						"0.2333": {
							"post": [-0.13687, 0.2475, 0],
							"lerp_mode": "catmullrom"
						},
						"0.3333": {
							"post": [-0.13187, 0.19688, 0],
							"lerp_mode": "catmullrom"
						},
						"0.4333": {
							"post": [0, 0, 0],
							"lerp_mode": "catmullrom"
						}
					}
				},
				"switch": {
					"rotation": {
						"0.0": [-30, 0, 0],
						"0.1667": [-30, 0, 0],
						"0.2": [0, 0, 0]
					}
				},
				"camera": {
					"rotation": {
						"0.0": [0, 0, 0],
						"0.1333": [0, 0, 0],
						"0.2": [0, 0, 0.575],
						"0.2667": [0, 0, -0.37],
						"0.3333": [0, 0, 0.105],
						"0.4333": [0, 0, 0]
					}
				},
				"stg44": {
					"position": [0, -2, 2]
				},
				"mag_and_bullet": {
					"position": [0, -2, 2]
				}
			}
		},
		"switch_auto": {
			"animation_length": 0.5,
			"bones": {
				"lefthand": {
					"rotation": [107.69108, -32.75736, -156.00452],
					"position": [8.2, -11.9, -2.2],
					"scale": [1, 1.5, 1]
				},
				"righthand": {
					"rotation": {
						"0.0": [89.49625, 6.99973, -180.06139],
						"0.1": [101.6433, 6.28588, -188.02183],
						"0.1667": [101.6433, 6.28588, -188.02183],
						"0.2": [93.92192, 4.35523, -176.64892],
						"0.3": [93.92192, 4.35523, -176.64892],
						"0.4333": [89.49625, 6.99973, -180.06139]
					},
					"position": {
						"0.0": [-6.85, -14.075, 8.775],
						"0.1": [-6.525, -13.11875, 8.75],
						"0.1667": [-6.525, -13.11875, 8.75],
						"0.2": [-6.85312, -13.4, 8.89063],
						"0.3": [-6.85312, -13.4, 8.89063],
						"0.4333": [-6.85, -14.075, 8.775]
					},
					"scale": [1, 1.5, 1]
				},
				"refit_view": {
					"position": [0, -1, 11]
				},
				"constraint": {
					"rotation": [0.2, 0.1, 0.2],
					"position": [0.2, 0.2, 0.4]
				},
				"root": {
					"rotation": {
						"0.0": {
							"post": [0, 0, 0],
							"lerp_mode": "catmullrom"
						},
						"0.1": {
							"post": [0.625, -0.29687, -0.71875],
							"lerp_mode": "catmullrom"
						},
						"0.1667": {
							"post": [0.88, -0.39375, -0.845],
							"lerp_mode": "catmullrom"
						},
						"0.2333": {
							"post": [0.45813, -0.2025, -0.4025],
							"lerp_mode": "catmullrom"
						},
						"0.3667": {
							"post": [0.35188, -0.19, -0.35437],
							"lerp_mode": "catmullrom"
						},
						"0.5": {
							"post": [0, 0, 0],
							"lerp_mode": "catmullrom"
						}
					},
					"position": {
						"0.0": {
							"post": [0, 0, 0],
							"lerp_mode": "catmullrom"
						},
						"0.1": {
							"post": [-0.04687, 0.125, 0],
							"lerp_mode": "catmullrom"
						},
						"0.1667": {
							"post": [-0.07812, 0.20813, 0],
							"lerp_mode": "catmullrom"
						},
						"0.2333": {
							"post": [-0.03312, -0.04, 0],
							"lerp_mode": "catmullrom"
						},
						"0.3667": {
							"post": [-0.03, -0.0525, 0],
							"lerp_mode": "catmullrom"
						},
						"0.5": {
							"post": [0, 0, 0],
							"lerp_mode": "catmullrom"
						}
					}
				},
				"switch": {
					"rotation": {
						"0.0": [0, 0, 0],
						"0.1667": [0, 0, 0],
						"0.2": [-30, 0, 0]
					}
				},
				"camera": {
					"rotation": {
						"0.1333": [0, 0, 0],
						"0.2": [0, 0, -0.575],
						"0.2667": [0, 0, 0.37],
						"0.3667": [0, 0, -0.105],
						"0.5": [0, 0, 0]
					}
				},
				"stg44": {
					"position": [0, -2, 2]
				},
				"mag_and_bullet": {
					"position": [0, -2, 2]
				}
			}
		},
		"static_bolt_caught": {
			"loop": true,
			"bones": {
				"holdrelease": {
					"rotation": [0, 0, 15]
				},
				"bolt": {
					"position": [0, 0, 0]
				},
				"bullet": {
					"scale": 0
				}
			}
		},
		"shoot": {
			"animation_length": 0.6667,
			"bones": {
				"root": {
					"rotation": {
						"0.0": {
							"post": [0, 0, 0],
							"lerp_mode": "catmullrom"
						},
						"0.0333": {
							"post": [0.16986, -0.11208, 2.14881],
							"lerp_mode": "catmullrom"
						},
						"0.0667": {
							"post": [-0.96137, -0.23295, -1.21862],
							"lerp_mode": "catmullrom"
						},
						"0.1": {
							"post": [-0.99135, 0.12866, 1.12246],
							"lerp_mode": "catmullrom"
						},
						"0.1667": {
							"post": [0.77838, 0.0674, -0.52417],
							"lerp_mode": "catmullrom"
						},
						"0.2333": {
							"post": [0.27498, -0.0036, 0.17499],
							"lerp_mode": "catmullrom"
						},
						"0.3667": {
							"post": [0.425, -0.2, 0.525],
							"lerp_mode": "catmullrom"
						},
						"0.5": {
							"post": [-0.07, -0.075, -0.05],
							"lerp_mode": "catmullrom"
						},
						"0.6333": {
							"post": [0, 0, 0],
							"lerp_mode": "catmullrom"
						}
					},
					"position": {
						"0.0": {
							"post": [0, 0, 0],
							"lerp_mode": "catmullrom"
						},
						"0.0333": {
							"post": [0, -0.025, 1.7],
							"lerp_mode": "catmullrom"
						},
						"0.0667": {
							"post": [0, -0.075, 1.555],
							"lerp_mode": "catmullrom"
						},
						"0.1667": {
							"post": [0, -0.175, -0.12],
							"lerp_mode": "catmullrom"
						},
						"0.2667": {
							"post": [0, -0.025, 0.1],
							"lerp_mode": "catmullrom"
						},
						"0.3667": {
							"post": [0, 0, 0],
							"lerp_mode": "catmullrom"
						}
					}
				},
				"bolt": {
					"position": {
						"0.0": [0, 0, 0],
						"0.0333": [0, 0, 6],
						"0.1": [0, 0, 0],
						"0.1667": [0, 0, 0.45],
						"0.2333": [0, 0, 0],
						"0.3": [0, 0, 0.175],
						"0.3667": [0, 0, 0]
					}
				},
				"bullet_in_barrel": {
					"scale": {
						"0.0": [0, 0, 0],
						"0.1667": [0, 0, 0],
						"0.2": [1, 1, 1]
					}
				},
				"camera": {
					"rotation": {
						"0.0": {
							"post": [0, 0, 0],
							"lerp_mode": "catmullrom"
						},
						"0.0333": {
							"post": [0, 0, 0.6],
							"lerp_mode": "catmullrom"
						},
						"0.0667": {
							"post": [0, 0, -0.4],
							"lerp_mode": "catmullrom"
						},
						"0.1333": {
							"post": [0, 0, 0.325],
							"lerp_mode": "catmullrom"
						},
						"0.2": {
							"post": [0, 0, -0.225],
							"lerp_mode": "catmullrom"
						},
						"0.2667": {
							"post": [0, 0, 0],
							"lerp_mode": "catmullrom"
						},
						"0.3667": {
							"post": [0, 0, 0],
							"lerp_mode": "catmullrom"
						}
					}
				},
				"constraint": {
					"rotation": {
						"0.0": [0.75, 0.5, 0.5],
						"0.2667": [0.002, 0.05, 0.006],
						"0.3333": [0, 0, 0]
					},
					"position": {
						"0.0": [0.25, 0.1, 0.55],
						"0.2667": [0.01, 0.01, 0.25],
						"0.3333": [0, 0, 0]
					}
				}
			}
		},
		"draw": {
			"animation_length": 0.7333,
			"bones": {
				"lefthand": {
					"rotation": [107.69108, -32.75736, -156.00452],
					"position": [8.2, -11.9, -2.2],
					"scale": [1, 1.5, 1]
				},
				"righthand": {
					"rotation": [89.49625, 6.99973, -180.06139],
					"position": [-6.85, -14.075, 8.775],
					"scale": [1, 1.5, 1]
				},
				"root": {
					"rotation": {
						"0.0": {
							"post": [0.811, -32.64455, 33.95463],
							"lerp_mode": "catmullrom"
						},
						"0.1": {
							"post": [5.88301, -29.75023, 5.08656],
							"lerp_mode": "catmullrom"
						},
						"0.2667": {
							"post": [0.28514, -4.44535, -0.52252],
							"lerp_mode": "catmullrom"
						},
						"0.3667": {
							"post": [-0.8526, -0.39013, -4.13439],
							"lerp_mode": "catmullrom"
						},
						"0.4333": {
							"post": [-0.01, -0.435, -0.76],
							"lerp_mode": "catmullrom"
						},
						"0.5": {
							"post": [1.01337, -0.38036, -1.29904],
							"lerp_mode": "catmullrom"
						},
						"0.6333": {
							"post": [0, 0.25, -1.25],
							"lerp_mode": "catmullrom"
						},
						"0.7333": {
							"post": [0, 0, 0],
							"lerp_mode": "catmullrom"
						}
					},
					"position": {
						"0.0": {
							"post": [-3.18, -5.58, 13.525],
							"lerp_mode": "catmullrom"
						},
						"0.1": {
							"post": [-0.9, -2.45, 2.7],
							"lerp_mode": "catmullrom"
						},
						"0.2333": {
							"post": [-0.25, -0.9425, -1.14],
							"lerp_mode": "catmullrom"
						},
						"0.3": {
							"post": [-0.03, -0.3025, -0.8],
							"lerp_mode": "catmullrom"
						},
						"0.4": {
							"post": [-0.03, -0.1475, -0.145],
							"lerp_mode": "catmullrom"
						},
						"0.5": {
							"post": [-0.01, -0.2, 0.065],
							"lerp_mode": "catmullrom"
						},
						"0.5667": {
							"post": [0, -0.08125, 0],
							"lerp_mode": "catmullrom"
						},
						"0.7333": {
							"post": [0, 0, 0],
							"lerp_mode": "catmullrom"
						}
					}
				},
				"camera": {
					"rotation": {
						"0.0": {
							"post": [0, 0, 0],
							"lerp_mode": "catmullrom"
						},
						"0.1667": {
							"post": [0.45, -0.175, 0.6],
							"lerp_mode": "catmullrom"
						},
						"0.4": {
							"post": [-0.1, 0.05, -0.175],
							"lerp_mode": "catmullrom"
						},
						"0.5": {
							"post": [0.05, 0, 0.05],
							"lerp_mode": "catmullrom"
						},
						"0.6667": {
							"post": [0, 0, 0],
							"lerp_mode": "catmullrom"
						}
					}
				},
				"stg44": {
					"position": [0, -2, 2]
				},
				"bolt": {
					"position": [0, 0, 0]
				},
				"lefthand_pos": {
					"position": [0, 2, 0]
				},
				"mag_and_bullet": {
					"position": [0, -2, 2]
				}
			},
			"sound_effects": {
				"0.0667": {
					"effect": "tacz:scar_h/p05_ar_schotel_reload_raise"
				}
			}
		},
		"put_away": {
			"animation_length": 0.4333,
			"bones": {
				"lefthand": {
					"rotation": {
						"0.0": [107.69108, -32.75736, -156.00452],
						"0.1333": [169.13843, 3.15772, -219.72112],
						"0.2667": [168.76095, 1.2363, -229.54249]
					},
					"position": {
						"0.0": [8.2, -11.9, -2.2],
						"0.0667": [8.66185, -10.53957, -1.25509],
						"0.1333": [8.08317, -8.39052, 0.52034],
						"0.2667": [8.08317, -8.39052, 0.52034]
					},
					"scale": [1, 1.5, 1]
				},
				"righthand": {
					"rotation": [89.49625, 6.99973, -180.06139],
					"position": [-6.85, -14.075, 8.775],
					"scale": [1, 1.5, 1]
				},
				"root": {
					"rotation": {
						"0.0": {
							"post": [0, 0, 0],
							"lerp_mode": "catmullrom"
						},
						"0.0667": {
							"post": [-0.51171, -3.6801, -4.19401],
							"lerp_mode": "catmullrom"
						},
						"0.1667": {
							"post": [4.36882, -11.73179, -10.29382],
							"lerp_mode": "catmullrom"
						},
						"0.2333": {
							"post": [11.60471, -21.56305, -3.66288],
							"lerp_mode": "catmullrom"
						},
						"0.3333": {
							"post": [16.97, -33.62, 3.38],
							"lerp_mode": "catmullrom"
						},
						"0.4333": {
							"post": [34.73, -44.04, -3.09],
							"lerp_mode": "catmullrom"
						}
					},
					"position": {
						"0.0": {
							"post": [0, 0, 0],
							"lerp_mode": "catmullrom"
						},
						"0.0667": {
							"post": [0, -0.49, -0.02],
							"lerp_mode": "catmullrom"
						},
						"0.1667": {
							"post": [-0.52, -1.47, -0.56],
							"lerp_mode": "catmullrom"
						},
						"0.2333": {
							"post": [-0.36, -2.92, -0.84],
							"lerp_mode": "catmullrom"
						},
						"0.3333": {
							"post": [0.13, -5.86, -0.16],
							"lerp_mode": "catmullrom"
						},
						"0.4333": {
							"post": [1.72, -9.68, 0.16],
							"lerp_mode": "catmullrom"
						}
					}
				},
				"camera": {
					"rotation": {
						"0.0": {
							"post": [0, 0, 0],
							"lerp_mode": "catmullrom"
						},
						"0.1333": {
							"post": [0.35, 0.025, -0.225],
							"lerp_mode": "catmullrom"
						},
						"0.3": {
							"post": [0.1, 0.025, 0.075],
							"lerp_mode": "catmullrom"
						},
						"0.4333": {
							"post": [0, 0, 0],
							"lerp_mode": "catmullrom"
						}
					}
				},
				"stg44": {
					"position": [0, -2, 2]
				},
				"lefthand_pos": {
					"position": [0, 2, 0]
				},
				"mag_and_bullet": {
					"position": [0, -2, 2]
				}
			},
			"sound_effects": {
				"0.0333": {
					"effect": "tacz:scar_h/p05_ar_schotel_ubgl_drop_rattle"
				}
			}
		},
		"reload_empty": {
			"animation_length": 2.8667,
			"bones": {
				"lefthand": {
					"rotation": {
						"0.0": [107.69, -32.76, -156],
						"0.0667": [105.46, -30.93, -146.07],
						"0.1333": [103.23, -29.11, -136.13],
						"0.2": [101, -27.29, -126.19],
						"0.2667": [98.77, -25.47, -116.26],
						"0.3": [97.65, -24.56, -111.29],
						"0.3333": [97.65, -24.56, -111.29],
						"0.4": [97.65, -24.56, -111.29],
						"0.4667": [97.65, -24.56, -111.29],
						"0.5333": [97.65, -24.56, -111.29],
						"0.6": [97.65, -24.56, -111.29],
						"0.6667": [97.65, -24.56, -111.29],
						"0.7333": [97.65, -24.56, -111.29],
						"0.8": [97.65, -24.56, -111.29],
						"0.8667": [97.65, -24.56, -111.29],
						"0.9333": [97.65, -24.56, -111.29],
						"1.0": [97.65, -24.56, -111.29],
						"1.0333": [97.65, -24.56, -111.29],
						"1.0667": [97.65, -24.56, -111.29],
						"1.1333": [97.65, -24.56, -111.29],
						"1.2": [97.65, -24.56, -111.29],
						"1.2667": [97.65, -24.56, -111.29],
						"1.3333": [97.65, -24.56, -111.29],
						"1.4": [97.65, -24.56, -111.29],
						"1.4667": [97.65, -24.56, -111.29],
						"1.5333": [97.65, -24.56, -111.29],
						"1.5667": [97.65, -24.56, -111.29],
						"1.6": [109.2, -26.65, -126.96],
						"1.6333": [125.54, -29.15, -149.09],
						"1.6667": [140.75, -28.17, -169.46],
						"1.7": [153.39, -20.41, -186.63],
						"1.7333": [164.9, -9.18, -202.04],
						"1.7667": [173.62, -0.53, -211.75],
						"1.8": [175.56, 0.57, -209.51],
						"1.8333": [177.51, 1.68, -207.26],
						"1.8667": [179.45, 2.79, -205.02],
						"1.9": [181.39, 3.9, -202.78],
						"1.9667": [184.94, 5.56, -201.34],
						"2.0333": [188.49765, 7.22189, -199.90728],
						"2.1": [155.38573, 2.26831, -225.03827],
						"2.1667": [137.13, -21.42, -219.99],
						"2.2333": [121.31242, -43.18487, -205.60127],
						"2.3": [113.51, -39.33, -179.9],
						"2.3667": [107.69108, -32.75736, -156.00452]
					},
					"position": {
						"0.0": [8.2, -11.9, -2.2],
						"0.0667": [7.97, -13.15, -1.01],
						"0.1333": [7.73, -14.41, 0.19],
						"0.2": [7.5, -15.66, 1.38],
						"0.2667": [7.27, -16.92, 2.58],
						"0.3": [7.15, -17.55, 3.18],
						"0.3333": [7.15, -17.55, 3.18],
						"0.4": [7.15, -17.55, 3.18],
						"0.4667": [7.15, -17.55, 3.18],
						"0.5333": [7.15, -17.55, 3.18],
						"0.6": [7.15, -17.55, 3.18],
						"0.6667": [7.15, -17.55, 3.18],
						"0.7333": [7.15, -17.55, 3.18],
						"0.8": [7.15, -17.55, 3.18],
						"0.8667": [7.15, -17.55, 3.18],
						"0.9333": [7.15, -17.55, 3.18],
						"1.0": [7.15, -17.55, 3.18],
						"1.0333": [7.15, -17.55, 3.18],
						"1.0667": [7.15, -17.55, 3.18],
						"1.1333": [7.15, -17.55, 3.18],
						"1.2": [7.15, -17.55, 3.18],
						"1.2667": [7.15, -17.55, 3.18],
						"1.3333": [7.15, -17.55, 3.18],
						"1.4": [7.15, -17.55, 3.18],
						"1.4667": [7.15, -17.55, 3.18],
						"1.5333": [7.15, -17.55, 3.18],
						"1.5667": [7.15, -17.55, 3.18],
						"1.6667": {
							"pre": [9.39, -14, 1.89],
							"post": [9.39, -14, 1.89],
							"lerp_mode": "catmullrom"
						},
						"1.7667": [9.175, -8.4, 2.955],
						"1.9": [9.175, -8.6, 2.955],
						"1.9667": [9.095, -8.6, 4.61],
						"2.0333": [9.095, -8.6, 4.61],
						"2.1": {
							"pre": [9.705, -11.87, 8.885],
							"post": [9.705, -11.87, 8.885],
							"lerp_mode": "catmullrom"
						},
						"2.2333": {
							"post": [9.9, -15.175, 5.455],
							"lerp_mode": "catmullrom"
						},
						"2.3667": [8.2, -11.9, -2.2]
					},
					"scale": [1, 1.5, 1]
				},
				"righthand": {
					"rotation": [89.49625, 6.99973, -180.06139],
					"position": [-6.85, -14.075, 8.775],
					"scale": [1, 1.5, 1]
				},
				"root": {
					"rotation": {
						"0.0": {
							"post": [0, 0, 0],
							"lerp_mode": "catmullrom"
						},
						"0.1333": {
							"post": [-3.49555, -0.81508, 3.05538],
							"lerp_mode": "catmullrom"
						},
						"0.3": {
							"post": [-6.77915, -2.53345, -7.84739],
							"lerp_mode": "catmullrom"
						},
						"0.3667": {
							"post": [-7.87862, -3.64818, -10.52572],
							"lerp_mode": "catmullrom"
						},
						"0.4333": {
							"post": [-8.8603, -3.86241, -6.62741],
							"lerp_mode": "catmullrom"
						},
						"0.5333": {
							"post": [-8.73621, -2.74727, -1.87501],
							"lerp_mode": "catmullrom"
						},
						"0.6333": {
							"post": [-13.09623, -8.67173, -8.11656],
							"lerp_mode": "catmullrom"
						},
						"0.7333": {
							"post": [-20.6171, -14.2888, -17.82616],
							"lerp_mode": "catmullrom"
						},
						"0.8333": {
							"post": [-25.76586, -33.00324, -29.70148],
							"lerp_mode": "catmullrom"
						},
						"0.9333": {
							"post": [-22.19264, -39.63697, -39.91232],
							"lerp_mode": "catmullrom"
						},
						"1.1": {
							"post": [-21.42948, -38.12554, -39.74042],
							"lerp_mode": "catmullrom"
						},
						"1.2333": {
							"post": [-21.29159, -38.96497, -41.45368],
							"lerp_mode": "catmullrom"
						},
						"1.3667": {
							"post": [-23.69501, -38.86025, -37.53157],
							"lerp_mode": "catmullrom"
						},
						"1.4": {
							"post": [-21.33661, -40.67129, -43.33577],
							"lerp_mode": "catmullrom"
						},
						"1.4333": {
							"post": [-17.51248, -42.17814, -48.55021],
							"lerp_mode": "catmullrom"
						},
						"1.5333": {
							"post": [-19.96251, -40.11132, -38.41785],
							"lerp_mode": "catmullrom"
						},
						"1.6333": {
							"post": [-21.88778, -30.58079, -29.63565],
							"lerp_mode": "catmullrom"
						},
						"1.7333": {
							"post": [-23.1908, -12.26892, -2.49657],
							"lerp_mode": "catmullrom"
						},
						"1.8333": {
							"post": [-11.61388, -5.41404, 2.48103],
							"lerp_mode": "catmullrom"
						},
						"1.9": {
							"post": [-8.61, -3.465, 1.86],
							"lerp_mode": "catmullrom"
						},
						"1.9667": {
							"post": [-8.44778, -2.97641, 5.51303],
							"lerp_mode": "catmullrom"
						},
						"2.0": {
							"post": [-10.70316, -3.33396, 3.61274],
							"lerp_mode": "catmullrom"
						},
						"2.0667": {
							"post": [-8.8364, -0.09288, 10.91901],
							"lerp_mode": "catmullrom"
						},
						"2.1": {
							"post": [-4.85391, -0.71359, 6.38627],
							"lerp_mode": "catmullrom"
						},
						"2.1667": {
							"post": [-1.92838, -2.00642, 0.99896],
							"lerp_mode": "catmullrom"
						},
						"2.2667": {
							"post": [-2.86394, -2.24803, 4.50799],
							"lerp_mode": "catmullrom"
						},
						"2.3667": {
							"post": [-1.17724, -0.52456, -3.81208],
							"lerp_mode": "catmullrom"
						},
						"2.4667": {
							"post": [-1.53169, -1.64259, -5.70459],
							"lerp_mode": "catmullrom"
						},
						"2.5667": {
							"post": [-0.27794, 0.48501, -1.00445],
							"lerp_mode": "catmullrom"
						},
						"2.6667": {
							"post": [0, 0, 1.25],
							"lerp_mode": "catmullrom"
						},
						"2.7667": {
							"post": [0, 0, 0],
							"lerp_mode": "catmullrom"
						}
					},
					"position": {
						"0.0": {
							"post": [0, 0, 0],
							"lerp_mode": "catmullrom"
						},
						"0.1333": {
							"post": [0, -0.025, 0.35],
							"lerp_mode": "catmullrom"
						},
						"0.3": {
							"post": [-0.1, 0.6, 0.425],
							"lerp_mode": "catmullrom"
						},
						"0.4333": {
							"post": [-0.225, -0.725, 0.42],
							"lerp_mode": "catmullrom"
						},
						"0.5667": {
							"post": [-0.505, 0.03125, 0.12],
							"lerp_mode": "catmullrom"
						},
						"0.7": {
							"post": [-1.075, 0.315, -0.43],
							"lerp_mode": "catmullrom"
						},
						"0.8667": {
							"post": [-1.48, 2.11, -0.08],
							"lerp_mode": "catmullrom"
						},
						"0.9667": {
							"post": [-1.255, 2.635, -0.005],
							"lerp_mode": "catmullrom"
						},
						"1.1": {
							"post": [-1.155, 2.34, -0.13],
							"lerp_mode": "catmullrom"
						},
						"1.2333": {
							"post": [-1.28, 2.04, -0.13],
							"lerp_mode": "catmullrom"
						},
						"1.3667": {
							"post": [-1.33, 2.165, -0.13],
							"lerp_mode": "catmullrom"
						},
						"1.4": {
							"post": [-0.81, 1.13, -0.03],
							"lerp_mode": "catmullrom"
						},
						"1.4333": {
							"post": [-0.88, 0.965, 0.045],
							"lerp_mode": "catmullrom"
						},
						"1.5333": {
							"post": [-1.185, 0.97, -0.09],
							"lerp_mode": "catmullrom"
						},
						"1.6333": {
							"post": [-1.275, 0.075, -0.34],
							"lerp_mode": "catmullrom"
						},
						"1.7": {
							"post": [-1.29, -0.135, -0.34],
							"lerp_mode": "catmullrom"
						},
						"1.8333": {
							"post": [-0.935, 0.185, -0.335],
							"lerp_mode": "catmullrom"
						},
						"1.9": {
							"post": [-1.005, -0.355, -0.14],
							"lerp_mode": "catmullrom"
						},
						"1.9667": {
							"post": [-1, 0.115, 0.65],
							"lerp_mode": "catmullrom"
						},
						"2.0": {
							"post": [-1, 0.24, 0.375],
							"lerp_mode": "catmullrom"
						},
						"2.0667": {
							"post": [-0.985, 0.445, -0.165],
							"lerp_mode": "catmullrom"
						},
						"2.1333": {
							"post": [-0.965, -0.18, -0.375],
							"lerp_mode": "catmullrom"
						},
						"2.2333": {
							"post": [-0.87, -0.68, -1.47],
							"lerp_mode": "catmullrom"
						},
						"2.3333": {
							"post": [-0.25, -0.73, -1.27],
							"lerp_mode": "catmullrom"
						},
						"2.4667": {
							"post": [0.095, -0.15, -1.225],
							"lerp_mode": "catmullrom"
						},
						"2.5667": {
							"post": [0, -0.175, 0.5],
							"lerp_mode": "catmullrom"
						},
						"2.6667": {
							"post": [0, 0, -0.175],
							"lerp_mode": "catmullrom"
						},
						"2.7667": {
							"post": [0, 0, 0],
							"lerp_mode": "catmullrom"
						}
					}
				},
				"mag_and_lh": {
					"rotation": {
						"0.0": {
							"post": [0, 0, 0],
							"lerp_mode": "catmullrom"
						},
						"0.2": {
							"post": [-0.7061, 20.27135, -25.65768],
							"lerp_mode": "catmullrom"
						},
						"0.7667": {
							"post": [-0.7061, 20.27135, -25.65768],
							"lerp_mode": "catmullrom"
						},
						"0.9": {
							"post": [9.33, 1.83, -0.24],
							"lerp_mode": "catmullrom"
						},
						"0.9667": {
							"post": [7.38011, -2.97237, -2.71019],
							"lerp_mode": "catmullrom"
						},
						"1.0333": [-3, 0, -11],
						"1.1333": [0, 0, -10],
						"1.1667": [0, 0, -6.67],
						"1.2": [0, 0, 0],
						"1.3667": [0, 0, 0],
						"1.4": [0, 0, 0]
					},
					"position": {
						"0.0": {
							"post": [0, 0, 0],
							"lerp_mode": "catmullrom"
						},
						"0.1": {
							"post": [5.22, -1.29, 1.71],
							"lerp_mode": "catmullrom"
						},
						"0.2333": {
							"post": [8.19702, -13.17286, 5.1424],
							"lerp_mode": "catmullrom"
						},
						"0.7667": {
							"post": [-0.25298, -13.17286, 5.1424],
							"lerp_mode": "catmullrom"
						},
						"0.9": {
							"post": [0.75881, -5.98048, -0.23633],
							"lerp_mode": "catmullrom"
						},
						"0.9667": {
							"post": [0.39861, -4.5891, -0.99821],
							"lerp_mode": "catmullrom"
						},
						"1.0333": [0.775, -3.1, -1.025],
						"1.1333": [0.775, -3, -0.8],
						"1.1667": [0.52, -2.83, -0.53],
						"1.2": [0, -2.7, -0.175],
						"1.3667": [0, -2.7, -0.1],
						"1.4": [0, 0, 0]
					}
				},
				"lefthand_pos": {
					"rotation": {
						"0.0": [0, 0, 0],
						"2.1333": [0, 0, 0]
					},
					"position": {
						"0.0": [0, 2, 0],
						"1.6667": [0, 2, 0],
						"1.7": [0, -2, 3],
						"1.7333": [0, 0, 0],
						"1.7667": [0, 0.18, -2],
						"1.8": [0, 0.36, -3.6],
						"1.8667": [0, 0.72, -3.8],
						"1.9": [0, 0.9, -6.26],
						"1.9333": [0, 0.08, -5.22],
						"1.9667": [0, -0.54, -4.18],
						"2.0333": [0, -1.27, -2.09],
						"2.1": [0, 2, 0],
						"2.1667": [0, 2, 0],
						"2.2": [0, 2, 0],
						"2.2333": [0, 2, 0],
						"2.2667": [0, 2, 0],
						"2.3": [0, 2, 0],
						"2.3333": [0, 2, 0],
						"2.3667": [0, 2, 0]
					}
				},
				"mag_and_bullet": {
					"position": [0, -2, 2],
					"scale": {
						"0.0": [0, 0, 0],
						"0.7": [0, 0, 0],
						"0.7333": [1, 1, 1]
					}
				},
				"holdrelease": {
					"rotation": {
						"0.0": [0, 0, 15],
						"2.0333": [0, 0, 15],
						"2.0667": [0, 0, 0]
					}
				},
				"bolt": {
					"position": {
						"0.0": [0, 0, 0],
						"1.7333": [0, 0, 0],
						"1.7667": [0, 0, 3],
						"1.8": [0, 0, 4],
						"1.8667": [0, 0, 5.25],
						"2.0667": [0, 0, 5],
						"2.1": [0, 0, 0]
					}
				},
				"magrelease": {
					"position": {
						"0.2667": [0, 0, 0],
						"0.3": [0.125, 0, 0],
						"0.6333": [0.125, 0, 0],
						"0.6667": [0, 0, 0],
						"1.3667": [0, 0, 0],
						"1.4": [0.125, 0, 0],
						"1.4667": [0.125, 0, 0],
						"1.5": [0, 0, 0]
					}
				},
				"camera": {
					"rotation": {
						"0.0": {
							"post": [0, 0, 0],
							"lerp_mode": "catmullrom"
						},
						"0.2667": {
							"post": [-0.575, 0, 0.475],
							"lerp_mode": "catmullrom"
						},
						"0.4": {
							"post": [0.305, 0.125, -0.4],
							"lerp_mode": "catmullrom"
						},
						"0.5333": {
							"post": [0.65, 0.125, 0.825],
							"lerp_mode": "catmullrom"
						},
						"0.6667": {
							"post": [0.51, 0.04, -0.07],
							"lerp_mode": "catmullrom"
						},
						"0.8": {
							"post": [0.455, 0, 0.275],
							"lerp_mode": "catmullrom"
						},
						"1.1333": {
							"post": [1.51, 0.35, -0.6],
							"lerp_mode": "catmullrom"
						},
						"1.3667": {
							"post": [1.435, 0.5, -0.725],
							"lerp_mode": "catmullrom"
						},
						"1.4667": {
							"post": [2.49, 0.5, 0.125],
							"lerp_mode": "catmullrom"
						},
						"1.6": {
							"post": [1.51, 0.5, -1],
							"lerp_mode": "catmullrom"
						},
						"1.7333": {
							"post": [1.86, 0.35, -0.6],
							"lerp_mode": "catmullrom"
						},
						"1.8667": {
							"post": [1.17, 0.24, -0.73],
							"lerp_mode": "catmullrom"
						},
						"1.9667": {
							"post": [0.76, 0.175, -0.45],
							"lerp_mode": "catmullrom"
						},
						"2.0667": {
							"post": [1.585, 0.175, 0.35],
							"lerp_mode": "catmullrom"
						},
						"2.2": {
							"post": [0.49, 0.1, -0.725],
							"lerp_mode": "catmullrom"
						},
						"2.3333": {
							"post": [0.94, 0.1, -0.15],
							"lerp_mode": "catmullrom"
						},
						"2.4667": {
							"post": [0.27, 0.04, -0.215],
							"lerp_mode": "catmullrom"
						},
						"2.5667": {
							"post": [-0.2, 0, 0.15],
							"lerp_mode": "catmullrom"
						},
						"2.6667": {
							"post": [0.15, 0, -0.225],
							"lerp_mode": "catmullrom"
						},
						"2.7667": {
							"post": [-0.1, 0, 0.125],
							"lerp_mode": "catmullrom"
						},
						"2.8667": {
							"post": [0, 0, 0],
							"lerp_mode": "catmullrom"
						}
					}
				},
				"bullet": {
					"scale": {
						"0.0": [0, 0, 0],
						"0.3667": {
							"pre": [0, 0, 0],
							"post": [1, 1, 1]
						}
					}
				},
				"constraint": {
					"rotation": {
						"0.3": [0.2, 0.1, 0.2],
						"0.7333": [0.01, 0.02, 0.04],
						"2.2": [0.01, 0.02, 0.04],
						"2.5667": [0.2, 0.1, 0.2]
					},
					"position": {
						"0.3": [0.2, 0.2, 0.4],
						"0.7333": [0.05, 0.05, 0.1],
						"2.2": [0.05, 0.05, 0.1],
						"2.5667": [0.2, 0.2, 0.4]
					}
				},
				"stg44": {
					"position": [0, -2, 2]
				},
				"additional_magazine": {
					"rotation": [0, 0, 0],
					"position": {
						"0.3333": [0, 0, 0],
						"0.4333": [0, -11, 0]
					},
					"scale": {
						"0.4667": [1, 1, 1],
						"0.5": [0, 0, 0]
					}
				}
			},
			"sound_effects": {
				"0.0": {
					"effect": "tacz:scar_h/p05_ar_schotel_reload_empty_raise"
				},
				"0.0333": {
					"effect": "tacz:scar_h/p05_ar_schotel_reload_empty_magout"
				},
				"0.8667": {
					"effect": "tacz:mag_drop_sound/iw8_phys_mag_drop_ar_metal_dirt_04"
				},
				"1.0": {
					"effect": "tacz:scar_h/p05_ar_schotel_reload_empty_magin"
				},
				"1.7667": {
					"effect": "tacz:scar_h/p05_ar_schotel_reload_empty_charge"
				},
				"2.2": {
					"effect": "tacz:scar_h/p05_ar_schotel_reload_empty_end"
				}
			}
		},
		"reload_tactical": {
			"animation_length": 2.3333,
			"bones": {
				"lefthand": {
					"rotation": {
						"0.0": [107.69, -32.76, -156],
						"0.0667": [101.5, -26.45, -142.36],
						"0.1333": [95.31, -20.14, -128.72],
						"0.2": [89.12, -13.83, -115.08],
						"0.2667": [82.93, -7.52, -101.43],
						"0.3": [79.84, -4.36, -94.61],
						"0.3667": [79.84, -4.36, -94.61],
						"0.4333": [79.84, -4.36, -94.61],
						"0.5": [79.84, -4.36, -94.61],
						"0.5667": [79.84, -4.36, -94.61],
						"0.6333": [79.84, -4.36, -94.61],
						"0.7": [79.84, -4.36, -94.61],
						"0.8": [79.84, -4.36, -94.61],
						"0.9": [79.84, -4.36, -94.61],
						"1.0": [79.84, -4.36, -94.61],
						"1.1": [79.84, -4.36, -94.61],
						"1.2": [79.84, -4.36, -94.61],
						"1.3": [79.84, -4.36, -94.61],
						"1.3333": [79.84, -4.36, -94.61],
						"1.4": [108.59, -27.55, -135.68],
						"1.4667": [137.34, -50.75, -176.75],
						"1.5333": [108.59, -27.56, -135.68],
						"1.6": [79.84, -4.36, -94.61],
						"1.6667": [87.8, -12.47, -112.15],
						"1.7333": [95.75, -20.59, -129.69],
						"1.8": [103.71, -28.7, -147.23],
						"1.8333": [107.69, -32.76, -156]
					},
					"position": {
						"0.0": [8.2, -11.9, -2.2],
						"0.0667": [7.76, -13.25, -1.23],
						"0.1333": [7.31, -14.6, -0.25],
						"0.2": [6.87, -15.95, 0.72],
						"0.2667": [6.42, -17.3, 1.69],
						"0.3": [6.2, -17.98, 2.18],
						"0.3667": [6.2, -17.98, 2.18],
						"0.4333": [6.2, -17.98, 2.18],
						"0.5": [6.2, -17.98, 2.18],
						"0.5667": [6.2, -17.98, 2.18],
						"0.6333": [6.2, -17.98, 2.18],
						"0.7": [6.2, -17.98, 2.18],
						"0.8": [6.2, -17.98, 2.18],
						"0.9": [6.2, -17.98, 2.18],
						"1.0": [6.2, -17.98, 2.18],
						"1.1": [6.2, -17.98, 2.18],
						"1.2": [6.2, -17.98, 2.18],
						"1.3": [6.2, -17.98, 2.18],
						"1.3333": [6.2, -17.98, 2.18],
						"1.4": [6.60625, -21.53, 2.20375],
						"1.4667": [11.54954, -26.8681, 9.99255],
						"1.6": [11.54954, -26.8681, 12.36755],
						"1.7": [13.9, -19.15, 5.08],
						"1.7667": [10.63, -12.75, -1.695],
						"1.8": [9.42, -12.33, -1.95],
						"1.8333": [8.2, -11.9, -2.2]
					},
					"scale": [1, 1.5, 1]
				},
				"righthand": {
					"rotation": [89.49625, 6.99973, -180.06139],
					"position": [-6.85, -14.075, 8.775],
					"scale": [1, 1.5, 1]
				},
				"root": {
					"rotation": {
						"0.0": {
							"post": [0, 0, 0],
							"lerp_mode": "catmullrom"
						},
						"0.1333": {
							"post": [-2.99197, -2.34076, -3.81083],
							"lerp_mode": "catmullrom"
						},
						"0.2": {
							"post": [-12.10904, -5.51675, -10.10819],
							"lerp_mode": "catmullrom"
						},
						"0.3": {
							"post": [-23.11357, -19.36321, -23.07043],
							"lerp_mode": "catmullrom"
						},
						"0.3667": {
							"post": [-25.9588, -26.06981, -30.67374],
							"lerp_mode": "catmullrom"
						},
						"0.5333": {
							"post": [-28.86716, -26.78215, -27.32846],
							"lerp_mode": "catmullrom"
						},
						"0.6333": {
							"post": [-27.96077, -27.73393, -29.30727],
							"lerp_mode": "catmullrom"
						},
						"0.7": {
							"post": [-25.99921, -27.39747, -30.9734],
							"lerp_mode": "catmullrom"
						},
						"0.8": {
							"post": [-30.05831, -26.67402, -29.62769],
							"lerp_mode": "catmullrom"
						},
						"0.9333": {
							"post": [-17.73794, -34.20182, -46.06376],
							"lerp_mode": "catmullrom"
						},
						"1.0333": {
							"post": [-20.57138, -31.83872, -45.59599],
							"lerp_mode": "catmullrom"
						},
						"1.1667": {
							"post": [-17.23483, -33.49224, -49.92316],
							"lerp_mode": "catmullrom"
						},
						"1.2333": {
							"post": [-26.34197, -30.74158, -41.61953],
							"lerp_mode": "catmullrom"
						},
						"1.3333": {
							"post": [-15.4835, -30.54489, -49.46293],
							"lerp_mode": "catmullrom"
						},
						"1.5": {
							"post": [-21.97418, -28.22094, -40.20536],
							"lerp_mode": "catmullrom"
						},
						"1.6333": {
							"post": [-23.59477, -10.21438, -16.52437],
							"lerp_mode": "catmullrom"
						},
						"1.7333": {
							"post": [-15.31958, -2.96368, -5.03831],
							"lerp_mode": "catmullrom"
						},
						"1.8": {
							"post": [-9.07234, -1.20567, 6.00913],
							"lerp_mode": "catmullrom"
						},
						"1.8667": {
							"post": [-2.94771, -1.4232, 3.47003],
							"lerp_mode": "catmullrom"
						},
						"1.9333": {
							"post": [0.57324, -1.68438, -0.35369],
							"lerp_mode": "catmullrom"
						},
						"2.0667": {
							"post": [-0.78429, -0.96449, -3.00002],
							"lerp_mode": "catmullrom"
						},
						"2.1333": {
							"post": [-0.01963, 0.49961, 0.62491],
							"lerp_mode": "catmullrom"
						},
						"2.2333": {
							"post": [0, 0.375, -0.125],
							"lerp_mode": "catmullrom"
						},
						"2.3333": {
							"post": [0, 0, 0],
							"lerp_mode": "catmullrom"
						}
					},
					"position": {
						"0.0": {
							"post": [0, 0, 0],
							"lerp_mode": "catmullrom"
						},
						"0.1333": {
							"post": [-0.4, -0.6, 0.775],
							"lerp_mode": "catmullrom"
						},
						"0.2": {
							"post": [-0.595, -0.05, 0.74],
							"lerp_mode": "catmullrom"
						},
						"0.3": {
							"post": [-0.79, 1.435, 0.53],
							"lerp_mode": "catmullrom"
						},
						"0.3667": {
							"post": [-0.8, 2.275, 0.38],
							"lerp_mode": "catmullrom"
						},
						"0.4667": {
							"post": [-0.67, 2.415, 0.365],
							"lerp_mode": "catmullrom"
						},
						"0.5333": {
							"post": [-0.85, 1.95, 0.105],
							"lerp_mode": "catmullrom"
						},
						"0.5667": {
							"post": [-0.85, 1.925, 0.095],
							"lerp_mode": "catmullrom"
						},
						"0.6333": {
							"post": [-0.695, 1.68, 0.105],
							"lerp_mode": "catmullrom"
						},
						"0.6667": {
							"post": [-0.95, 2.235, 0.205],
							"lerp_mode": "catmullrom"
						},
						"0.7": {
							"post": [-1.04, 2.505, 0.365],
							"lerp_mode": "catmullrom"
						},
						"0.8": {
							"post": [-1.12, 2.63, 0.255],
							"lerp_mode": "catmullrom"
						},
						"0.9667": {
							"post": [-1.39, 1.95625, -0.265],
							"lerp_mode": "catmullrom"
						},
						"1.1": {
							"post": [-1.175, 2.025, -0.265],
							"lerp_mode": "catmullrom"
						},
						"1.1667": {
							"post": [-1.165, 1.99875, -0.265],
							"lerp_mode": "catmullrom"
						},
						"1.2": {
							"post": [-0.88, 1.215, -0.045],
							"lerp_mode": "catmullrom"
						},
						"1.2333": {
							"post": [-0.64, 1, 0.085],
							"lerp_mode": "catmullrom"
						},
						"1.3": {
							"post": [-0.92, 1.13, -0.315],
							"lerp_mode": "catmullrom"
						},
						"1.4": {
							"post": [-1.16, 0.995, -0.27],
							"lerp_mode": "catmullrom"
						},
						"1.5": {
							"post": [-0.905, 1.2, -0.165],
							"lerp_mode": "catmullrom"
						},
						"1.6333": {
							"post": [-0.995, 0.77, -0.05],
							"lerp_mode": "catmullrom"
						},
						"1.7667": {
							"post": [-0.845, 0.225, 0.135],
							"lerp_mode": "catmullrom"
						},
						"1.8667": {
							"post": [-0.69, -0.77, -0.775],
							"lerp_mode": "catmullrom"
						},
						"1.9333": {
							"post": [-0.265, -0.8, -1.135],
							"lerp_mode": "catmullrom"
						},
						"2.0": {
							"post": [0.11, -0.73, -0.325],
							"lerp_mode": "catmullrom"
						},
						"2.0667": {
							"post": [0.225, -0.25, 0.35],
							"lerp_mode": "catmullrom"
						},
						"2.1333": {
							"post": [0, 0.025, 0],
							"lerp_mode": "catmullrom"
						},
						"2.2333": {
							"post": [0, 0, 0.03125],
							"lerp_mode": "catmullrom"
						},
						"2.3": {
							"post": [0, 0, 0],
							"lerp_mode": "catmullrom"
						}
					}
				},
				"mag_and_lh": {
					"rotation": {
						"0.0": [0, 0, 0],
						"0.4333": [-76.1, -20.46, -9.17],
						"0.5": [-69.74946, -21.91786, -9.82227],
						"0.6333": [-69.74946, -21.91786, -9.82227],
						"0.7": [-69.75, -21.92, -9.82],
						"0.7667": [-53.31, -16.44, -7.37],
						"0.9333": [-5.96737, -0.62604, -5.96737],
						"1.0": [-3.99454, -0.20917, -2.99271],
						"1.0333": [-2.67, 0, 0],
						"1.1333": [-1.34, 0, 0],
						"1.1667": [0, 0, 0],
						"1.2333": [0, 0, 0]
					},
					"position": {
						"0.0": [0, 0, 0],
						"0.0667": [2.26, -1.28, 1.67],
						"0.1667": [4.975, -5.29, 4.17],
						"0.2667": [5.06, -9.31, 6.67],
						"0.4333": [2.455, -3.965, 2.135],
						"0.5": [1.175, -2.35, 2.05],
						"0.6333": [1.175, -2.35, 2.05],
						"0.7": [1.18, -5.375, 1.58],
						"0.7333": [1.03, -6.345, 0.73],
						"0.7667": [0.88, -6.14, -0.13],
						"0.8333": [0.29, -4.555, -1.18],
						"0.9333": [0.35, -3.025, -0.85],
						"1.0": [0.225, -2.725, -0.4],
						"1.0333": [0, -2.58, -0.27],
						"1.1333": [0, -2.44, -0.14],
						"1.1667": [0, -2.3, 0],
						"1.2333": [0, 0, 0]
					}
				},
				"mag_and_bullet": {
					"position": [0, -2, 2],
					"scale": {
						"0.0": [0, 0, 0],
						"0.2667": [0, 0, 0],
						"0.3": [1, 1, 1]
					}
				},
				"magrelease": {
					"position": {
						"0.5": [0, 0, 0],
						"0.5333": [0.125, 0, 0],
						"0.8667": [0.125, 0, 0],
						"0.9": [0, 0, 0],
						"1.1667": [0, 0, 0],
						"1.2": [0.125, 0, 0],
						"1.2667": [0.125, 0, 0],
						"1.3": [0, 0, 0]
					}
				},
				"bullet": {
					"scale": 1
				},
				"constraint": {
					"rotation": {
						"0.0": [0.2, 0.1, 0.2],
						"0.2": [0.01, 0.01, 0.04],
						"1.6333": [0.01, 0.01, 0.04],
						"2.0333": [0.2, 0.1, 0.2]
					},
					"position": {
						"0.0": [0.2, 0.2, 0.4],
						"0.2": [0.05, 0.05, 0.1],
						"1.6333": [0.05, 0.05, 0.1],
						"2.0333": [0.2, 0.2, 0.4]
					}
				},
				"camera": {
					"rotation": {
						"0.0": {
							"post": [0, 0, 0],
							"lerp_mode": "catmullrom"
						},
						"0.1333": {
							"post": [-0.32, 0, -0.125],
							"lerp_mode": "catmullrom"
						},
						"0.4": {
							"post": [2.1, 0.05, -0.8],
							"lerp_mode": "catmullrom"
						},
						"0.6333": {
							"post": [1.625, 0.1, -0.75],
							"lerp_mode": "catmullrom"
						},
						"0.7": {
							"post": [2.45, 0.1, 0.04],
							"lerp_mode": "catmullrom"
						},
						"0.7667": {
							"post": [2.64, 0.1, 0.175],
							"lerp_mode": "catmullrom"
						},
						"0.9": {
							"post": [1.81, 0.21, -1.36],
							"lerp_mode": "catmullrom"
						},
						"1.0333": {
							"post": [2.225, 0.35, -0.82],
							"lerp_mode": "catmullrom"
						},
						"1.1667": {
							"post": [1.87, 0.475, -1.6],
							"lerp_mode": "catmullrom"
						},
						"1.2333": {
							"post": [3.06, 0.48, -0.62],
							"lerp_mode": "catmullrom"
						},
						"1.2667": {
							"post": [3.185, 0.475, -0.7],
							"lerp_mode": "catmullrom"
						},
						"1.4": {
							"post": [1.925, 0.44, -1.795],
							"lerp_mode": "catmullrom"
						},
						"1.5667": {
							"post": [2.655, 0.31, -0.975],
							"lerp_mode": "catmullrom"
						},
						"1.7": {
							"post": [2.35, 0.175, -1.525],
							"lerp_mode": "catmullrom"
						},
						"2.0": {
							"post": [-0.2, 0, 0.35],
							"lerp_mode": "catmullrom"
						},
						"2.1": {
							"post": [0.3, 0, -0.375],
							"lerp_mode": "catmullrom"
						},
						"2.2": {
							"post": [-0.05, 0, 0.1],
							"lerp_mode": "catmullrom"
						},
						"2.3": {
							"post": [0, 0, 0],
							"lerp_mode": "catmullrom"
						}
					}
				},
				"stg44": {
					"position": [0, -2, 2]
				},
				"lefthand_pos": {
					"position": {
						"0.0": [0, 2, 0],
						"0.2667": [0, 2, 0],
						"0.3333": [0, 4.4, 0],
						"0.4333": [0, 4, 0],
						"0.4667": [0, 3.92, 0],
						"0.8333": [0, 2, 1],
						"1.8333": [0, 2, 0]
					}
				},
				"additional_magazine": {
					"rotation": {
						"0.6333": [0, 0, 0],
						"0.7": [0, 0, 0],
						"0.7667": [17, 0, 0],
						"0.8333": [37.995, 0.65, 4.905],
						"0.9333": [70.93432, 8.72056, 22.45912],
						"1.1667": [70.89, 8.455, 21.255],
						"1.2333": [85.44247, 8.68175, 24.2797],
						"1.3333": [85.44, 8.685, 24.275],
						"1.4667": [17.46117, -1.49957, -44.69095]
					},
					"position": {
						"0.6333": [0, 0, 0],
						"0.7": [0, -3, 0],
						"0.7333": [-0.26, -4.625, -1.15],
						"0.7667": [-0.525, -5.175, -2.3],
						"0.8333": [-1.07, -5.295, -3.53],
						"0.9333": [-1.99, -4.775, -3.4],
						"1.0": [-1.94, -4.66, -3.045],
						"1.1667": [-1.865, -4.495, -2.875],
						"1.2333": [-2.065, -2.045, -3.1],
						"1.3333": [-2.07, -2.05, -3.1],
						"1.4": [-1.65, -5.33, -2.29],
						"1.4667": [3.29329, -10.9681, 7.2238]
					},
					"scale": {
						"1.4333": [1, 1, 1],
						"1.4667": {
							"pre": [1, 1, 1],
							"post": [0, 0, 0]
						}
					}
				}
			},
			"sound_effects": {
				"0.0": {
					"effect": "tacz:scar_h/p05_ar_schotel_reload_raise"
				},
				"0.5333": {
					"effect": "tacz:scar_h/p05_ar_schotel_reload_ubgl_magout"
				},
				"0.8667": {
					"effect": "tacz:scar_h/p05_ar_schotel_branched_reload_magin"
				},
				"1.3667": {
					"effect": "tacz:scar_h/p05_ar_schotel_reload_end"
				}
			}
		},
		"inspect": {
			"animation_length": 4.65,
			"bones": {
				"root": {
					"rotation": {
						"0.0": {
							"post": [0, 0, 0],
							"lerp_mode": "catmullrom"
						},
						"0.2": {
							"post": [-15.30902, -2.26482, -10.8535],
							"lerp_mode": "catmullrom"
						},
						"0.3": {
							"post": [-19.87196, -3.17785, -17.95906],
							"lerp_mode": "catmullrom"
						},
						"0.4": {
							"post": [-21.02, -3.65, -14.43],
							"lerp_mode": "catmullrom"
						},
						"0.5": {
							"post": [-22.61825, -4.52968, -16.70733],
							"lerp_mode": "catmullrom"
						},
						"0.65": {
							"post": [-22.75, -4.41, -17.665],
							"lerp_mode": "catmullrom"
						},
						"0.85": {
							"post": [-22.62, -4.53, -17.96],
							"lerp_mode": "catmullrom"
						},
						"1.05": {
							"post": [-21.83419, -7.56045, -25.65573],
							"lerp_mode": "catmullrom"
						},
						"1.25": {
							"post": [-21.78, -7.76, -26.34],
							"lerp_mode": "catmullrom"
						},
						"1.5": {
							"post": [-21.78, -7.74, -26.81],
							"lerp_mode": "catmullrom"
						},
						"1.7": {
							"post": [-21.8, -7.68, -27.385],
							"lerp_mode": "catmullrom"
						},
						"2.0": {
							"post": [-21.83419, -7.56045, -25.65573],
							"lerp_mode": "catmullrom"
						},
						"2.1": {
							"post": [-21.83419, -7.56045, -14.65573],
							"lerp_mode": "catmullrom"
						},
						"2.3": {
							"post": [-24.9445, 7.90002, 43.15984],
							"lerp_mode": "catmullrom"
						},
						"2.4": {
							"post": [-24.9445, 7.90002, 59.65984],
							"lerp_mode": "catmullrom"
						},
						"2.55": {
							"post": [-24.95, 7.88, 61.47],
							"lerp_mode": "catmullrom"
						},
						"2.65": {
							"post": [-24.96, 7.86, 60.99],
							"lerp_mode": "catmullrom"
						},
						"2.9": {
							"post": [-25, 7.75, 61.77],
							"lerp_mode": "catmullrom"
						},
						"3.15": {
							"post": [-24.9445, 7.90002, 61.65984],
							"lerp_mode": "catmullrom"
						},
						"3.35": {
							"post": [-24.22873, 9.9815, 70.7622],
							"lerp_mode": "catmullrom"
						},
						"3.6": {
							"post": [-24.16, 10.35, 71.62],
							"lerp_mode": "catmullrom"
						},
						"3.85": {
							"post": [-23.86, 10.06, 70.09],
							"lerp_mode": "catmullrom"
						},
						"4.0": {
							"post": [-21.22873, 8.4815, 60.2622],
							"lerp_mode": "catmullrom"
						},
						"4.15": {
							"post": [-2.67436, -2.84081, 26.11685],
							"lerp_mode": "catmullrom"
						},
						"4.3": {
							"post": [2.37, -2.9, 0.4],
							"lerp_mode": "catmullrom"
						},
						"4.4": {
							"post": [0, 0, 1.25],
							"lerp_mode": "catmullrom"
						},
						"4.5": {
							"post": [0, 0, 0.5],
							"lerp_mode": "catmullrom"
						},
						"4.6": {
							"post": [0, 0, 0],
							"lerp_mode": "catmullrom"
						}
					},
					"position": {
						"0.0": {
							"post": [0, 0, 0],
							"lerp_mode": "catmullrom"
						},
						"0.2": {
							"post": [0.34, 0.6, -1.65],
							"lerp_mode": "catmullrom"
						},
						"0.3": {
							"post": [0.67385, 0.3, -0.8],
							"lerp_mode": "catmullrom"
						},
						"0.45": {
							"post": [0.67385, 0.4, -1],
							"lerp_mode": "catmullrom"
						},
						"2.05": {
							"post": [0.67385, 0.39886, -0.7],
							"lerp_mode": "catmullrom"
						},
						"2.4": {
							"post": [-1.07086, -0.3546, -1.4],
							"lerp_mode": "catmullrom"
						},
						"3.95": {
							"post": [-1.07086, -0.3546, -1.4],
							"lerp_mode": "catmullrom"
						},
						"4.3": {
							"post": [0, -0.425, -0.7],
							"lerp_mode": "catmullrom"
						},
						"4.45": {
							"post": [0.1, 0, 0.3],
							"lerp_mode": "catmullrom"
						},
						"4.55": {
							"post": [0, 0, 0],
							"lerp_mode": "catmullrom"
						}
					}
				},
				"righthand": {
					"rotation": {
						"0.0": [89.49625, 6.99973, -180.06139],
						"2.15": [89.49625, 6.99973, -180.06139],
						"2.2": [89.49625, 6.99973, -180.06139],
						"2.25": [89.49625, 6.99973, -180.06139],
						"2.3": [89.49625, 6.99973, -180.06139],
						"2.35": [89.49625, 6.99973, -180.06139],
						"2.4": [89.49625, 6.99973, -180.06139],
						"2.45": [89.49625, 6.99973, -180.06139],
						"2.5": [89.49625, 6.99973, -180.06139],
						"2.55": [89.49625, 6.99973, -180.06139],
						"2.6": [89.49625, 6.99973, -180.06139],
						"2.65": [89.49625, 6.99973, -180.06139],
						"2.7": [89.49625, 6.99973, -180.06139],
						"2.75": [89.49625, 6.99973, -180.06139],
						"2.8": [89.49625, 6.99973, -180.06139],
						"2.85": [89.49625, 6.99973, -180.06139],
						"2.9": [89.49625, 6.99973, -180.06139],
						"2.95": [89.49625, 6.99973, -180.06139],
						"3.0": [89.49625, 6.99973, -180.06139],
						"3.05": [89.49625, 6.99973, -180.06139],
						"3.1": [89.49625, 6.99973, -180.06139],
						"3.15": [89.49625, 6.99973, -180.06139],
						"3.2": [89.49625, 6.99973, -180.06139],
						"3.25": [89.49625, 6.99973, -180.06139],
						"3.3": [89.49625, 6.99973, -180.06139],
						"3.35": [89.49625, 6.99973, -180.06139],
						"3.4": [89.49625, 6.99973, -180.06139],
						"3.45": [89.49625, 6.99973, -180.06139],
						"3.5": [89.49625, 6.99973, -180.06139],
						"3.55": [89.49625, 6.99973, -180.06139],
						"3.6": [89.49625, 6.99973, -180.06139],
						"3.65": [89.49625, 6.99973, -180.06139],
						"3.7": [89.49625, 6.99973, -180.06139],
						"3.75": [89.49625, 6.99973, -180.06139],
						"3.8": [89.49625, 6.99973, -180.06139],
						"3.85": [89.49625, 6.99973, -180.06139],
						"3.9": [89.49625, 6.99973, -180.06139],
						"3.95": [89.49625, 6.99973, -180.06139],
						"4.0": [89.49625, 6.99973, -180.06139],
						"4.05": [89.49625, 6.99973, -180.06139],
						"4.1": [89.49625, 6.99973, -180.06139],
						"4.15": [89.49625, 6.99973, -180.06139],
						"4.2": [89.49625, 6.99973, -180.06139],
						"4.25": [89.49625, 6.99973, -180.06139],
						"4.3": [89.49625, 6.99973, -180.06139],
						"4.35": [89.49625, 6.99973, -180.06139],
						"4.4": [89.49625, 6.99973, -180.06139],
						"4.45": [89.49625, 6.99973, -180.06139],
						"4.5": [89.49625, 6.99973, -180.06139],
						"4.55": [89.49625, 6.99973, -180.06139],
						"4.6": [89.49625, 6.99973, -180.06139],
						"4.65": [89.49625, 6.99973, -180.06139]
					},
					"position": {
						"0.0": [-6.85, -14.075, 8.775],
						"2.15": [-6.85, -14.075, 8.775],
						"2.2": [-6.85, -14.075, 8.775],
						"2.25": [-6.85, -14.075, 8.775],
						"2.3": [-6.85, -14.075, 8.775],
						"2.35": [-6.85, -14.075, 8.775],
						"2.4": [-6.85, -14.075, 8.775],
						"2.45": [-6.85, -14.075, 8.775],
						"2.5": [-6.85, -14.075, 8.775],
						"2.55": [-6.85, -14.075, 8.775],
						"2.6": [-6.85, -14.075, 8.775],
						"2.65": [-6.85, -14.075, 8.775],
						"2.7": [-6.85, -14.075, 8.775],
						"2.75": [-6.85, -14.075, 8.775],
						"2.8": [-6.85, -14.075, 8.775],
						"2.85": [-6.85, -14.075, 8.775],
						"2.9": [-6.85, -14.075, 8.775],
						"2.95": [-6.85, -14.075, 8.775],
						"3.0": [-6.85, -14.075, 8.775],
						"3.05": [-6.85, -14.075, 8.775],
						"3.1": [-6.85, -14.075, 8.775],
						"3.15": [-6.85, -14.075, 8.775],
						"3.2": [-6.85, -14.075, 8.775],
						"3.25": [-6.85, -14.075, 8.775],
						"3.3": [-6.85, -14.075, 8.775],
						"3.35": [-6.85, -14.075, 8.775],
						"3.4": [-6.85, -14.075, 8.775],
						"3.45": [-6.85, -14.075, 8.775],
						"3.5": [-6.85, -14.075, 8.775],
						"3.55": [-6.85, -14.075, 8.775],
						"3.6": [-6.85, -14.075, 8.775],
						"3.65": [-6.85, -14.075, 8.775],
						"3.7": [-6.85, -14.075, 8.775],
						"3.75": [-6.85, -14.075, 8.775],
						"3.8": [-6.85, -14.075, 8.775],
						"3.85": [-6.85, -14.075, 8.775],
						"3.9": [-6.85, -14.075, 8.775],
						"3.95": [-6.85, -14.075, 8.775],
						"4.0": [-6.85, -14.075, 8.775],
						"4.05": [-6.85, -14.075, 8.775],
						"4.1": [-6.85, -14.075, 8.775],
						"4.15": [-6.85, -14.075, 8.775],
						"4.2": [-6.85, -14.075, 8.775],
						"4.25": [-6.85, -14.075, 8.775],
						"4.3": [-6.85, -14.075, 8.775],
						"4.35": [-6.85, -14.075, 8.775],
						"4.4": [-6.85, -14.075, 8.775],
						"4.45": [-6.85, -14.075, 8.775],
						"4.5": [-6.85, -14.075, 8.775],
						"4.55": [-6.85, -14.075, 8.775],
						"4.6": [-6.85, -14.075, 8.775],
						"4.65": [-6.85, -14.075, 8.775]
					},
					"scale": {
						"0.0": [1, 1.5, 1],
						"2.15": [1, 1.5, 1],
						"2.2": [1, 1.5, 1],
						"2.25": [1, 1.5, 1],
						"2.3": [1, 1.5, 1],
						"2.35": [1, 1.5, 1],
						"2.4": [1, 1.5, 1],
						"2.45": [1, 1.5, 1],
						"2.5": [1, 1.5, 1],
						"2.55": [1, 1.5, 1],
						"2.6": [1, 1.5, 1],
						"2.65": [1, 1.5, 1],
						"2.7": [1, 1.5, 1],
						"2.75": [1, 1.5, 1],
						"2.8": [1, 1.5, 1],
						"2.85": [1, 1.5, 1],
						"2.9": [1, 1.5, 1],
						"2.95": [1, 1.5, 1],
						"3.0": [1, 1.5, 1],
						"3.05": [1, 1.5, 1],
						"3.1": [1, 1.5, 1],
						"3.15": [1, 1.5, 1],
						"3.2": [1, 1.5, 1],
						"3.25": [1, 1.5, 1],
						"3.3": [1, 1.5, 1],
						"3.35": [1, 1.5, 1],
						"3.4": [1, 1.5, 1],
						"3.45": [1, 1.5, 1],
						"3.5": [1, 1.5, 1],
						"3.55": [1, 1.5, 1],
						"3.6": [1, 1.5, 1],
						"3.65": [1, 1.5, 1],
						"3.7": [1, 1.5, 1],
						"3.75": [1, 1.5, 1],
						"3.8": [1, 1.5, 1],
						"3.85": [1, 1.5, 1],
						"3.9": [1, 1.5, 1],
						"3.95": [1, 1.5, 1],
						"4.0": [1, 1.5, 1],
						"4.05": [1, 1.5, 1],
						"4.1": [1, 1.5, 1],
						"4.15": [1, 1.5, 1],
						"4.2": [1, 1.5, 1],
						"4.25": [1, 1.5, 1],
						"4.3": [1, 1.5, 1],
						"4.35": [1, 1.5, 1],
						"4.4": [1, 1.5, 1],
						"4.45": [1, 1.5, 1],
						"4.5": [1, 1.5, 1],
						"4.55": [1, 1.5, 1],
						"4.6": [1, 1.5, 1],
						"4.65": [1, 1.5, 1]
					}
				},
				"stg44": {
					"position": [0, -2, 2]
				},
				"lefthand": {
					"rotation": {
						"0.0": [107.69108, -32.75736, -156.00452],
						"0.25": [64.31957, -31.45581, -81.70831],
						"0.85": [64.31957, -31.45581, -81.70831],
						"1.1": [66.88922, -29.60855, -76.30018],
						"2.0": {
							"pre": [66.88922, -29.60855, -78.00018],
							"post": [66.88922, -29.60855, -78.00018],
							"lerp_mode": "catmullrom"
						},
						"2.15": [107.69108, -32.75736, -156.00452],
						"2.2": [107.69108, -32.75736, -156.00452],
						"2.25": [107.69108, -32.75736, -156.00452],
						"2.3": [107.69108, -32.75736, -156.00452],
						"2.35": [107.69108, -32.75736, -156.00452],
						"2.4": [107.69108, -32.75736, -156.00452],
						"2.45": [107.69108, -32.75736, -156.00452],
						"2.5": [107.69108, -32.75736, -156.00452],
						"2.55": [107.69108, -32.75736, -156.00452],
						"2.6": [107.69108, -32.75736, -156.00452],
						"2.65": [107.69108, -32.75736, -156.00452],
						"2.7": [107.69108, -32.75736, -156.00452],
						"2.75": [107.69108, -32.75736, -156.00452],
						"2.8": [107.69108, -32.75736, -156.00452],
						"2.85": [107.69108, -32.75736, -156.00452],
						"2.9": [107.69108, -32.75736, -156.00452],
						"2.95": [107.69108, -32.75736, -156.00452],
						"3.0": [107.69108, -32.75736, -156.00452],
						"3.05": [107.69108, -32.75736, -156.00452],
						"3.1": [107.69108, -32.75736, -156.00452],
						"3.15": [107.69108, -32.75736, -156.00452],
						"3.2": [107.69108, -32.75736, -156.00452],
						"3.25": [107.69108, -32.75736, -156.00452],
						"3.3": [107.69108, -32.75736, -156.00452],
						"3.35": [107.69108, -32.75736, -156.00452],
						"3.4": [107.69108, -32.75736, -156.00452],
						"3.45": [107.69108, -32.75736, -156.00452],
						"3.5": [107.69108, -32.75736, -156.00452],
						"3.55": [107.69108, -32.75736, -156.00452],
						"3.6": [107.69108, -32.75736, -156.00452],
						"3.65": [107.69108, -32.75736, -156.00452],
						"3.7": [107.69108, -32.75736, -156.00452],
						"3.75": [107.69108, -32.75736, -156.00452],
						"3.8": [107.69108, -32.75736, -156.00452],
						"3.85": [107.69108, -32.75736, -156.00452],
						"3.9": [107.69108, -32.75736, -156.00452],
						"3.95": [107.69108, -32.75736, -156.00452],
						"4.0": [107.69108, -32.75736, -156.00452],
						"4.05": [107.69108, -32.75736, -156.00452],
						"4.1": [107.69108, -32.75736, -156.00452],
						"4.15": [107.69108, -32.75736, -156.00452],
						"4.2": [107.69108, -32.75736, -156.00452],
						"4.25": [107.69108, -32.75736, -156.00452],
						"4.3": [107.69108, -32.75736, -156.00452],
						"4.35": [107.69108, -32.75736, -156.00452],
						"4.4": [107.69108, -32.75736, -156.00452],
						"4.45": [107.69108, -32.75736, -156.00452],
						"4.5": [107.69108, -32.75736, -156.00452],
						"4.55": [107.69108, -32.75736, -156.00452],
						"4.6": [107.69108, -32.75736, -156.00452],
						"4.65": [107.69108, -32.75736, -156.00452]
					},
					"position": {
						"0.0": [8.2, -11.9, -2.2],
						"0.15": [7.04, -16.1, -1.45],
						"0.3": [6.5, -16, 3.2],
						"2.0": [6.5, -16, 3.2],
						"2.15": [8.2, -11.9, -2.2],
						"2.2": [8.2, -11.9, -2.2],
						"2.25": [8.2, -11.9, -2.2],
						"2.3": [8.2, -11.9, -2.2],
						"2.35": [8.2, -11.9, -2.2],
						"2.4": [8.2, -11.9, -2.2],
						"2.45": [8.2, -11.9, -2.2],
						"2.5": [8.2, -11.9, -2.2],
						"2.55": [8.2, -11.9, -2.2],
						"2.6": [8.2, -11.9, -2.2],
						"2.65": [8.2, -11.9, -2.2],
						"2.7": [8.2, -11.9, -2.2],
						"2.75": [8.2, -11.9, -2.2],
						"2.8": [8.2, -11.9, -2.2],
						"2.85": [8.2, -11.9, -2.2],
						"2.9": [8.2, -11.9, -2.2],
						"2.95": [8.2, -11.9, -2.2],
						"3.0": [8.2, -11.9, -2.2],
						"3.05": [8.2, -11.9, -2.2],
						"3.1": [8.2, -11.9, -2.2],
						"3.15": [8.2, -11.9, -2.2],
						"3.2": [8.2, -11.9, -2.2],
						"3.25": [8.2, -11.9, -2.2],
						"3.3": [8.2, -11.9, -2.2],
						"3.35": [8.2, -11.9, -2.2],
						"3.4": [8.2, -11.9, -2.2],
						"3.45": [8.2, -11.9, -2.2],
						"3.5": [8.2, -11.9, -2.2],
						"3.55": [8.2, -11.9, -2.2],
						"3.6": [8.2, -11.9, -2.2],
						"3.65": [8.2, -11.9, -2.2],
						"3.7": [8.2, -11.9, -2.2],
						"3.75": [8.2, -11.9, -2.2],
						"3.8": [8.2, -11.9, -2.2],
						"3.85": [8.2, -11.9, -2.2],
						"3.9": [8.2, -11.9, -2.2],
						"3.95": [8.2, -11.9, -2.2],
						"4.0": [8.2, -11.9, -2.2],
						"4.05": [8.2, -11.9, -2.2],
						"4.1": [8.2, -11.9, -2.2],
						"4.15": [8.2, -11.9, -2.2],
						"4.2": [8.2, -11.9, -2.2],
						"4.25": [8.2, -11.9, -2.2],
						"4.3": [8.2, -11.9, -2.2],
						"4.35": [8.2, -11.9, -2.2],
						"4.4": [8.2, -11.9, -2.2],
						"4.45": [8.2, -11.9, -2.2],
						"4.5": [8.2, -11.9, -2.2],
						"4.55": [8.2, -11.9, -2.2],
						"4.6": [8.2, -11.9, -2.2],
						"4.65": [8.2, -11.9, -2.2]
					},
					"scale": {
						"0.0": [1, 1.5, 1],
						"2.15": [1, 1.5, 1],
						"2.2": [1, 1.5, 1],
						"2.25": [1, 1.5, 1],
						"2.3": [1, 1.5, 1],
						"2.35": [1, 1.5, 1],
						"2.4": [1, 1.5, 1],
						"2.45": [1, 1.5, 1],
						"2.5": [1, 1.5, 1],
						"2.55": [1, 1.5, 1],
						"2.6": [1, 1.5, 1],
						"2.65": [1, 1.5, 1],
						"2.7": [1, 1.5, 1],
						"2.75": [1, 1.5, 1],
						"2.8": [1, 1.5, 1],
						"2.85": [1, 1.5, 1],
						"2.9": [1, 1.5, 1],
						"2.95": [1, 1.5, 1],
						"3.0": [1, 1.5, 1],
						"3.05": [1, 1.5, 1],
						"3.1": [1, 1.5, 1],
						"3.15": [1, 1.5, 1],
						"3.2": [1, 1.5, 1],
						"3.25": [1, 1.5, 1],
						"3.3": [1, 1.5, 1],
						"3.35": [1, 1.5, 1],
						"3.4": [1, 1.5, 1],
						"3.45": [1, 1.5, 1],
						"3.5": [1, 1.5, 1],
						"3.55": [1, 1.5, 1],
						"3.6": [1, 1.5, 1],
						"3.65": [1, 1.5, 1],
						"3.7": [1, 1.5, 1],
						"3.75": [1, 1.5, 1],
						"3.8": [1, 1.5, 1],
						"3.85": [1, 1.5, 1],
						"3.9": [1, 1.5, 1],
						"3.95": [1, 1.5, 1],
						"4.0": [1, 1.5, 1],
						"4.05": [1, 1.5, 1],
						"4.1": [1, 1.5, 1],
						"4.15": [1, 1.5, 1],
						"4.2": [1, 1.5, 1],
						"4.25": [1, 1.5, 1],
						"4.3": [1, 1.5, 1],
						"4.35": [1, 1.5, 1],
						"4.4": [1, 1.5, 1],
						"4.45": [1, 1.5, 1],
						"4.5": [1, 1.5, 1],
						"4.55": [1, 1.5, 1],
						"4.6": [1, 1.5, 1],
						"4.65": [1, 1.5, 1]
					}
				},
				"lefthand_pos": {
					"position": {
						"0.0": [0, 2, 0],
						"2.15": [0, 2, 0],
						"2.2": [0, 2, 0],
						"2.25": [0, 2, 0],
						"2.3": [0, 2, 0],
						"2.35": [0, 2, 0],
						"2.4": [0, 2, 0],
						"2.45": [0, 2, 0],
						"2.5": [0, 2, 0],
						"2.55": [0, 2, 0],
						"2.6": [0, 2, 0],
						"2.65": [0, 2, 0],
						"2.7": [0, 2, 0],
						"2.75": [0, 2, 0],
						"2.8": [0, 2, 0],
						"2.85": [0, 2, 0],
						"2.9": [0, 2, 0],
						"2.95": [0, 2, 0],
						"3.0": [0, 2, 0],
						"3.05": [0, 2, 0],
						"3.1": [0, 2, 0],
						"3.15": [0, 2, 0],
						"3.2": [0, 2, 0],
						"3.25": [0, 2, 0],
						"3.3": [0, 2, 0],
						"3.35": [0, 2, 0],
						"3.4": [0, 2, 0],
						"3.45": [0, 2, 0],
						"3.5": [0, 2, 0],
						"3.55": [0, 2, 0],
						"3.6": [0, 2, 0],
						"3.65": [0, 2, 0],
						"3.7": [0, 2, 0],
						"3.75": [0, 2, 0],
						"3.8": [0, 2, 0],
						"3.85": [0, 2, 0],
						"3.9": [0, 2, 0],
						"3.95": [0, 2, 0],
						"4.0": [0, 2, 0],
						"4.05": [0, 2, 0],
						"4.1": [0, 2, 0],
						"4.15": [0, 2, 0],
						"4.2": [0, 2, 0],
						"4.25": [0, 2, 0],
						"4.3": [0, 2, 0],
						"4.35": [0, 2, 0],
						"4.4": [0, 2, 0],
						"4.45": [0, 2, 0],
						"4.5": [0, 2, 0],
						"4.55": [0, 2, 0],
						"4.6": [0, 2, 0],
						"4.65": [0, 2, 0]
					}
				},
				"mag_and_bullet": {
					"position": [0, -2, 2]
				},
				"camera": {
					"rotation": {
						"0.0": {
							"post": [0, 0, 0],
							"lerp_mode": "catmullrom"
						},
						"0.1": {
							"post": [0.2525, 0, 0],
							"lerp_mode": "catmullrom"
						},
						"0.3": {
							"post": [-1.875, 0, 0],
							"lerp_mode": "catmullrom"
						},
						"0.7": {
							"post": [-2.3775, 0, 0],
							"lerp_mode": "catmullrom"
						},
						"1.05": {
							"post": [-3.8025, 0.9075, 0.02],
							"lerp_mode": "catmullrom"
						},
						"2.2": {
							"post": [-3.25, 0.8125, 0],
							"lerp_mode": "catmullrom"
						},
						"2.5": {
							"post": [0, 4.3125, -1],
							"lerp_mode": "catmullrom"
						},
						"3.0": {
							"post": [-0.0175, 5, -1.14],
							"lerp_mode": "catmullrom"
						},
						"3.25": {
							"post": [3.9875, 4.97, -1.13],
							"lerp_mode": "catmullrom"
						},
						"4.15": {
							"post": [4.125, 4.3175, -1],
							"lerp_mode": "catmullrom"
						},
						"4.4": {
							"post": [0.1825, -0.8675, 0.0625],
							"lerp_mode": "catmullrom"
						},
						"4.6": {
							"post": [0, 0, 0],
							"lerp_mode": "catmullrom"
						}
					}
				}
			},
			"sound_effects": {
				"0.0": {
					"effect": "tacz:m700/m700_inspect_up"
				},
				"2.0": {
					"effect": "tacz:m700/m700_inspect_rotate"
				},
				"3.05": {
					"effect": "tacz:m700/m700_reload_empty_rotate"
				},
				"3.8": {
					"effect": "tacz:m700/m700_inspect_end"
				}
			}
		},
		"inspect_empty": {
			"animation_length": 4.65,
			"bones": {
				"root": {
					"rotation": {
						"0.0": {
							"post": [0, 0, 0],
							"lerp_mode": "catmullrom"
						},
						"0.2": {
							"post": [-15.30902, -2.26482, -10.8535],
							"lerp_mode": "catmullrom"
						},
						"0.3": {
							"post": [-19.87196, -3.17785, -17.95906],
							"lerp_mode": "catmullrom"
						},
						"0.4": {
							"post": [-21.02, -3.65, -14.43],
							"lerp_mode": "catmullrom"
						},
						"0.5": {
							"post": [-22.61825, -4.52968, -16.70733],
							"lerp_mode": "catmullrom"
						},
						"0.65": {
							"post": [-22.75, -4.41, -17.665],
							"lerp_mode": "catmullrom"
						},
						"0.85": {
							"post": [-22.62, -4.53, -17.96],
							"lerp_mode": "catmullrom"
						},
						"1.05": {
							"post": [-21.83419, -7.56045, -25.65573],
							"lerp_mode": "catmullrom"
						},
						"1.25": {
							"post": [-21.78, -7.76, -26.34],
							"lerp_mode": "catmullrom"
						},
						"1.5": {
							"post": [-21.78, -7.74, -26.81],
							"lerp_mode": "catmullrom"
						},
						"1.7": {
							"post": [-21.8, -7.68, -27.385],
							"lerp_mode": "catmullrom"
						},
						"2.0": {
							"post": [-21.83419, -7.56045, -25.65573],
							"lerp_mode": "catmullrom"
						},
						"2.1": {
							"post": [-21.83419, -7.56045, -14.65573],
							"lerp_mode": "catmullrom"
						},
						"2.3": {
							"post": [-24.9445, 7.90002, 43.15984],
							"lerp_mode": "catmullrom"
						},
						"2.4": {
							"post": [-24.9445, 7.90002, 59.65984],
							"lerp_mode": "catmullrom"
						},
						"2.55": {
							"post": [-24.95, 7.88, 61.47],
							"lerp_mode": "catmullrom"
						},
						"2.65": {
							"post": [-24.96, 7.86, 60.99],
							"lerp_mode": "catmullrom"
						},
						"2.9": {
							"post": [-25, 7.75, 61.77],
							"lerp_mode": "catmullrom"
						},
						"3.15": {
							"post": [-24.9445, 7.90002, 61.65984],
							"lerp_mode": "catmullrom"
						},
						"3.35": {
							"post": [-24.22873, 9.9815, 70.7622],
							"lerp_mode": "catmullrom"
						},
						"3.6": {
							"post": [-24.16, 10.35, 71.62],
							"lerp_mode": "catmullrom"
						},
						"3.85": {
							"post": [-23.86, 10.06, 70.09],
							"lerp_mode": "catmullrom"
						},
						"4.0": {
							"post": [-21.22873, 8.4815, 60.2622],
							"lerp_mode": "catmullrom"
						},
						"4.15": {
							"post": [-2.67436, -2.84081, 26.11685],
							"lerp_mode": "catmullrom"
						},
						"4.3": {
							"post": [2.37, -2.9, 0.4],
							"lerp_mode": "catmullrom"
						},
						"4.4": {
							"post": [0, 0, 1.25],
							"lerp_mode": "catmullrom"
						},
						"4.5": {
							"post": [0, 0, 0.5],
							"lerp_mode": "catmullrom"
						},
						"4.6": {
							"post": [0, 0, 0],
							"lerp_mode": "catmullrom"
						}
					},
					"position": {
						"0.0": {
							"post": [0, 0, 0],
							"lerp_mode": "catmullrom"
						},
						"0.2": {
							"post": [0.34, 0.6, -1.65],
							"lerp_mode": "catmullrom"
						},
						"0.3": {
							"post": [0.67385, 0.3, -0.8],
							"lerp_mode": "catmullrom"
						},
						"0.45": {
							"post": [0.67385, 0.4, -1],
							"lerp_mode": "catmullrom"
						},
						"2.05": {
							"post": [0.67385, 0.39886, -0.7],
							"lerp_mode": "catmullrom"
						},
						"2.4": {
							"post": [-1.07086, -0.3546, -1.4],
							"lerp_mode": "catmullrom"
						},
						"3.95": {
							"post": [-1.07086, -0.3546, -1.4],
							"lerp_mode": "catmullrom"
						},
						"4.3": {
							"post": [0, -0.425, -0.7],
							"lerp_mode": "catmullrom"
						},
						"4.45": {
							"post": [0.1, 0, 0.3],
							"lerp_mode": "catmullrom"
						},
						"4.55": {
							"post": [0, 0, 0],
							"lerp_mode": "catmullrom"
						}
					}
				},
				"righthand": {
					"rotation": {
						"0.0": [89.49625, 6.99973, -180.06139],
						"2.15": [89.49625, 6.99973, -180.06139],
						"2.2": [89.49625, 6.99973, -180.06139],
						"2.25": [89.49625, 6.99973, -180.06139],
						"2.3": [89.49625, 6.99973, -180.06139],
						"2.35": [89.49625, 6.99973, -180.06139],
						"2.4": [89.49625, 6.99973, -180.06139],
						"2.45": [89.49625, 6.99973, -180.06139],
						"2.5": [89.49625, 6.99973, -180.06139],
						"2.55": [89.49625, 6.99973, -180.06139],
						"2.6": [89.49625, 6.99973, -180.06139],
						"2.65": [89.49625, 6.99973, -180.06139],
						"2.7": [89.49625, 6.99973, -180.06139],
						"2.75": [89.49625, 6.99973, -180.06139],
						"2.8": [89.49625, 6.99973, -180.06139],
						"2.85": [89.49625, 6.99973, -180.06139],
						"2.9": [89.49625, 6.99973, -180.06139],
						"2.95": [89.49625, 6.99973, -180.06139],
						"3.0": [89.49625, 6.99973, -180.06139],
						"3.05": [89.49625, 6.99973, -180.06139],
						"3.1": [89.49625, 6.99973, -180.06139],
						"3.15": [89.49625, 6.99973, -180.06139],
						"3.2": [89.49625, 6.99973, -180.06139],
						"3.25": [89.49625, 6.99973, -180.06139],
						"3.3": [89.49625, 6.99973, -180.06139],
						"3.35": [89.49625, 6.99973, -180.06139],
						"3.4": [89.49625, 6.99973, -180.06139],
						"3.45": [89.49625, 6.99973, -180.06139],
						"3.5": [89.49625, 6.99973, -180.06139],
						"3.55": [89.49625, 6.99973, -180.06139],
						"3.6": [89.49625, 6.99973, -180.06139],
						"3.65": [89.49625, 6.99973, -180.06139],
						"3.7": [89.49625, 6.99973, -180.06139],
						"3.75": [89.49625, 6.99973, -180.06139],
						"3.8": [89.49625, 6.99973, -180.06139],
						"3.85": [89.49625, 6.99973, -180.06139],
						"3.9": [89.49625, 6.99973, -180.06139],
						"3.95": [89.49625, 6.99973, -180.06139],
						"4.0": [89.49625, 6.99973, -180.06139],
						"4.05": [89.49625, 6.99973, -180.06139],
						"4.1": [89.49625, 6.99973, -180.06139],
						"4.15": [89.49625, 6.99973, -180.06139],
						"4.2": [89.49625, 6.99973, -180.06139],
						"4.25": [89.49625, 6.99973, -180.06139],
						"4.3": [89.49625, 6.99973, -180.06139],
						"4.35": [89.49625, 6.99973, -180.06139],
						"4.4": [89.49625, 6.99973, -180.06139],
						"4.45": [89.49625, 6.99973, -180.06139],
						"4.5": [89.49625, 6.99973, -180.06139],
						"4.55": [89.49625, 6.99973, -180.06139],
						"4.6": [89.49625, 6.99973, -180.06139],
						"4.65": [89.49625, 6.99973, -180.06139]
					},
					"position": {
						"0.0": [-6.85, -14.075, 8.775],
						"2.15": [-6.85, -14.075, 8.775],
						"2.2": [-6.85, -14.075, 8.775],
						"2.25": [-6.85, -14.075, 8.775],
						"2.3": [-6.85, -14.075, 8.775],
						"2.35": [-6.85, -14.075, 8.775],
						"2.4": [-6.85, -14.075, 8.775],
						"2.45": [-6.85, -14.075, 8.775],
						"2.5": [-6.85, -14.075, 8.775],
						"2.55": [-6.85, -14.075, 8.775],
						"2.6": [-6.85, -14.075, 8.775],
						"2.65": [-6.85, -14.075, 8.775],
						"2.7": [-6.85, -14.075, 8.775],
						"2.75": [-6.85, -14.075, 8.775],
						"2.8": [-6.85, -14.075, 8.775],
						"2.85": [-6.85, -14.075, 8.775],
						"2.9": [-6.85, -14.075, 8.775],
						"2.95": [-6.85, -14.075, 8.775],
						"3.0": [-6.85, -14.075, 8.775],
						"3.05": [-6.85, -14.075, 8.775],
						"3.1": [-6.85, -14.075, 8.775],
						"3.15": [-6.85, -14.075, 8.775],
						"3.2": [-6.85, -14.075, 8.775],
						"3.25": [-6.85, -14.075, 8.775],
						"3.3": [-6.85, -14.075, 8.775],
						"3.35": [-6.85, -14.075, 8.775],
						"3.4": [-6.85, -14.075, 8.775],
						"3.45": [-6.85, -14.075, 8.775],
						"3.5": [-6.85, -14.075, 8.775],
						"3.55": [-6.85, -14.075, 8.775],
						"3.6": [-6.85, -14.075, 8.775],
						"3.65": [-6.85, -14.075, 8.775],
						"3.7": [-6.85, -14.075, 8.775],
						"3.75": [-6.85, -14.075, 8.775],
						"3.8": [-6.85, -14.075, 8.775],
						"3.85": [-6.85, -14.075, 8.775],
						"3.9": [-6.85, -14.075, 8.775],
						"3.95": [-6.85, -14.075, 8.775],
						"4.0": [-6.85, -14.075, 8.775],
						"4.05": [-6.85, -14.075, 8.775],
						"4.1": [-6.85, -14.075, 8.775],
						"4.15": [-6.85, -14.075, 8.775],
						"4.2": [-6.85, -14.075, 8.775],
						"4.25": [-6.85, -14.075, 8.775],
						"4.3": [-6.85, -14.075, 8.775],
						"4.35": [-6.85, -14.075, 8.775],
						"4.4": [-6.85, -14.075, 8.775],
						"4.45": [-6.85, -14.075, 8.775],
						"4.5": [-6.85, -14.075, 8.775],
						"4.55": [-6.85, -14.075, 8.775],
						"4.6": [-6.85, -14.075, 8.775],
						"4.65": [-6.85, -14.075, 8.775]
					},
					"scale": {
						"0.0": [1, 1.5, 1],
						"2.15": [1, 1.5, 1],
						"2.2": [1, 1.5, 1],
						"2.25": [1, 1.5, 1],
						"2.3": [1, 1.5, 1],
						"2.35": [1, 1.5, 1],
						"2.4": [1, 1.5, 1],
						"2.45": [1, 1.5, 1],
						"2.5": [1, 1.5, 1],
						"2.55": [1, 1.5, 1],
						"2.6": [1, 1.5, 1],
						"2.65": [1, 1.5, 1],
						"2.7": [1, 1.5, 1],
						"2.75": [1, 1.5, 1],
						"2.8": [1, 1.5, 1],
						"2.85": [1, 1.5, 1],
						"2.9": [1, 1.5, 1],
						"2.95": [1, 1.5, 1],
						"3.0": [1, 1.5, 1],
						"3.05": [1, 1.5, 1],
						"3.1": [1, 1.5, 1],
						"3.15": [1, 1.5, 1],
						"3.2": [1, 1.5, 1],
						"3.25": [1, 1.5, 1],
						"3.3": [1, 1.5, 1],
						"3.35": [1, 1.5, 1],
						"3.4": [1, 1.5, 1],
						"3.45": [1, 1.5, 1],
						"3.5": [1, 1.5, 1],
						"3.55": [1, 1.5, 1],
						"3.6": [1, 1.5, 1],
						"3.65": [1, 1.5, 1],
						"3.7": [1, 1.5, 1],
						"3.75": [1, 1.5, 1],
						"3.8": [1, 1.5, 1],
						"3.85": [1, 1.5, 1],
						"3.9": [1, 1.5, 1],
						"3.95": [1, 1.5, 1],
						"4.0": [1, 1.5, 1],
						"4.05": [1, 1.5, 1],
						"4.1": [1, 1.5, 1],
						"4.15": [1, 1.5, 1],
						"4.2": [1, 1.5, 1],
						"4.25": [1, 1.5, 1],
						"4.3": [1, 1.5, 1],
						"4.35": [1, 1.5, 1],
						"4.4": [1, 1.5, 1],
						"4.45": [1, 1.5, 1],
						"4.5": [1, 1.5, 1],
						"4.55": [1, 1.5, 1],
						"4.6": [1, 1.5, 1],
						"4.65": [1, 1.5, 1]
					}
				},
				"stg44": {
					"position": [0, -2, 2]
				},
				"lefthand": {
					"rotation": {
						"0.0": [107.69108, -32.75736, -156.00452],
						"0.25": [64.31957, -31.45581, -81.70831],
						"0.85": [64.31957, -31.45581, -81.70831],
						"1.1": [66.88922, -29.60855, -76.30018],
						"2.0": {
							"pre": [66.88922, -29.60855, -78.00018],
							"post": [66.88922, -29.60855, -78.00018],
							"lerp_mode": "catmullrom"
						},
						"2.15": [107.69108, -32.75736, -156.00452],
						"2.2": [107.69108, -32.75736, -156.00452],
						"2.25": [107.69108, -32.75736, -156.00452],
						"2.3": [107.69108, -32.75736, -156.00452],
						"2.35": [107.69108, -32.75736, -156.00452],
						"2.4": [107.69108, -32.75736, -156.00452],
						"2.45": [107.69108, -32.75736, -156.00452],
						"2.5": [107.69108, -32.75736, -156.00452],
						"2.55": [107.69108, -32.75736, -156.00452],
						"2.6": [107.69108, -32.75736, -156.00452],
						"2.65": [107.69108, -32.75736, -156.00452],
						"2.7": [107.69108, -32.75736, -156.00452],
						"2.75": [107.69108, -32.75736, -156.00452],
						"2.8": [107.69108, -32.75736, -156.00452],
						"2.85": [107.69108, -32.75736, -156.00452],
						"2.9": [107.69108, -32.75736, -156.00452],
						"2.95": [107.69108, -32.75736, -156.00452],
						"3.0": [107.69108, -32.75736, -156.00452],
						"3.05": [107.69108, -32.75736, -156.00452],
						"3.1": [107.69108, -32.75736, -156.00452],
						"3.15": [107.69108, -32.75736, -156.00452],
						"3.2": [107.69108, -32.75736, -156.00452],
						"3.25": [107.69108, -32.75736, -156.00452],
						"3.3": [107.69108, -32.75736, -156.00452],
						"3.35": [107.69108, -32.75736, -156.00452],
						"3.4": [107.69108, -32.75736, -156.00452],
						"3.45": [107.69108, -32.75736, -156.00452],
						"3.5": [107.69108, -32.75736, -156.00452],
						"3.55": [107.69108, -32.75736, -156.00452],
						"3.6": [107.69108, -32.75736, -156.00452],
						"3.65": [107.69108, -32.75736, -156.00452],
						"3.7": [107.69108, -32.75736, -156.00452],
						"3.75": [107.69108, -32.75736, -156.00452],
						"3.8": [107.69108, -32.75736, -156.00452],
						"3.85": [107.69108, -32.75736, -156.00452],
						"3.9": [107.69108, -32.75736, -156.00452],
						"3.95": [107.69108, -32.75736, -156.00452],
						"4.0": [107.69108, -32.75736, -156.00452],
						"4.05": [107.69108, -32.75736, -156.00452],
						"4.1": [107.69108, -32.75736, -156.00452],
						"4.15": [107.69108, -32.75736, -156.00452],
						"4.2": [107.69108, -32.75736, -156.00452],
						"4.25": [107.69108, -32.75736, -156.00452],
						"4.3": [107.69108, -32.75736, -156.00452],
						"4.35": [107.69108, -32.75736, -156.00452],
						"4.4": [107.69108, -32.75736, -156.00452],
						"4.45": [107.69108, -32.75736, -156.00452],
						"4.5": [107.69108, -32.75736, -156.00452],
						"4.55": [107.69108, -32.75736, -156.00452],
						"4.6": [107.69108, -32.75736, -156.00452],
						"4.65": [107.69108, -32.75736, -156.00452]
					},
					"position": {
						"0.0": [8.2, -11.9, -2.2],
						"0.15": [7.04, -16.1, -1.45],
						"0.3": [6.5, -16, 3.2],
						"2.0": [6.5, -16, 3.2],
						"2.15": [8.2, -11.9, -2.2],
						"2.2": [8.2, -11.9, -2.2],
						"2.25": [8.2, -11.9, -2.2],
						"2.3": [8.2, -11.9, -2.2],
						"2.35": [8.2, -11.9, -2.2],
						"2.4": [8.2, -11.9, -2.2],
						"2.45": [8.2, -11.9, -2.2],
						"2.5": [8.2, -11.9, -2.2],
						"2.55": [8.2, -11.9, -2.2],
						"2.6": [8.2, -11.9, -2.2],
						"2.65": [8.2, -11.9, -2.2],
						"2.7": [8.2, -11.9, -2.2],
						"2.75": [8.2, -11.9, -2.2],
						"2.8": [8.2, -11.9, -2.2],
						"2.85": [8.2, -11.9, -2.2],
						"2.9": [8.2, -11.9, -2.2],
						"2.95": [8.2, -11.9, -2.2],
						"3.0": [8.2, -11.9, -2.2],
						"3.05": [8.2, -11.9, -2.2],
						"3.1": [8.2, -11.9, -2.2],
						"3.15": [8.2, -11.9, -2.2],
						"3.2": [8.2, -11.9, -2.2],
						"3.25": [8.2, -11.9, -2.2],
						"3.3": [8.2, -11.9, -2.2],
						"3.35": [8.2, -11.9, -2.2],
						"3.4": [8.2, -11.9, -2.2],
						"3.45": [8.2, -11.9, -2.2],
						"3.5": [8.2, -11.9, -2.2],
						"3.55": [8.2, -11.9, -2.2],
						"3.6": [8.2, -11.9, -2.2],
						"3.65": [8.2, -11.9, -2.2],
						"3.7": [8.2, -11.9, -2.2],
						"3.75": [8.2, -11.9, -2.2],
						"3.8": [8.2, -11.9, -2.2],
						"3.85": [8.2, -11.9, -2.2],
						"3.9": [8.2, -11.9, -2.2],
						"3.95": [8.2, -11.9, -2.2],
						"4.0": [8.2, -11.9, -2.2],
						"4.05": [8.2, -11.9, -2.2],
						"4.1": [8.2, -11.9, -2.2],
						"4.15": [8.2, -11.9, -2.2],
						"4.2": [8.2, -11.9, -2.2],
						"4.25": [8.2, -11.9, -2.2],
						"4.3": [8.2, -11.9, -2.2],
						"4.35": [8.2, -11.9, -2.2],
						"4.4": [8.2, -11.9, -2.2],
						"4.45": [8.2, -11.9, -2.2],
						"4.5": [8.2, -11.9, -2.2],
						"4.55": [8.2, -11.9, -2.2],
						"4.6": [8.2, -11.9, -2.2],
						"4.65": [8.2, -11.9, -2.2]
					},
					"scale": {
						"0.0": [1, 1.5, 1],
						"2.15": [1, 1.5, 1],
						"2.2": [1, 1.5, 1],
						"2.25": [1, 1.5, 1],
						"2.3": [1, 1.5, 1],
						"2.35": [1, 1.5, 1],
						"2.4": [1, 1.5, 1],
						"2.45": [1, 1.5, 1],
						"2.5": [1, 1.5, 1],
						"2.55": [1, 1.5, 1],
						"2.6": [1, 1.5, 1],
						"2.65": [1, 1.5, 1],
						"2.7": [1, 1.5, 1],
						"2.75": [1, 1.5, 1],
						"2.8": [1, 1.5, 1],
						"2.85": [1, 1.5, 1],
						"2.9": [1, 1.5, 1],
						"2.95": [1, 1.5, 1],
						"3.0": [1, 1.5, 1],
						"3.05": [1, 1.5, 1],
						"3.1": [1, 1.5, 1],
						"3.15": [1, 1.5, 1],
						"3.2": [1, 1.5, 1],
						"3.25": [1, 1.5, 1],
						"3.3": [1, 1.5, 1],
						"3.35": [1, 1.5, 1],
						"3.4": [1, 1.5, 1],
						"3.45": [1, 1.5, 1],
						"3.5": [1, 1.5, 1],
						"3.55": [1, 1.5, 1],
						"3.6": [1, 1.5, 1],
						"3.65": [1, 1.5, 1],
						"3.7": [1, 1.5, 1],
						"3.75": [1, 1.5, 1],
						"3.8": [1, 1.5, 1],
						"3.85": [1, 1.5, 1],
						"3.9": [1, 1.5, 1],
						"3.95": [1, 1.5, 1],
						"4.0": [1, 1.5, 1],
						"4.05": [1, 1.5, 1],
						"4.1": [1, 1.5, 1],
						"4.15": [1, 1.5, 1],
						"4.2": [1, 1.5, 1],
						"4.25": [1, 1.5, 1],
						"4.3": [1, 1.5, 1],
						"4.35": [1, 1.5, 1],
						"4.4": [1, 1.5, 1],
						"4.45": [1, 1.5, 1],
						"4.5": [1, 1.5, 1],
						"4.55": [1, 1.5, 1],
						"4.6": [1, 1.5, 1],
						"4.65": [1, 1.5, 1]
					}
				},
				"lefthand_pos": {
					"position": {
						"0.0": [0, 2, 0],
						"2.15": [0, 2, 0],
						"2.2": [0, 2, 0],
						"2.25": [0, 2, 0],
						"2.3": [0, 2, 0],
						"2.35": [0, 2, 0],
						"2.4": [0, 2, 0],
						"2.45": [0, 2, 0],
						"2.5": [0, 2, 0],
						"2.55": [0, 2, 0],
						"2.6": [0, 2, 0],
						"2.65": [0, 2, 0],
						"2.7": [0, 2, 0],
						"2.75": [0, 2, 0],
						"2.8": [0, 2, 0],
						"2.85": [0, 2, 0],
						"2.9": [0, 2, 0],
						"2.95": [0, 2, 0],
						"3.0": [0, 2, 0],
						"3.05": [0, 2, 0],
						"3.1": [0, 2, 0],
						"3.15": [0, 2, 0],
						"3.2": [0, 2, 0],
						"3.25": [0, 2, 0],
						"3.3": [0, 2, 0],
						"3.35": [0, 2, 0],
						"3.4": [0, 2, 0],
						"3.45": [0, 2, 0],
						"3.5": [0, 2, 0],
						"3.55": [0, 2, 0],
						"3.6": [0, 2, 0],
						"3.65": [0, 2, 0],
						"3.7": [0, 2, 0],
						"3.75": [0, 2, 0],
						"3.8": [0, 2, 0],
						"3.85": [0, 2, 0],
						"3.9": [0, 2, 0],
						"3.95": [0, 2, 0],
						"4.0": [0, 2, 0],
						"4.05": [0, 2, 0],
						"4.1": [0, 2, 0],
						"4.15": [0, 2, 0],
						"4.2": [0, 2, 0],
						"4.25": [0, 2, 0],
						"4.3": [0, 2, 0],
						"4.35": [0, 2, 0],
						"4.4": [0, 2, 0],
						"4.45": [0, 2, 0],
						"4.5": [0, 2, 0],
						"4.55": [0, 2, 0],
						"4.6": [0, 2, 0],
						"4.65": [0, 2, 0]
					}
				},
				"mag_and_bullet": {
					"position": [0, -2, 2]
				},
				"camera": {
					"rotation": {
						"0.0": {
							"post": [0, 0, 0],
							"lerp_mode": "catmullrom"
						},
						"0.1": {
							"post": [0.2525, 0, 0],
							"lerp_mode": "catmullrom"
						},
						"0.3": {
							"post": [-1.875, 0, 0],
							"lerp_mode": "catmullrom"
						},
						"0.7": {
							"post": [-2.3775, 0, 0],
							"lerp_mode": "catmullrom"
						},
						"1.05": {
							"post": [-3.8025, 0.9075, 0.02],
							"lerp_mode": "catmullrom"
						},
						"2.2": {
							"post": [-3.25, 0.8125, 0],
							"lerp_mode": "catmullrom"
						},
						"2.5": {
							"post": [0, 4.3125, -1],
							"lerp_mode": "catmullrom"
						},
						"3.0": {
							"post": [-0.0175, 5, -1.14],
							"lerp_mode": "catmullrom"
						},
						"3.25": {
							"post": [3.9875, 4.97, -1.13],
							"lerp_mode": "catmullrom"
						},
						"4.15": {
							"post": [4.125, 4.3175, -1],
							"lerp_mode": "catmullrom"
						},
						"4.4": {
							"post": [0.1825, -0.8675, 0.0625],
							"lerp_mode": "catmullrom"
						},
						"4.6": {
							"post": [0, 0, 0],
							"lerp_mode": "catmullrom"
						}
					}
				}
			},
			"sound_effects": {
				"0.0": {
					"effect": "tacz:m700/m700_inspect_up"
				},
				"2.0": {
					"effect": "tacz:m700/m700_inspect_rotate"
				},
				"3.05": {
					"effect": "tacz:m700/m700_reload_empty_rotate"
				},
				"3.8": {
					"effect": "tacz:m700/m700_inspect_end"
				}
			}
		}
	}
}