{
	"format_version": "1.12.0",
	"minecraft:geometry": [
		{
			"description": {
				"identifier": "geometry.m1911 - Converted",
				"texture_width": 64,
				"texture_height": 64,
				"visible_bounds_width": 5,
				"visible_bounds_height": 3,
				"visible_bounds_offset": [0, 0.5, 0]
			},
			"bones": [
				{
					"name": "root",
					"pivot": [0, 3.4, 2.6]
				},
				{
					"name": "mag_and_lefthand",
					"parent": "root",
					"pivot": [0, 1.99487, 1.5993]
				},
				{
					"name": "L",
					"parent": "mag_and_lefthand",
					"pivot": [8, -8.5, 6.2]
				},
				{
					"name": "lefthand",
					"parent": "L",
					"pivot": [8, -8.5, 6.2],
					"rotation": [97.5, 0, -180]
				},
				{
					"name": "lefthand_pos",
					"parent": "lefthand",
					"pivot": [14, -19.5, 6.2],
					"cubes": [
						{
							"origin": [7, -19.5, 4.2],
							"size": [3, 12, 4],
							"uv": {
								"north": {"uv": [12, 0], "uv_size": [4, 12]},
								"east": {"uv": [4, 12], "uv_size": [4, 12]},
								"south": {"uv": [8, 12], "uv_size": [4, 12]},
								"west": {"uv": [12, 12], "uv_size": [4, 12]},
								"up": {"uv": [16, 8], "uv_size": [4, 4]},
								"down": {"uv": [16, 16], "uv_size": [4, -4]}
							}
						}
					]
				},
				{
					"name": "magazine_and_bullet",
					"parent": "mag_and_lefthand",
					"pivot": [0, 1.99487, 1.5993]
				},
				{
					"name": "bullet",
					"parent": "magazine_and_bullet",
					"pivot": [0, 4.565, 1.0625],
					"rotation": [90, 0, 0],
					"cubes": [
						{
							"origin": [-0.2125, 4.95, 0.85],
							"size": [0.425, 0.325, 0.425],
							"uv": {
								"north": {"uv": [32, 31], "uv_size": [0.5, 0.25]},
								"east": {"uv": [32, 32], "uv_size": [0.5, 0.25]},
								"south": {"uv": [0, 33], "uv_size": [0.5, 0.25]},
								"west": {"uv": [33, 0], "uv_size": [0.5, 0.25]},
								"up": {"uv": [30, 13], "uv_size": [0.5, 0.5]},
								"down": {"uv": [14, 30.5], "uv_size": [0.5, -0.5]}
							}
						},
						{
							"origin": [-0.1375, 5.275, 0.925],
							"size": [0.275, 0.1, 0.275],
							"uv": {
								"north": {"uv": [5, 35], "uv_size": [0.25, 0.25]},
								"east": {"uv": [35, 5], "uv_size": [0.25, 0.25]},
								"south": {"uv": [6, 35], "uv_size": [0.25, 0.25]},
								"west": {"uv": [35, 6], "uv_size": [0.25, 0.25]},
								"up": {"uv": [7, 35], "uv_size": [0.25, 0.25]},
								"down": {"uv": [35, 7.25], "uv_size": [0.25, -0.25]}
							}
						},
						{
							"origin": [-0.175, 3.95, 0.8875],
							"size": [0.35, 0.075, 0.35],
							"uv": {
								"north": {"uv": [8, 35], "uv_size": [0.25, 0.25]},
								"east": {"uv": [35, 8], "uv_size": [0.25, 0.25]},
								"south": {"uv": [9, 35], "uv_size": [0.25, 0.25]},
								"west": {"uv": [35, 9], "uv_size": [0.25, 0.25]},
								"up": {"uv": [10, 35], "uv_size": [0.25, 0.25]},
								"down": {"uv": [35, 10.25], "uv_size": [0.25, -0.25]}
							}
						},
						{
							"origin": [-0.25, 3.875, 0.8125],
							"size": [0.5, 0.075, 0.5],
							"uv": {
								"north": {"uv": [1, 33], "uv_size": [0.5, 0.25]},
								"east": {"uv": [33, 1], "uv_size": [0.5, 0.25]},
								"south": {"uv": [2, 33], "uv_size": [0.5, 0.25]},
								"west": {"uv": [33, 2], "uv_size": [0.5, 0.25]},
								"up": {"uv": [30, 14], "uv_size": [0.5, 0.5]},
								"down": {"uv": [15, 30.5], "uv_size": [0.5, -0.5]}
							}
						},
						{
							"origin": [-0.25, 4.025, 0.8125],
							"size": [0.5, 0.925, 0.5],
							"uv": {
								"north": {"uv": [18, 27], "uv_size": [0.5, 1]},
								"east": {"uv": [20, 27], "uv_size": [0.5, 1]},
								"south": {"uv": [27, 20], "uv_size": [0.5, 1]},
								"west": {"uv": [27, 23], "uv_size": [0.5, 1]},
								"up": {"uv": [30, 15], "uv_size": [0.5, 0.5]},
								"down": {"uv": [30, 17.5], "uv_size": [0.5, -0.5]}
							}
						}
					]
				},
				{
					"name": "magazine",
					"parent": "magazine_and_bullet",
					"pivot": [0, 1.99487, 1.5993]
				},
				{
					"name": "mag_standard",
					"parent": "magazine",
					"pivot": [0, 1.99487, 1.5993],
					"cubes": [
						{
							"origin": [-0.40625, -0.26819, 1.69865],
							"size": [0.8125, 0.1875, 2.02228],
							"inflate": 0.001,
							"pivot": [0, -0.17955, 2.15735],
							"rotation": [7.5, 0, 0],
							"uv": {
								"east": {"uv": [24, 27], "uv_size": [2, 0.25]},
								"south": {"uv": [18, 32], "uv_size": [0.75, 0.25]},
								"west": {"uv": [27, 24], "uv_size": [2, 0.25]},
								"up": {"uv": [14, 14], "uv_size": [0.75, 2]},
								"down": {"uv": [15, 4], "uv_size": [0.75, -2]}
							}
						},
						{
							"origin": [-0.21875, -0.26819, 1.51115],
							"size": [0.4375, 0.1875, 0.1875],
							"pivot": [0, -0.17955, 2.15735],
							"rotation": [7.5, 0, 0],
							"uv": {
								"north": {"uv": [3, 33], "uv_size": [0.5, 0.25]},
								"up": {"uv": [33, 3], "uv_size": [0.5, 0.25]},
								"down": {"uv": [4, 33.25], "uv_size": [0.5, -0.25]}
							}
						},
						{
							"origin": [-0.61161, -0.26819, 1.8551],
							"size": [0.2721, 0.1875, 0.26517],
							"pivot": [0, -0.17955, 2.15735],
							"rotation": [10.54684, -44.5119, -7.43656],
							"uv": {
								"east": {"uv": [11, 35], "uv_size": [0.25, 0.25]},
								"up": {"uv": [35, 11], "uv_size": [0.25, 0.25]},
								"down": {"uv": [12, 35.25], "uv_size": [0.25, -0.25]}
							}
						},
						{
							"origin": [-0.3273, 4.58589, 0.39278],
							"size": [0.125, 0.3125, 1.43628],
							"pivot": [-0.2648, 4.80464, 1.11092],
							"rotation": [0, 0, 22.5],
							"uv": {
								"north": {"uv": [35, 12], "uv_size": [0.25, 0.25]},
								"east": {"uv": [29, 1], "uv_size": [1.5, 0.25]},
								"south": {"uv": [13, 35], "uv_size": [0.25, 0.25]},
								"west": {"uv": [2, 29], "uv_size": [1.5, 0.25]},
								"up": {"uv": [29, 2], "uv_size": [0.25, 1.5]}
							}
						},
						{
							"origin": [0.20229, 4.58589, 0.39278],
							"size": [0.125, 0.3125, 1.43628],
							"pivot": [0.26479, 4.80464, 1.11092],
							"rotation": [0, 0, -22.5],
							"uv": {
								"north": {"uv": [35, 13], "uv_size": [0.25, 0.25]},
								"east": {"uv": [29, 4], "uv_size": [1.5, 0.25]},
								"south": {"uv": [14, 35], "uv_size": [0.25, 0.25]},
								"west": {"uv": [29, 5], "uv_size": [1.5, 0.25]},
								"up": {"uv": [4, 29], "uv_size": [0.25, 1.5]}
							}
						},
						{
							"origin": [-0.40625, 4.2137, 0.39278],
							"size": [0.8125, 0.41276, 1.43628],
							"inflate": 0.001,
							"uv": {
								"north": {"uv": [6, 29], "uv_size": [0.75, 0.5]},
								"east": {"uv": [25, 16], "uv_size": [1.5, 0.5]},
								"south": {"uv": [29, 6], "uv_size": [0.75, 0.5]},
								"west": {"uv": [25, 23], "uv_size": [1.5, 0.5]},
								"up": {"uv": [21, 5], "uv_size": [0.75, 1.5]}
							}
						},
						{
							"origin": [-0.40625, -0.42291, 2.29615],
							"size": [0.8125, 4.875, 0.5],
							"pivot": [0, 2.10834, 1.87428],
							"rotation": [22.5, 0, 0],
							"uv": {
								"north": {"uv": [3, 5], "uv_size": [0.75, 5]},
								"east": {"uv": [2, 9], "uv_size": [0.5, 5]},
								"south": {"uv": [4, 5], "uv_size": [0.75, 5]},
								"west": {"uv": [9, 4], "uv_size": [0.5, 5]},
								"up": {"uv": [29, 7], "uv_size": [0.75, 0.5]},
								"down": {"uv": [29, 8.5], "uv_size": [0.75, -0.5]}
							}
						},
						{
							"origin": [-0.40625, -0.29791, 1.79615],
							"size": [0.8125, 4.875, 0.5],
							"pivot": [0, 2.10834, 1.87428],
							"rotation": [22.5, 0, 0],
							"uv": {
								"north": {"uv": [5, 4], "uv_size": [0.75, 5]},
								"east": {"uv": [5, 9], "uv_size": [0.5, 5]},
								"south": {"uv": [6, 4], "uv_size": [0.75, 5]},
								"west": {"uv": [6, 9], "uv_size": [0.5, 5]},
								"up": {"uv": [9, 29], "uv_size": [0.75, 0.5]},
								"down": {"uv": [29, 9.5], "uv_size": [0.75, -0.5]}
							}
						},
						{
							"origin": [-0.40625, -0.17291, 1.29615],
							"size": [0.8125, 4.875, 0.5],
							"pivot": [0, 2.10834, 1.87428],
							"rotation": [22.5, 0, 0],
							"uv": {
								"north": {"uv": [7, 0], "uv_size": [0.75, 5]},
								"east": {"uv": [8, 9], "uv_size": [0.5, 5]},
								"south": {"uv": [7, 5], "uv_size": [0.75, 5]},
								"west": {"uv": [9, 9], "uv_size": [0.5, 5]},
								"up": {"uv": [10, 29], "uv_size": [0.75, 0.5]},
								"down": {"uv": [11, 29.5], "uv_size": [0.75, -0.5]}
							}
						},
						{
							"origin": [-0.21875, -0.14359, 1.12768],
							"size": [0.4375, 4.75, 0.1875],
							"pivot": [0, 2.01266, 1.64331],
							"rotation": [22.5, 0, 0],
							"uv": {
								"north": {"uv": [10, 0], "uv_size": [0.5, 4.75]},
								"east": {"uv": [7, 17], "uv_size": [0.25, 4.75]},
								"south": {"uv": [3, 10], "uv_size": [0.5, 4.75]},
								"west": {"uv": [15, 18], "uv_size": [0.25, 4.75]},
								"up": {"uv": [33, 4], "uv_size": [0.5, 0.25]},
								"down": {"uv": [5, 33.25], "uv_size": [0.5, -0.25]}
							}
						},
						{
							"origin": [-0.05524, -0.14359, 1.12402],
							"size": [0.26516, 4.75, 0.25],
							"pivot": [0, 2.01266, 1.64331],
							"rotation": [30.36119, 40.78947, 20.94102],
							"uv": {
								"north": {"uv": [17, 18], "uv_size": [0.25, 4.75]},
								"east": {"uv": [18, 18], "uv_size": [0.25, 4.75]},
								"south": {"uv": [2, 19], "uv_size": [0.25, 4.75]},
								"west": {"uv": [3, 19], "uv_size": [0.25, 4.75]},
								"up": {"uv": [35, 14], "uv_size": [0.25, 0.25]},
								"down": {"uv": [15, 35.25], "uv_size": [0.25, -0.25]}
							}
						},
						{
							"origin": [-0.20992, -0.14359, 1.12402],
							"size": [0.26516, 4.75, 0.25],
							"pivot": [0, 2.01266, 1.64331],
							"rotation": [30.36119, -40.78947, -20.94102],
							"uv": {
								"north": {"uv": [19, 16], "uv_size": [0.25, 4.75]},
								"east": {"uv": [4, 20], "uv_size": [0.25, 4.75]},
								"south": {"uv": [20, 16], "uv_size": [0.25, 4.75]},
								"west": {"uv": [5, 21], "uv_size": [0.25, 4.75]},
								"up": {"uv": [35, 15], "uv_size": [0.25, 0.25]},
								"down": {"uv": [16, 35.25], "uv_size": [0.25, -0.25]}
							}
						},
						{
							"origin": [-0.30225, -0.26819, 1.54574],
							"size": [0.26517, 0.1875, 0.2721],
							"pivot": [0, -0.17955, 2.15735],
							"rotation": [10.54684, -44.5119, -7.43656],
							"uv": {
								"north": {"uv": [35, 16], "uv_size": [0.25, 0.25]},
								"up": {"uv": [17, 35], "uv_size": [0.25, 0.25]},
								"down": {"uv": [35, 17.25], "uv_size": [0.25, -0.25]}
							}
						}
					]
				},
				{
					"name": "gun_and_righthand",
					"parent": "root",
					"pivot": [0, 3.9, 0]
				},
				{
					"name": "R",
					"parent": "gun_and_righthand",
					"pivot": [-0.975, 2.125, 1]
				},
				{
					"name": "righthand",
					"parent": "R",
					"pivot": [-0.975, 2.125, 1],
					"rotation": [93.01689, 5.80774, -177.55323]
				},
				{
					"name": "righthand_pos",
					"parent": "righthand",
					"pivot": [-6.975, -8.875, 1],
					"cubes": [
						{
							"origin": [-2.975, -8.875, -1],
							"size": [3, 12, 4],
							"uv": {
								"north": {"uv": [0, 0], "uv_size": [4, 12]},
								"east": {"uv": [4, 0], "uv_size": [4, 12]},
								"south": {"uv": [8, 0], "uv_size": [4, 12]},
								"west": {"uv": [0, 12], "uv_size": [4, 12]},
								"up": {"uv": [16, 0], "uv_size": [4, 4]},
								"down": {"uv": [16, 8], "uv_size": [4, -4]}
							}
						}
					]
				},
				{
					"name": "m1911",
					"parent": "gun_and_righthand",
					"pivot": [0, 3.9, 0]
				},
				{
					"name": "muzzle_pos",
					"parent": "m1911",
					"pivot": [0, 5.5, -5.6]
				},
				{
					"name": "muzzle_flash",
					"parent": "m1911",
					"pivot": [0, 5.475, -5.575]
				},
				{
					"name": "shell",
					"parent": "m1911",
					"pivot": [0, 5.55, 0.625]
				},
				{
					"name": "constraint",
					"parent": "m1911",
					"pivot": [0, 6.275, -4.825]
				},
				{
					"name": "slide",
					"parent": "m1911",
					"pivot": [0.01718, 5.49012, -0.69786],
					"cubes": [
						{
							"origin": [-0.5385, 4.75121, -3.85028],
							"size": [0.15749, 0.9683, 2.35157],
							"uv": {
								"east": {"uv": [11, 0], "uv_size": [2.25, 1]},
								"south": {"uv": [30, 18], "uv_size": [0.25, 1]},
								"west": {"uv": [11, 1], "uv_size": [2.25, 1]},
								"up": {"uv": [5, 27], "uv_size": [0.25, 2.25]},
								"down": {"uv": [7, 29.25], "uv_size": [0.25, -2.25]}
							}
						},
						{
							"origin": [0.3798, 4.75121, -3.85028],
							"size": [0.18249, 0.9683, 2.31699],
							"uv": {
								"east": {"uv": [11, 2], "uv_size": [2.25, 1]},
								"west": {"uv": [11, 3], "uv_size": [2.25, 1]},
								"down": {"uv": [8, 29.25], "uv_size": [0.25, -2.25]}
							}
						},
						{
							"origin": [-0.5385, 5.09703, -5.38477],
							"size": [0.26124, 0.62248, 1.53449],
							"uv": {
								"north": {"uv": [33, 5], "uv_size": [0.25, 0.5]},
								"east": {"uv": [24, 25], "uv_size": [1.5, 0.5]},
								"south": {"uv": [6, 33], "uv_size": [0.25, 0.5]},
								"west": {"uv": [25, 24], "uv_size": [1.5, 0.5]},
								"up": {"uv": [29, 12], "uv_size": [0.25, 1.5]},
								"down": {"uv": [29, 15.5], "uv_size": [0.25, -1.5]}
							}
						},
						{
							"origin": [0.27605, 5.09703, -5.40977],
							"size": [0.28624, 0.62248, 1.55949],
							"uv": {
								"north": {"uv": [33, 6], "uv_size": [0.25, 0.5]},
								"east": {"uv": [26, 7], "uv_size": [1.5, 0.5]},
								"south": {"uv": [7, 33], "uv_size": [0.25, 0.5]},
								"west": {"uv": [8, 26], "uv_size": [1.5, 0.5]}
							}
						},
						{
							"origin": [-0.38101, 4.43997, -5.38477],
							"size": [0.76081, 0.65706, 2.3649],
							"uv": {
								"north": {"uv": [27, 1], "uv_size": [0.75, 0.75]},
								"east": {"uv": [14, 0], "uv_size": [2.25, 0.75]},
								"south": {"uv": [27, 2], "uv_size": [0.75, 0.75]},
								"west": {"uv": [14, 1], "uv_size": [2.25, 0.75]},
								"up": {"uv": [2, 14], "uv_size": [0.75, 2.25]},
								"down": {"uv": [14, 4.25], "uv_size": [0.75, -2.25]}
							}
						},
						{
							"origin": [-0.2081, 4.26706, -5.38477],
							"size": [0.41499, 0.17291, 2.3649],
							"uv": {
								"north": {"uv": [33, 7], "uv_size": [0.5, 0.25]},
								"south": {"uv": [8, 33], "uv_size": [0.5, 0.25]},
								"down": {"uv": [6, 23.25], "uv_size": [0.5, -2.25]}
							}
						},
						{
							"origin": [-0.55597, 4.39541, -5.38477],
							"size": [0.24445, 0.24446, 2.3649],
							"pivot": [-0.01961, 5.25209, -0.20772],
							"rotation": [0, 0, -45],
							"uv": {
								"north": {"uv": [18, 35], "uv_size": [0.25, 0.25]},
								"east": {"uv": [9, 27], "uv_size": [2.25, 0.25]},
								"south": {"uv": [35, 18], "uv_size": [0.25, 0.25]},
								"west": {"uv": [27, 10], "uv_size": [2.25, 0.25]},
								"down": {"uv": [12, 29.25], "uv_size": [0.25, -2.25]}
							}
						},
						{
							"origin": [-0.84941, 4.68885, -5.38477],
							"size": [0.24445, 0.24445, 2.3649],
							"pivot": [-0.01961, 5.25209, -0.20772],
							"rotation": [0, 0, -45],
							"uv": {
								"north": {"uv": [19, 35], "uv_size": [0.25, 0.25]},
								"east": {"uv": [27, 11], "uv_size": [2.25, 0.25]},
								"south": {"uv": [35, 19], "uv_size": [0.25, 0.25]},
								"up": {"uv": [13, 27], "uv_size": [0.25, 2.25]}
							}
						},
						{
							"origin": [-0.5385, 3.54623, -4.28294],
							"size": [1.10079, 0.31917, 0.89913],
							"inflate": -0.001,
							"pivot": [-0.01961, 5.32125, -0.58812],
							"rotation": [-22.5, 0, 0],
							"uv": {
								"north": {"uv": [30, 19], "uv_size": [1, 0.25]},
								"east": {"uv": [20, 30], "uv_size": [1, 0.25]},
								"west": {"uv": [30, 20], "uv_size": [1, 0.25]},
								"up": {"uv": [2, 17], "uv_size": [1, 1]},
								"down": {"uv": [20, 6], "uv_size": [1, -1]}
							}
						},
						{
							"origin": [0.3798, 4.75121, -1.53329],
							"size": [0.18249, 0.9683, 1.53493],
							"uv": {
								"east": {"uv": [15, 4], "uv_size": [1.5, 1]},
								"west": {"uv": [15, 7], "uv_size": [1.5, 1]},
								"down": {"uv": [16, 30.5], "uv_size": [0.25, -1.5]}
							}
						},
						{
							"origin": [-0.5385, 4.75121, -1.49871],
							"size": [0.18249, 0.54164, 1.50035],
							"uv": {
								"east": {"uv": [26, 8], "uv_size": [1.5, 0.5]},
								"west": {"uv": [26, 9], "uv_size": [1.5, 0.5]},
								"up": {"uv": [17, 29], "uv_size": [0.25, 1.5]},
								"down": {"uv": [18, 30.5], "uv_size": [0.25, -1.5]}
							}
						},
						{
							"origin": [-0.5385, 5.35534, -0.3779],
							"size": [0.18249, 0.19919, 0.19919],
							"pivot": [-0.01961, 5.03293, -0.33272],
							"rotation": [-45, 0, 0],
							"uv": {
								"north": {"uv": [20, 35], "uv_size": [0.25, 0.25]},
								"east": {"uv": [35, 20], "uv_size": [0.25, 0.25]},
								"west": {"uv": [21, 35], "uv_size": [0.25, 0.25]}
							}
						},
						{
							"origin": [-0.5385, 4.17802, -1.39563],
							"size": [0.18249, 0.19919, 0.19918],
							"pivot": [-0.01961, 5.03293, -0.17314],
							"rotation": [-45, 0, 0],
							"uv": {
								"east": {"uv": [35, 21], "uv_size": [0.25, 0.25]},
								"west": {"uv": [22, 35], "uv_size": [0.25, 0.25]},
								"up": {"uv": [35, 22], "uv_size": [0.25, 0.25]}
							}
						},
						{
							"origin": [-0.5385, 4.75121, 0.00164],
							"size": [1.10079, 0.9683, 1.06955],
							"uv": {
								"north": {"uv": [21, 14], "uv_size": [1, 1]},
								"east": {"uv": [22, 2], "uv_size": [1, 1]},
								"south": {"uv": [22, 3], "uv_size": [1, 1]},
								"west": {"uv": [22, 5], "uv_size": [1, 1]},
								"up": {"uv": [22, 6], "uv_size": [1, 1]},
								"down": {"uv": [12, 23], "uv_size": [1, -1]}
							}
						},
						{
							"origin": [-0.5385, 4.75121, 2.79071],
							"size": [0.29582, 0.9683, 1.07748],
							"uv": {
								"north": {"uv": [21, 30], "uv_size": [0.25, 1]},
								"east": {"uv": [13, 22], "uv_size": [1, 1]},
								"south": {"uv": [30, 21], "uv_size": [0.25, 1]},
								"west": {"uv": [14, 22], "uv_size": [1, 1]},
								"up": {"uv": [22, 30], "uv_size": [0.25, 1]},
								"down": {"uv": [23, 31], "uv_size": [0.25, -1]}
							}
						},
						{
							"origin": [-0.25854, 4.75121, 2.56571],
							"size": [0.82083, 0.9683, 1.30248],
							"uv": {
								"north": {"uv": [5, 26], "uv_size": [0.75, 1]},
								"east": {"uv": [17, 16], "uv_size": [1.25, 1]},
								"south": {"uv": [26, 10], "uv_size": [0.75, 1]},
								"west": {"uv": [17, 17], "uv_size": [1.25, 1]},
								"down": {"uv": [24, 20.25], "uv_size": [0.75, -1.25]}
							}
						},
						{
							"origin": [-0.52891, 4.75121, 0.47119],
							"size": [1.08161, 0.9683, 2.31952],
							"uv": {
								"east": {"uv": [11, 4], "uv_size": [2.25, 1]},
								"south": {"uv": [22, 14], "uv_size": [1, 1]},
								"west": {"uv": [11, 6], "uv_size": [2.25, 1]},
								"up": {"uv": [7, 10], "uv_size": [1, 2.25]},
								"down": {"uv": [11, 9.25], "uv_size": [1, -2.25]}
							}
						},
						{
							"origin": [-0.27004, 5.71484, -5.38477],
							"size": [0.27515, 0.27665, 9.25296],
							"pivot": [-0.04461, 5.18293, -0.20772],
							"rotation": [0, 0, 45],
							"uv": {
								"north": {"uv": [23, 35], "uv_size": [0.25, 0.25]},
								"south": {"uv": [35, 23], "uv_size": [0.25, 0.25]},
								"west": {"uv": [10, 5], "uv_size": [9.25, 0.25]},
								"up": {"uv": [4, 10], "uv_size": [0.25, 9.25]},
								"down": {"uv": [10, 15.25], "uv_size": [0.25, -9.25]}
							}
						},
						{
							"origin": [-0.1936, 5.73955, -5.38477],
							"size": [0.27515, 0.27666, 3.88606],
							"pivot": [-0.01961, 5.18293, -0.20772],
							"rotation": [0, 0, 22.5],
							"uv": {
								"north": {"uv": [24, 35], "uv_size": [0.25, 0.25]},
								"south": {"uv": [35, 24], "uv_size": [0.25, 0.25]},
								"up": {"uv": [22, 16], "uv_size": [0.25, 4]},
								"down": {"uv": [22, 24], "uv_size": [0.25, -4]}
							}
						},
						{
							"origin": [-0.1936, 5.73955, 0.00164],
							"size": [0.27515, 0.27666, 3.86655],
							"pivot": [-0.01961, 5.18293, -0.20772],
							"rotation": [0, 0, 22.5],
							"uv": {
								"north": {"uv": [25, 35], "uv_size": [0.25, 0.25]},
								"south": {"uv": [35, 25], "uv_size": [0.25, 0.25]},
								"up": {"uv": [24, 21], "uv_size": [0.25, 3.75]},
								"down": {"uv": [22, 27.75], "uv_size": [0.25, -3.75]}
							}
						},
						{
							"origin": [-0.05528, 5.73955, -1.49871],
							"size": [0.13683, 0.27666, 1.50035],
							"pivot": [-0.01961, 5.18293, -0.20772],
							"rotation": [0, 0, 22.5],
							"uv": {
								"east": {"uv": [29, 16], "uv_size": [1.5, 0.25]},
								"up": {"uv": [19, 29], "uv_size": [0.25, 1.5]},
								"down": {"uv": [29, 20.5], "uv_size": [0.25, -1.5]}
							}
						},
						{
							"origin": [0.12833, 5.70719, -1.57688],
							"size": [0.13683, 0.27666, 0.20347],
							"pivot": [0.19675, 5.84552, -1.47515],
							"rotation": [0, 45, 22.5],
							"uv": {
								"east": {"uv": [26, 35], "uv_size": [0.25, 0.25]},
								"up": {"uv": [35, 26], "uv_size": [0.25, 0.25]},
								"down": {"uv": [27, 35.25], "uv_size": [0.25, -0.25]}
							}
						},
						{
							"origin": [0.12833, 5.70719, -0.12366],
							"size": [0.13683, 0.27666, 0.20347],
							"pivot": [0.19675, 5.84552, -0.02192],
							"rotation": [0, -45, 22.5],
							"uv": {
								"east": {"uv": [35, 27], "uv_size": [0.25, 0.25]},
								"up": {"uv": [28, 35], "uv_size": [0.25, 0.25]},
								"down": {"uv": [35, 28.25], "uv_size": [0.25, -0.25]}
							}
						},
						{
							"origin": [-0.13663, 5.74271, -5.38477],
							"size": [0.27515, 0.27665, 3.88606],
							"uv": {
								"north": {"uv": [29, 35], "uv_size": [0.25, 0.25]},
								"east": {"uv": [23, 0], "uv_size": [4, 0.25]},
								"south": {"uv": [35, 29], "uv_size": [0.25, 0.25]},
								"west": {"uv": [23, 1], "uv_size": [4, 0.25]},
								"up": {"uv": [0, 23], "uv_size": [0.25, 4]},
								"down": {"uv": [1, 27], "uv_size": [0.25, -4]}
							}
						},
						{
							"origin": [-0.13663, 5.72376, 0.00164],
							"size": [0.27515, 0.2956, 3.86655],
							"inflate": 0.001,
							"uv": {
								"north": {"uv": [30, 35], "uv_size": [0.25, 0.25]},
								"east": {"uv": [25, 3], "uv_size": [3.75, 0.25]},
								"south": {"uv": [35, 30], "uv_size": [0.25, 0.25]},
								"west": {"uv": [25, 4], "uv_size": [3.75, 0.25]},
								"up": {"uv": [23, 24], "uv_size": [0.25, 3.75]},
								"down": {"uv": [2, 28.75], "uv_size": [0.25, -3.75]}
							}
						},
						{
							"origin": [-0.08279, 5.72382, -5.38477],
							"size": [0.27516, 0.27665, 3.88606],
							"pivot": [-0.01961, 5.18293, -0.20772],
							"rotation": [0, 0, -22.5],
							"uv": {
								"north": {"uv": [31, 35], "uv_size": [0.25, 0.25]},
								"south": {"uv": [35, 31], "uv_size": [0.25, 0.25]},
								"west": {"uv": [23, 2], "uv_size": [4, 0.25]},
								"up": {"uv": [23, 3], "uv_size": [0.25, 4]},
								"down": {"uv": [23, 11], "uv_size": [0.25, -4]}
							}
						},
						{
							"origin": [-0.08279, 5.72382, 0.00164],
							"size": [0.27516, 0.27665, 3.86655],
							"pivot": [-0.01961, 5.18293, -0.20772],
							"rotation": [0, 0, -22.5],
							"uv": {
								"north": {"uv": [32, 35], "uv_size": [0.25, 0.25]},
								"south": {"uv": [35, 32], "uv_size": [0.25, 0.25]},
								"west": {"uv": [25, 5], "uv_size": [3.75, 0.25]},
								"up": {"uv": [3, 25], "uv_size": [0.25, 3.75]},
								"down": {"uv": [4, 28.75], "uv_size": [0.25, -3.75]}
							}
						},
						{
							"origin": [-0.01526, 5.68576, -5.38477],
							"size": [0.27514, 0.27666, 3.88606],
							"pivot": [0.00539, 5.18293, -0.20772],
							"rotation": [0, 0, -45],
							"uv": {
								"north": {"uv": [33, 35], "uv_size": [0.25, 0.25]},
								"south": {"uv": [35, 33], "uv_size": [0.25, 0.25]},
								"up": {"uv": [12, 23], "uv_size": [0.25, 4]},
								"down": {"uv": [13, 27], "uv_size": [0.25, -4]}
							}
						},
						{
							"origin": [0.23961, 4.92146, 0.00164],
							"size": [0.27514, 0.27666, 3.86655],
							"inflate": 0.001,
							"pivot": [-0.81961, 4.48293, -0.20772],
							"rotation": [0, 0, -43.5],
							"uv": {
								"north": {"uv": [34, 35], "uv_size": [0.25, 0.25]},
								"east": {"uv": [25, 6], "uv_size": [3.75, 0.25]},
								"south": {"uv": [35, 34], "uv_size": [0.25, 0.25]},
								"up": {"uv": [6, 25], "uv_size": [0.25, 3.75]},
								"down": {"uv": [25, 10.75], "uv_size": [0.25, -3.75]}
							}
						},
						{
							"origin": [0.30452, 4.78801, -5.38477],
							"size": [0.41498, 0.27515, 1.91398],
							"pivot": [0.28039, 4.78293, -4.30772],
							"rotation": [0, 0, -50],
							"uv": {
								"north": {"uv": [33, 8], "uv_size": [0.5, 0.25]},
								"east": {"uv": [26, 27], "uv_size": [2, 0.25]},
								"south": {"uv": [9, 33], "uv_size": [0.5, 0.25]},
								"west": {"uv": [0, 28], "uv_size": [2, 0.25]},
								"up": {"uv": [14, 23], "uv_size": [0.5, 2]},
								"down": {"uv": [23, 16], "uv_size": [0.5, -2]}
							}
						},
						{
							"origin": [-0.49861, 4.92179, -5.38477],
							"size": [0.27515, 0.41499, 2.36398],
							"pivot": [-0.01961, 5.18293, -0.20772],
							"rotation": [0, 0, -22.5],
							"uv": {
								"north": {"uv": [33, 9], "uv_size": [0.25, 0.5]},
								"east": {"uv": [18, 14], "uv_size": [2.25, 0.5]},
								"south": {"uv": [10, 33], "uv_size": [0.25, 0.5]},
								"west": {"uv": [21, 11], "uv_size": [2.25, 0.5]},
								"up": {"uv": [14, 27], "uv_size": [0.25, 2.25]},
								"down": {"uv": [15, 29.25], "uv_size": [0.25, -2.25]}
							}
						}
					]
				},
				{
					"name": "slide4",
					"parent": "slide",
					"pivot": [0.05, 0, 0.6],
					"cubes": [
						{
							"origin": [-0.5385, 4.75121, 2.51536],
							"size": [1.10079, 0.9683, 0.0625],
							"uv": {
								"north": {"uv": [17, 23], "uv_size": [1, 1]},
								"east": {"uv": [30, 27], "uv_size": [0.25, 1]},
								"south": {"uv": [23, 17], "uv_size": [1, 1]},
								"west": {"uv": [28, 30], "uv_size": [0.25, 1]},
								"up": {"uv": [30, 28], "uv_size": [1, 0.25]},
								"down": {"uv": [29, 30.25], "uv_size": [1, -0.25]}
							}
						},
						{
							"origin": [-0.5385, 4.75121, 2.39036],
							"size": [1.10079, 0.9683, 0.0625],
							"uv": {
								"north": {"uv": [18, 23], "uv_size": [1, 1]},
								"east": {"uv": [30, 29], "uv_size": [0.25, 1]},
								"south": {"uv": [23, 18], "uv_size": [1, 1]},
								"west": {"uv": [30, 30], "uv_size": [0.25, 1]},
								"up": {"uv": [0, 31], "uv_size": [1, 0.25]},
								"down": {"uv": [31, 0.25], "uv_size": [1, -0.25]}
							}
						},
						{
							"origin": [-0.5385, 4.75121, 2.26536],
							"size": [1.10079, 0.9683, 0.0625],
							"uv": {
								"north": {"uv": [23, 19], "uv_size": [1, 1]},
								"east": {"uv": [1, 31], "uv_size": [0.25, 1]},
								"south": {"uv": [23, 20], "uv_size": [1, 1]},
								"west": {"uv": [31, 1], "uv_size": [0.25, 1]},
								"up": {"uv": [2, 31], "uv_size": [1, 0.25]},
								"down": {"uv": [3, 31.25], "uv_size": [1, -0.25]}
							}
						},
						{
							"origin": [-0.5385, 4.75121, 2.14036],
							"size": [1.10079, 0.9683, 0.0625],
							"uv": {
								"north": {"uv": [23, 21], "uv_size": [1, 1]},
								"east": {"uv": [31, 3], "uv_size": [0.25, 1]},
								"south": {"uv": [23, 22], "uv_size": [1, 1]},
								"west": {"uv": [4, 31], "uv_size": [0.25, 1]},
								"up": {"uv": [31, 4], "uv_size": [1, 0.25]},
								"down": {"uv": [5, 31.25], "uv_size": [1, -0.25]}
							}
						},
						{
							"origin": [-0.5385, 4.75121, 2.01536],
							"size": [1.10079, 0.9683, 0.0625],
							"uv": {
								"north": {"uv": [23, 23], "uv_size": [1, 1]},
								"east": {"uv": [31, 5], "uv_size": [0.25, 1]},
								"south": {"uv": [2, 24], "uv_size": [1, 1]},
								"west": {"uv": [6, 31], "uv_size": [0.25, 1]},
								"up": {"uv": [31, 6], "uv_size": [1, 0.25]},
								"down": {"uv": [8, 31.25], "uv_size": [1, -0.25]}
							}
						},
						{
							"origin": [-0.5385, 4.75121, 1.89036],
							"size": [1.10079, 0.9683, 0.0625],
							"uv": {
								"north": {"uv": [3, 24], "uv_size": [1, 1]},
								"east": {"uv": [9, 31], "uv_size": [0.25, 1]},
								"south": {"uv": [24, 3], "uv_size": [1, 1]},
								"west": {"uv": [10, 31], "uv_size": [0.25, 1]},
								"up": {"uv": [11, 31], "uv_size": [1, 0.25]},
								"down": {"uv": [31, 13.25], "uv_size": [1, -0.25]}
							}
						},
						{
							"origin": [-0.5385, 4.75121, 1.76536],
							"size": [1.10079, 0.9683, 0.0625],
							"uv": {
								"north": {"uv": [24, 4], "uv_size": [1, 1]},
								"east": {"uv": [14, 31], "uv_size": [0.25, 1]},
								"south": {"uv": [24, 5], "uv_size": [1, 1]},
								"west": {"uv": [31, 14], "uv_size": [0.25, 1]},
								"up": {"uv": [15, 31], "uv_size": [1, 0.25]},
								"down": {"uv": [31, 15.25], "uv_size": [1, -0.25]}
							}
						},
						{
							"origin": [-0.5385, 4.75121, 1.64035],
							"size": [1.10079, 0.9683, 0.06251],
							"uv": {
								"north": {"uv": [6, 24], "uv_size": [1, 1]},
								"east": {"uv": [16, 31], "uv_size": [0.25, 1]},
								"south": {"uv": [24, 6], "uv_size": [1, 1]},
								"west": {"uv": [31, 16], "uv_size": [0.25, 1]},
								"up": {"uv": [17, 31], "uv_size": [1, 0.25]},
								"down": {"uv": [31, 17.25], "uv_size": [1, -0.25]}
							}
						},
						{
							"origin": [-0.5385, 4.75121, 1.51535],
							"size": [1.10079, 0.9683, 0.0625],
							"uv": {
								"north": {"uv": [24, 7], "uv_size": [1, 1]},
								"east": {"uv": [18, 31], "uv_size": [0.25, 1]},
								"south": {"uv": [24, 8], "uv_size": [1, 1]},
								"west": {"uv": [31, 18], "uv_size": [0.25, 1]},
								"up": {"uv": [19, 31], "uv_size": [1, 0.25]},
								"down": {"uv": [31, 19.25], "uv_size": [1, -0.25]}
							}
						},
						{
							"origin": [-0.5385, 4.75121, 1.39035],
							"size": [1.10079, 0.9683, 0.0625],
							"uv": {
								"north": {"uv": [24, 9], "uv_size": [1, 1]},
								"east": {"uv": [20, 31], "uv_size": [0.25, 1]},
								"south": {"uv": [24, 10], "uv_size": [1, 1]},
								"west": {"uv": [31, 20], "uv_size": [0.25, 1]},
								"up": {"uv": [21, 31], "uv_size": [1, 0.25]},
								"down": {"uv": [31, 21.25], "uv_size": [1, -0.25]}
							}
						},
						{
							"origin": [-0.5385, 4.75121, 1.26535],
							"size": [1.10079, 0.9683, 0.0625],
							"uv": {
								"north": {"uv": [24, 11], "uv_size": [1, 1]},
								"east": {"uv": [22, 31], "uv_size": [0.25, 1]},
								"south": {"uv": [24, 14], "uv_size": [1, 1]},
								"west": {"uv": [31, 22], "uv_size": [0.25, 1]},
								"up": {"uv": [23, 31], "uv_size": [1, 0.25]},
								"down": {"uv": [31, 23.25], "uv_size": [1, -0.25]}
							}
						},
						{
							"origin": [-0.5385, 4.75121, 1.14035],
							"size": [1.10079, 0.9683, 0.0625],
							"uv": {
								"north": {"uv": [15, 24], "uv_size": [1, 1]},
								"east": {"uv": [24, 31], "uv_size": [0.25, 1]},
								"south": {"uv": [24, 15], "uv_size": [1, 1]},
								"west": {"uv": [31, 24], "uv_size": [0.25, 1]},
								"up": {"uv": [25, 31], "uv_size": [1, 0.25]},
								"down": {"uv": [31, 25.25], "uv_size": [1, -0.25]}
							}
						}
					]
				},
				{
					"name": "slide2",
					"parent": "slide",
					"pivot": [0, 0, 0.975],
					"cubes": [
						{
							"origin": [0.24146, 4.75121, 3.86819],
							"size": [0.32083, 0.30259, 0.27665],
							"uv": {
								"east": {"uv": [35, 35], "uv_size": [0.25, 0.25]},
								"south": {"uv": [0, 36], "uv_size": [0.25, 0.25]},
								"west": {"uv": [36, 0], "uv_size": [0.25, 0.25]},
								"up": {"uv": [1, 36], "uv_size": [0.25, 0.25]},
								"down": {"uv": [36, 1.25], "uv_size": [0.25, -0.25]}
							}
						},
						{
							"origin": [0.24146, 3.76577, 3.57415],
							"size": [0.32083, 0.72622, 0.26334],
							"inflate": -0.001,
							"pivot": [-0.01961, 5.18293, 0.76728],
							"rotation": [22.5, 0, 0],
							"uv": {
								"north": {"uv": [32, 18], "uv_size": [0.25, 0.75]},
								"east": {"uv": [19, 32], "uv_size": [0.25, 0.75]},
								"south": {"uv": [32, 19], "uv_size": [0.25, 0.75]},
								"west": {"uv": [20, 32], "uv_size": [0.25, 0.75]},
								"down": {"uv": [2, 36.25], "uv_size": [0.25, -0.25]}
							}
						},
						{
							"origin": [-0.5385, 3.76577, 3.57415],
							"size": [0.29582, 0.72622, 0.26334],
							"inflate": -0.001,
							"pivot": [-0.01961, 5.18293, 0.76728],
							"rotation": [22.5, 0, 0],
							"uv": {
								"north": {"uv": [32, 20], "uv_size": [0.25, 0.75]},
								"east": {"uv": [21, 32], "uv_size": [0.25, 0.75]},
								"south": {"uv": [32, 21], "uv_size": [0.25, 0.75]},
								"west": {"uv": [22, 32], "uv_size": [0.25, 0.75]},
								"down": {"uv": [36, 2.25], "uv_size": [0.25, -0.25]}
							}
						},
						{
							"origin": [-0.5385, 4.75121, 3.86819],
							"size": [0.29582, 0.30259, 0.27665],
							"uv": {
								"east": {"uv": [3, 36], "uv_size": [0.25, 0.25]},
								"south": {"uv": [36, 3], "uv_size": [0.25, 0.25]},
								"west": {"uv": [4, 36], "uv_size": [0.25, 0.25]},
								"up": {"uv": [36, 4], "uv_size": [0.25, 0.25]},
								"down": {"uv": [5, 36.25], "uv_size": [0.25, -0.25]}
							}
						}
					]
				},
				{
					"name": "slide3",
					"parent": "slide2",
					"pivot": [0, 0, 0.95],
					"cubes": [
						{
							"origin": [-0.25854, 4.75121, 3.84319],
							"size": [0.52083, 0.30259, 0.27665],
							"uv": {
								"east": {"uv": [36, 5], "uv_size": [0.25, 0.25]},
								"south": {"uv": [33, 10], "uv_size": [0.5, 0.25]},
								"west": {"uv": [6, 36], "uv_size": [0.25, 0.25]},
								"up": {"uv": [11, 33], "uv_size": [0.5, 0.25]},
								"down": {"uv": [33, 11.25], "uv_size": [0.5, -0.25]}
							}
						},
						{
							"origin": [-0.25854, 3.76577, 3.54915],
							"size": [0.52083, 0.72622, 0.26334],
							"inflate": -0.001,
							"pivot": [-0.36961, 5.18293, 0.74228],
							"rotation": [22.5, 0, 0],
							"uv": {
								"north": {"uv": [20, 29], "uv_size": [0.5, 0.75]},
								"east": {"uv": [32, 22], "uv_size": [0.25, 0.75]},
								"south": {"uv": [21, 29], "uv_size": [0.5, 0.75]},
								"west": {"uv": [23, 32], "uv_size": [0.25, 0.75]},
								"down": {"uv": [12, 33.25], "uv_size": [0.5, -0.25]}
							}
						}
					]
				},
				{
					"name": "bullet_in_barrel",
					"parent": "slide",
					"pivot": [0, 5.415, -0.7625],
					"rotation": [90, 0, 0],
					"cubes": [
						{
							"origin": [-0.2125, 5.8, -0.975],
							"size": [0.425, 0.325, 0.425],
							"uv": {
								"north": {"uv": [33, 12], "uv_size": [0.5, 0.25]},
								"east": {"uv": [13, 33], "uv_size": [0.5, 0.25]},
								"south": {"uv": [33, 13], "uv_size": [0.5, 0.25]},
								"west": {"uv": [14, 33], "uv_size": [0.5, 0.25]},
								"up": {"uv": [26, 31], "uv_size": [0.5, 0.5]},
								"down": {"uv": [31, 26.5], "uv_size": [0.5, -0.5]}
							}
						},
						{
							"origin": [-0.1375, 6.125, -0.9],
							"size": [0.275, 0.1, 0.275],
							"uv": {
								"north": {"uv": [36, 6], "uv_size": [0.25, 0.25]},
								"east": {"uv": [7, 36], "uv_size": [0.25, 0.25]},
								"south": {"uv": [36, 7], "uv_size": [0.25, 0.25]},
								"west": {"uv": [8, 36], "uv_size": [0.25, 0.25]},
								"up": {"uv": [36, 8], "uv_size": [0.25, 0.25]},
								"down": {"uv": [9, 36.25], "uv_size": [0.25, -0.25]}
							}
						},
						{
							"origin": [-0.175, 4.8, -0.9375],
							"size": [0.35, 0.075, 0.35],
							"uv": {
								"north": {"uv": [36, 9], "uv_size": [0.25, 0.25]},
								"east": {"uv": [10, 36], "uv_size": [0.25, 0.25]},
								"south": {"uv": [36, 10], "uv_size": [0.25, 0.25]},
								"west": {"uv": [11, 36], "uv_size": [0.25, 0.25]},
								"up": {"uv": [36, 11], "uv_size": [0.25, 0.25]},
								"down": {"uv": [12, 36.25], "uv_size": [0.25, -0.25]}
							}
						},
						{
							"origin": [-0.25, 4.725, -1.0125],
							"size": [0.5, 0.075, 0.5],
							"uv": {
								"north": {"uv": [33, 14], "uv_size": [0.5, 0.25]},
								"east": {"uv": [15, 33], "uv_size": [0.5, 0.25]},
								"south": {"uv": [33, 15], "uv_size": [0.5, 0.25]},
								"west": {"uv": [16, 33], "uv_size": [0.5, 0.25]},
								"up": {"uv": [27, 31], "uv_size": [0.5, 0.5]},
								"down": {"uv": [31, 27.5], "uv_size": [0.5, -0.5]}
							}
						},
						{
							"origin": [-0.25, 4.875, -1.0125],
							"size": [0.5, 0.925, 0.5],
							"uv": {
								"north": {"uv": [28, 1], "uv_size": [0.5, 1]},
								"east": {"uv": [28, 2], "uv_size": [0.5, 1]},
								"south": {"uv": [28, 7], "uv_size": [0.5, 1]},
								"west": {"uv": [28, 8], "uv_size": [0.5, 1]},
								"up": {"uv": [28, 31], "uv_size": [0.5, 0.5]},
								"down": {"uv": [31, 28.5], "uv_size": [0.5, -0.5]}
							}
						}
					]
				},
				{
					"name": "sight",
					"parent": "slide",
					"pivot": [-0.01901, 5.23293, 0.21415],
					"cubes": [
						{
							"origin": [-0.06977, 5.98366, -5.12531],
							"size": [0.13833, 0.20416, 0.34582],
							"pivot": [-0.00061, 6.08574, -4.9524],
							"rotation": [22.5, 0, 0],
							"uv": {
								"north": {"uv": [36, 12], "uv_size": [0.25, 0.25]},
								"east": {"uv": [13, 36], "uv_size": [0.25, 0.25]},
								"south": {"uv": [36, 13], "uv_size": [0.25, 0.25]},
								"west": {"uv": [14, 36], "uv_size": [0.25, 0.25]},
								"up": {"uv": [36, 14], "uv_size": [0.25, 0.25]}
							}
						},
						{
							"origin": [-0.06977, 5.98366, -4.88394],
							"size": [0.13833, 0.20416, 0.34582],
							"pivot": [-0.00061, 6.08574, -4.71103],
							"rotation": [-22.5, 0, 0],
							"uv": {
								"north": {"uv": [15, 36], "uv_size": [0.25, 0.25]},
								"east": {"uv": [36, 15], "uv_size": [0.25, 0.25]},
								"south": {"uv": [16, 36], "uv_size": [0.25, 0.25]},
								"west": {"uv": [36, 16], "uv_size": [0.25, 0.25]},
								"up": {"uv": [17, 36], "uv_size": [0.25, 0.25]}
							}
						},
						{
							"origin": [-0.06977, 5.90972, -5.15121],
							"size": [0.13833, 0.20416, 0.63899],
							"uv": {
								"north": {"uv": [36, 17], "uv_size": [0.25, 0.25]},
								"east": {"uv": [32, 23], "uv_size": [0.75, 0.25]},
								"south": {"uv": [18, 36], "uv_size": [0.25, 0.25]},
								"west": {"uv": [24, 32], "uv_size": [0.75, 0.25]},
								"up": {"uv": [32, 24], "uv_size": [0.25, 0.75]}
							}
						},
						{
							"origin": [0.15395, 6.05283, 2.98832],
							"size": [0.15728, 0.19749, 0.11144],
							"uv": {
								"north": {"uv": [36, 18], "uv_size": [0.25, 0.25]},
								"east": {"uv": [19, 36], "uv_size": [0.25, 0.25]},
								"south": {"uv": [36, 19], "uv_size": [0.25, 0.25]},
								"west": {"uv": [20, 36], "uv_size": [0.25, 0.25]},
								"up": {"uv": [36, 20], "uv_size": [0.25, 0.25]}
							}
						},
						{
							"origin": [0.05538, 6.01233, 2.98832],
							"size": [0.19634, 0.1975, 0.11144],
							"pivot": [0.15354, 6.11108, 3.04404],
							"rotation": [0, 0, 45],
							"uv": {
								"north": {"uv": [21, 36], "uv_size": [0.25, 0.25]},
								"east": {"uv": [36, 21], "uv_size": [0.25, 0.25]},
								"south": {"uv": [22, 36], "uv_size": [0.25, 0.25]},
								"down": {"uv": [36, 22.25], "uv_size": [0.25, -0.25]}
							}
						},
						{
							"origin": [-0.25253, 6.01233, 2.98832],
							"size": [0.19634, 0.1975, 0.11144],
							"pivot": [-0.15436, 6.11108, 3.04404],
							"rotation": [0, 0, 45],
							"uv": {
								"north": {"uv": [23, 36], "uv_size": [0.25, 0.25]},
								"east": {"uv": [36, 23], "uv_size": [0.25, 0.25]},
								"south": {"uv": [24, 36], "uv_size": [0.25, 0.25]},
								"west": {"uv": [36, 24], "uv_size": [0.25, 0.25]},
								"up": {"uv": [25, 36], "uv_size": [0.25, 0.25]}
							}
						},
						{
							"origin": [-0.31124, 6.05283, 2.98832],
							"size": [0.15729, 0.19749, 0.11144],
							"uv": {
								"north": {"uv": [36, 25], "uv_size": [0.25, 0.25]},
								"east": {"uv": [26, 36], "uv_size": [0.25, 0.25]},
								"south": {"uv": [36, 26], "uv_size": [0.25, 0.25]},
								"west": {"uv": [27, 36], "uv_size": [0.25, 0.25]},
								"up": {"uv": [36, 27], "uv_size": [0.25, 0.25]}
							}
						},
						{
							"origin": [-0.31124, 6.03937, 3.05619],
							"size": [0.62247, 0.12606, 0.0652],
							"pivot": [0.0003, 6.12918, 3.10409],
							"rotation": [22.5, 0, 0],
							"uv": {
								"north": {"uv": [33, 16], "uv_size": [0.5, 0.25]},
								"east": {"uv": [28, 36], "uv_size": [0.25, 0.25]},
								"south": {"uv": [17, 33], "uv_size": [0.5, 0.25]},
								"west": {"uv": [36, 28], "uv_size": [0.25, 0.25]},
								"up": {"uv": [33, 17], "uv_size": [0.5, 0.25]}
							}
						},
						{
							"origin": [-0.31124, 6.03937, 2.96668],
							"size": [0.62247, 0.12606, 0.06521],
							"pivot": [-0.20855, 6.12918, 2.98398],
							"rotation": [-22.5, 0, 0],
							"uv": {
								"north": {"uv": [18, 33], "uv_size": [0.5, 0.25]},
								"east": {"uv": [29, 36], "uv_size": [0.25, 0.25]},
								"south": {"uv": [33, 18], "uv_size": [0.5, 0.25]},
								"west": {"uv": [36, 29], "uv_size": [0.25, 0.25]},
								"up": {"uv": [19, 33], "uv_size": [0.5, 0.25]}
							}
						},
						{
							"origin": [-0.11808, 6.05283, 2.99383],
							"size": [0.23616, 0.11408, 0.10042],
							"uv": {
								"north": {"uv": [30, 36], "uv_size": [0.25, 0.25]},
								"south": {"uv": [36, 30], "uv_size": [0.25, 0.25]},
								"up": {"uv": [31, 36], "uv_size": [0.25, 0.25]}
							}
						},
						{
							"origin": [-0.31124, 5.927, 2.93363],
							"size": [0.62247, 0.12583, 0.22082],
							"uv": {
								"north": {"uv": [33, 19], "uv_size": [0.5, 0.25]},
								"east": {"uv": [36, 31], "uv_size": [0.25, 0.25]},
								"south": {"uv": [20, 33], "uv_size": [0.5, 0.25]},
								"west": {"uv": [32, 36], "uv_size": [0.25, 0.25]}
							}
						}
					]
				},
				{
					"name": "octagon",
					"parent": "slide",
					"pivot": [0, 4, 0]
				},
				{
					"name": "octagon2",
					"parent": "octagon",
					"pivot": [0, 0, 0.6],
					"cubes": [
						{
							"origin": [-0.45017, 5.20078, -5.4981],
							"size": [0.1902, 0.49081, 0.13833],
							"uv": {
								"north": {"uv": [33, 20], "uv_size": [0.25, 0.5]},
								"east": {"uv": [21, 33], "uv_size": [0.25, 0.5]},
								"south": {"uv": [33, 21], "uv_size": [0.25, 0.5]},
								"west": {"uv": [22, 33], "uv_size": [0.25, 0.5]},
								"up": {"uv": [36, 32], "uv_size": [0.25, 0.25]}
							}
						},
						{
							"origin": [0.25876, 5.20078, -5.4981],
							"size": [0.1902, 0.49081, 0.13833],
							"uv": {
								"north": {"uv": [33, 22], "uv_size": [0.25, 0.5]},
								"east": {"uv": [23, 33], "uv_size": [0.25, 0.5]},
								"south": {"uv": [33, 23], "uv_size": [0.25, 0.5]},
								"west": {"uv": [24, 33], "uv_size": [0.25, 0.5]},
								"up": {"uv": [33, 36], "uv_size": [0.25, 0.25]}
							}
						},
						{
							"origin": [-0.21476, 5.7368, -5.4981],
							"size": [0.42831, 0.1902, 0.13833],
							"uv": {
								"north": {"uv": [33, 24], "uv_size": [0.5, 0.25]},
								"south": {"uv": [25, 33], "uv_size": [0.5, 0.25]},
								"up": {"uv": [33, 25], "uv_size": [0.5, 0.25]},
								"down": {"uv": [26, 33.25], "uv_size": [0.5, -0.25]}
							}
						},
						{
							"origin": [-0.74655, 5.74971, -5.4981],
							"size": [0.20026, 0.33292, 0.13833],
							"pivot": [-0.66851, 5.36289, -5.42894],
							"rotation": [0, 0, 45],
							"uv": {
								"north": {"uv": [36, 33], "uv_size": [0.25, 0.25]},
								"east": {"uv": [34, 36], "uv_size": [0.25, 0.25]},
								"south": {"uv": [36, 34], "uv_size": [0.25, 0.25]},
								"west": {"uv": [35, 36], "uv_size": [0.25, 0.25]},
								"up": {"uv": [36, 35], "uv_size": [0.25, 0.25]},
								"down": {"uv": [36, 36.25], "uv_size": [0.25, -0.25]}
							}
						},
						{
							"origin": [0.54629, 5.74971, -5.4981],
							"size": [0.20026, 0.33292, 0.13833],
							"pivot": [0.66851, 5.36289, -5.42894],
							"rotation": [0, 0, -45],
							"uv": {
								"north": {"uv": [0, 37], "uv_size": [0.25, 0.25]},
								"east": {"uv": [37, 0], "uv_size": [0.25, 0.25]},
								"south": {"uv": [1, 37], "uv_size": [0.25, 0.25]},
								"west": {"uv": [37, 1], "uv_size": [0.25, 0.25]},
								"up": {"uv": [2, 37], "uv_size": [0.25, 0.25]},
								"down": {"uv": [37, 2.25], "uv_size": [0.25, -0.25]}
							}
						},
						{
							"origin": [-0.27726, 4.7858, -5.4981],
							"size": [0.55331, 0.43227, 0.13833],
							"uv": {
								"north": {"uv": [29, 31], "uv_size": [0.5, 0.5]},
								"south": {"uv": [31, 29], "uv_size": [0.5, 0.5]},
								"up": {"uv": [33, 26], "uv_size": [0.5, 0.25]},
								"down": {"uv": [27, 33.25], "uv_size": [0.5, -0.25]}
							}
						},
						{
							"origin": [0.1986, 4.72497, -5.4981],
							"size": [0.17291, 0.51873, 0.13833],
							"pivot": [0.30235, 5.02756, -5.42894],
							"rotation": [0, 0, 22.5],
							"uv": {
								"north": {"uv": [33, 27], "uv_size": [0.25, 0.5]},
								"south": {"uv": [28, 33], "uv_size": [0.25, 0.5]},
								"west": {"uv": [33, 28], "uv_size": [0.25, 0.5]},
								"down": {"uv": [3, 37.25], "uv_size": [0.25, -0.25]}
							}
						},
						{
							"origin": [-0.37404, 4.73159, -5.4981],
							"size": [0.17291, 0.51873, 0.13833],
							"pivot": [-0.28758, 5.03418, -5.42894],
							"rotation": [0, 0, -22.5],
							"uv": {
								"north": {"uv": [29, 33], "uv_size": [0.25, 0.5]},
								"east": {"uv": [33, 29], "uv_size": [0.25, 0.5]},
								"south": {"uv": [30, 33], "uv_size": [0.25, 0.5]},
								"down": {"uv": [37, 3.25], "uv_size": [0.25, -0.25]}
							}
						},
						{
							"origin": [-0.09572, 4.35698, -5.4406],
							"size": [0.18335, 0.44265, 0.55331],
							"pivot": [-0.00404, 4.5783, -5.16394],
							"rotation": [0, 0, 45],
							"uv": {
								"north": {"uv": [33, 30], "uv_size": [0.25, 0.5]},
								"south": {"uv": [31, 33], "uv_size": [0.25, 0.5]},
								"west": {"uv": [30, 31], "uv_size": [0.5, 0.5]},
								"up": {"uv": [33, 31], "uv_size": [0.25, 0.5]},
								"down": {"uv": [32, 33.5], "uv_size": [0.25, -0.5]}
							}
						},
						{
							"origin": [-0.09572, 4.35698, -5.4406],
							"size": [0.18335, 0.44265, 0.55331],
							"uv": {
								"north": {"uv": [33, 32], "uv_size": [0.25, 0.5]},
								"east": {"uv": [31, 30], "uv_size": [0.5, 0.5]},
								"down": {"uv": [33, 33.5], "uv_size": [0.25, -0.5]}
							}
						},
						{
							"origin": [-0.22537, 4.48663, -5.4406],
							"size": [0.44264, 0.18335, 0.55331],
							"pivot": [-0.00404, 4.5783, -5.16394],
							"rotation": [0, 0, 45],
							"uv": {
								"north": {"uv": [0, 34], "uv_size": [0.5, 0.25]},
								"east": {"uv": [34, 0], "uv_size": [0.5, 0.25]},
								"south": {"uv": [1, 34], "uv_size": [0.5, 0.25]},
								"west": {"uv": [34, 1], "uv_size": [0.5, 0.25]},
								"up": {"uv": [31, 31], "uv_size": [0.5, 0.5]}
							}
						},
						{
							"origin": [-0.22537, 4.48663, -5.4406],
							"size": [0.44264, 0.18335, 0.55331],
							"uv": {
								"north": {"uv": [2, 34], "uv_size": [0.5, 0.25]},
								"east": {"uv": [34, 2], "uv_size": [0.5, 0.25]},
								"west": {"uv": [3, 34], "uv_size": [0.5, 0.25]},
								"down": {"uv": [0, 32.5], "uv_size": [0.5, -0.5]}
							}
						}
					]
				},
				{
					"name": "gun",
					"parent": "m1911",
					"pivot": [0, 0, 0]
				},
				{
					"name": "grip",
					"parent": "gun",
					"pivot": [0, 1.64788, 1.13013],
					"cubes": [
						{
							"origin": [-0.59747, 0.06845, 1.85992],
							"size": [1.19494, 4.09796, 0.84081],
							"pivot": [0, 2.24243, 2.23032],
							"rotation": [22.5, 0, 0],
							"uv": {
								"east": {"uv": [1, 8], "uv_size": [0.75, 4]},
								"west": {"uv": [8, 5], "uv_size": [0.75, 4]}
							}
						},
						{
							"origin": [-0.62247, -0.16889, 1.27579],
							"size": [1.24494, 3.94011, 0.66359],
							"inflate": 0.001,
							"pivot": [0, 2.13867, 1.60758],
							"rotation": [20, 0, 0],
							"uv": {
								"north": {"uv": [0, 0], "uv_size": [1.25, 4]},
								"east": {"uv": [0, 9], "uv_size": [0.75, 4]},
								"west": {"uv": [9, 0], "uv_size": [0.75, 4]},
								"up": {"uv": [25, 11], "uv_size": [1.25, 0.75]}
							}
						},
						{
							"origin": [-0.62247, 0.64795, 2.56644],
							"size": [1.24494, 3.49082, 0.57291],
							"pivot": [0, 2.45586, 2.85289],
							"rotation": [22.5, 0, 0],
							"uv": {
								"east": {"uv": [7, 13], "uv_size": [0.5, 3.5]},
								"south": {"uv": [5, 0], "uv_size": [1.25, 3.5]},
								"west": {"uv": [13, 11], "uv_size": [0.5, 3.5]}
							}
						},
						{
							"origin": [-0.57247, 3.61924, 1.69855],
							"size": [1.14494, 0.37666, 0.74401],
							"inflate": 0.001,
							"pivot": [0, 4.025, 2.65],
							"rotation": [-30.5, 0, 0],
							"uv": {
								"north": {"uv": [26, 21], "uv_size": [1.25, 0.5]},
								"east": {"uv": [29, 21], "uv_size": [0.75, 0.5]},
								"west": {"uv": [22, 29], "uv_size": [0.75, 0.5]},
								"up": {"uv": [14, 25], "uv_size": [1.25, 0.75]}
							}
						},
						{
							"origin": [-0.59747, 4.16924, 0.87355],
							"size": [1.19494, 0.37666, 0.89401],
							"inflate": 0.001,
							"pivot": [0, 4.575, 1.975],
							"rotation": [23.75, 0, 0],
							"uv": {
								"north": {"uv": [26, 22], "uv_size": [1.25, 0.5]},
								"east": {"uv": [9, 28], "uv_size": [1, 0.5]},
								"west": {"uv": [28, 9], "uv_size": [1, 0.5]},
								"up": {"uv": [2, 18], "uv_size": [1.25, 1]}
							}
						},
						{
							"origin": [-0.57247, 3.81322, 0.83485],
							"size": [1.14494, 0.40166, 0.56901],
							"inflate": 0.001,
							"pivot": [0, 3.8, 1.3],
							"rotation": [65, 0, 0],
							"uv": {
								"north": {"uv": [24, 26], "uv_size": [1.25, 0.5]},
								"east": {"uv": [32, 0], "uv_size": [0.5, 0.5]},
								"west": {"uv": [1, 32], "uv_size": [0.5, 0.5]},
								"up": {"uv": [26, 25], "uv_size": [1.25, 0.5]}
							}
						},
						{
							"origin": [-0.59747, 0.60221, 3.30816],
							"size": [1.19494, 0.27865, 0.52109],
							"pivot": [0, 0.71654, 3.5687],
							"rotation": [59.5, 0, 0],
							"uv": {
								"east": {"uv": [34, 3], "uv_size": [0.5, 0.25]},
								"west": {"uv": [4, 34], "uv_size": [0.5, 0.25]},
								"down": {"uv": [26, 26.5], "uv_size": [1.25, -0.5]}
							}
						},
						{
							"origin": [-0.6, -0.04558, 2.07454],
							"size": [1.2, 0.5, 1.525],
							"pivot": [-0.125, -0.01433, 2.82454],
							"rotation": [7.5, 0, 0],
							"uv": {
								"north": {"uv": [0, 27], "uv_size": [1.25, 0.5]},
								"east": {"uv": [26, 12], "uv_size": [1.5, 0.5]},
								"south": {"uv": [27, 0], "uv_size": [1.25, 0.5]},
								"west": {"uv": [26, 13], "uv_size": [1.5, 0.5]},
								"up": {"uv": [13, 7], "uv_size": [1.25, 1.5]},
								"down": {"uv": [13, 10.5], "uv_size": [1.25, -1.5]}
							}
						}
					]
				},
				{
					"name": "group",
					"parent": "grip",
					"pivot": [0.44551, -2.0291, 3.09047],
					"cubes": [
						{
							"origin": [-0.70235, 0.61806, 2.68401],
							"size": [1.3966, 0.27665, 0.27665],
							"pivot": [-0.00405, 0.75638, 2.82233],
							"rotation": [45, 0, 0],
							"uv": {
								"north": {"uv": [29, 22], "uv_size": [1.5, 0.25]},
								"east": {"uv": [4, 37], "uv_size": [0.25, 0.25]},
								"south": {"uv": [23, 29], "uv_size": [1.5, 0.25]},
								"west": {"uv": [37, 4], "uv_size": [0.25, 0.25]},
								"up": {"uv": [29, 23], "uv_size": [1.5, 0.25]},
								"down": {"uv": [29, 24.25], "uv_size": [1.5, -0.25]}
							}
						},
						{
							"origin": [-0.70235, 3.81301, 1.48561],
							"size": [1.3966, 0.27665, 0.27665],
							"pivot": [-0.00405, 3.95133, 1.62394],
							"rotation": [45, 0, 0],
							"uv": {
								"north": {"uv": [25, 29], "uv_size": [1.5, 0.25]},
								"east": {"uv": [5, 37], "uv_size": [0.25, 0.25]},
								"south": {"uv": [29, 25], "uv_size": [1.5, 0.25]},
								"west": {"uv": [37, 5], "uv_size": [0.25, 0.25]},
								"up": {"uv": [29, 26], "uv_size": [1.5, 0.25]},
								"down": {"uv": [27, 29.25], "uv_size": [1.5, -0.25]}
							}
						}
					]
				},
				{
					"name": "trigger",
					"parent": "gun",
					"pivot": [-0.00404, 3.78678, 0.09654],
					"cubes": [
						{
							"origin": [-0.14238, 2.85552, 0.0226],
							"size": [0.27666, 1.1412, 0.77832],
							"uv": {
								"north": {"uv": [7, 30], "uv_size": [0.25, 1.25]},
								"east": {"uv": [25, 14], "uv_size": [0.75, 1.25]},
								"west": {"uv": [17, 25], "uv_size": [0.75, 1.25]}
							}
						},
						{
							"origin": [-0.14238, 2.82094, -0.04656],
							"size": [0.27666, 0.44956, 0.20749],
							"inflate": -0.001,
							"pivot": [-0.00404, 3.0803, -0.04656],
							"rotation": [-45, 0, 0],
							"uv": {
								"north": {"uv": [34, 4], "uv_size": [0.25, 0.5]},
								"east": {"uv": [5, 34], "uv_size": [0.25, 0.5]},
								"west": {"uv": [34, 5], "uv_size": [0.25, 0.5]},
								"down": {"uv": [6, 37.25], "uv_size": [0.25, -0.25]}
							}
						},
						{
							"origin": [-0.14238, 2.99978, -0.1014],
							"size": [0.27666, 0.31124, 0.20749],
							"inflate": -0.001,
							"pivot": [-0.00404, 2.98249, 0.00234],
							"rotation": [-22.5, 0, 0],
							"uv": {
								"north": {"uv": [37, 6], "uv_size": [0.25, 0.25]},
								"east": {"uv": [7, 37], "uv_size": [0.25, 0.25]},
								"west": {"uv": [37, 7], "uv_size": [0.25, 0.25]}
							}
						},
						{
							"origin": [-0.14238, 3.47289, 0.12415],
							"size": [0.27666, 0.31124, 0.2075],
							"inflate": -0.001,
							"pivot": [-0.00404, 3.24811, -0.18708],
							"rotation": [22.5, 0, 0],
							"uv": {
								"north": {"uv": [8, 37], "uv_size": [0.25, 0.25]},
								"east": {"uv": [37, 8], "uv_size": [0.25, 0.25]},
								"west": {"uv": [9, 37], "uv_size": [0.25, 0.25]},
								"down": {"uv": [37, 9.25], "uv_size": [0.25, -0.25]}
							}
						},
						{
							"origin": [-0.14238, 3.8147, -0.04178],
							"size": [0.27666, 0.3804, 0.20749],
							"inflate": -0.001,
							"pivot": [-0.00404, 3.84928, 0.09654],
							"rotation": [45, 0, 0],
							"uv": {
								"north": {"uv": [6, 34], "uv_size": [0.25, 0.5]},
								"east": {"uv": [34, 6], "uv_size": [0.25, 0.5]},
								"west": {"uv": [7, 34], "uv_size": [0.25, 0.5]}
							}
						}
					]
				},
				{
					"name": "parts",
					"parent": "gun",
					"pivot": [0.71875, 5.64227, 2.44653],
					"cubes": [
						{
							"origin": [-0.59375, 4.20881, 1.14053],
							"size": [1.1875, 0.28062, 0.28061],
							"pivot": [4.36984, 4.50672, -0.68835],
							"rotation": [-45, 0, 0],
							"uv": {
								"north": {"uv": [30, 7], "uv_size": [1.25, 0.25]},
								"east": {"uv": [10, 37], "uv_size": [0.25, 0.25]},
								"south": {"uv": [8, 30], "uv_size": [1.25, 0.25]},
								"west": {"uv": [37, 10], "uv_size": [0.25, 0.25]},
								"up": {"uv": [30, 8], "uv_size": [1.25, 0.25]},
								"down": {"uv": [30, 9.25], "uv_size": [1.25, -0.25]}
							}
						}
					]
				},
				{
					"name": "safety",
					"parent": "parts",
					"pivot": [0.79134, 4.56701, 3.05004],
					"rotation": [40, 0, 0],
					"cubes": [
						{
							"origin": [0.51468, 3.99647, 2.74049],
							"size": [0.10374, 0.46685, 0.31123],
							"pivot": [0.79134, 4.35958, 3.12089],
							"rotation": [-22.5, 0, 0],
							"uv": {
								"east": {"uv": [34, 7], "uv_size": [0.25, 0.5]},
								"south": {"uv": [8, 34], "uv_size": [0.25, 0.5]},
								"west": {"uv": [34, 8], "uv_size": [0.25, 0.5]},
								"down": {"uv": [11, 37.25], "uv_size": [0.25, -0.25]}
							}
						},
						{
							"origin": [0.51468, 4.3641, 2.65073],
							"size": [0.10374, 0.40447, 0.21983],
							"pivot": [0.79134, 4.49192, 2.74952],
							"rotation": [22.5, 0, 0],
							"uv": {
								"east": {"uv": [9, 34], "uv_size": [0.25, 0.5]},
								"west": {"uv": [34, 9], "uv_size": [0.25, 0.5]}
							}
						},
						{
							"origin": [0.51468, 4.19948, 2.5108],
							"size": [0.10374, 0.79539, 0.13833],
							"pivot": [0.79134, 4.47614, 2.64913],
							"rotation": [22.5, 0, 0],
							"uv": {
								"north": {"uv": [25, 32], "uv_size": [0.25, 0.75]},
								"east": {"uv": [32, 25], "uv_size": [0.25, 0.75]},
								"south": {"uv": [26, 32], "uv_size": [0.25, 0.75]},
								"west": {"uv": [32, 26], "uv_size": [0.25, 0.75]},
								"up": {"uv": [37, 11], "uv_size": [0.25, 0.25]},
								"down": {"uv": [12, 37.25], "uv_size": [0.25, -0.25]}
							}
						},
						{
							"origin": [0.51468, 4.46332, 2.27363],
							"size": [0.10374, 0.1902, 0.88184],
							"pivot": [0.79134, 4.35958, 3.12089],
							"rotation": [-22.5, 0, 0],
							"uv": {
								"east": {"uv": [32, 1], "uv_size": [1, 0.25]},
								"west": {"uv": [2, 32], "uv_size": [1, 0.25]},
								"up": {"uv": [32, 2], "uv_size": [0.25, 1]}
							}
						},
						{
							"origin": [0.61842, 4.52736, 2.26573],
							"size": [0.27666, 0.08646, 0.43228],
							"pivot": [0.89508, 4.31987, 3.21673],
							"rotation": [-22.5, 0, 0],
							"uv": {
								"north": {"uv": [37, 12], "uv_size": [0.25, 0.25]},
								"east": {"uv": [10, 34], "uv_size": [0.5, 0.25]},
								"south": {"uv": [13, 37], "uv_size": [0.25, 0.25]},
								"west": {"uv": [34, 10], "uv_size": [0.5, 0.25]},
								"up": {"uv": [11, 34], "uv_size": [0.25, 0.5]},
								"down": {"uv": [34, 11.5], "uv_size": [0.25, -0.5]}
							}
						},
						{
							"origin": [0.59717, 4.71008, 2.38462],
							"size": [0.29791, 0.06749, 0.43228],
							"pivot": [0.89508, 4.71008, 2.8169],
							"rotation": [-21.80633, -5.68422, -13.9042],
							"uv": {
								"north": {"uv": [37, 13], "uv_size": [0.25, 0.25]},
								"east": {"uv": [12, 34], "uv_size": [0.5, 0.25]},
								"south": {"uv": [14, 37], "uv_size": [0.25, 0.25]},
								"west": {"uv": [34, 12], "uv_size": [0.5, 0.25]},
								"down": {"uv": [13, 34.5], "uv_size": [0.25, -0.5]}
							}
						},
						{
							"origin": [0.51468, 4.43056, 2.99056],
							"size": [0.10374, 0.15561, 0.31323],
							"pivot": [0.79134, 4.51701, 3.20004],
							"rotation": [22.5, 0, 0],
							"uv": {
								"south": {"uv": [37, 14], "uv_size": [0.25, 0.25]},
								"west": {"uv": [15, 37], "uv_size": [0.25, 0.25]},
								"up": {"uv": [37, 15], "uv_size": [0.25, 0.25]},
								"down": {"uv": [16, 37.25], "uv_size": [0.25, -0.25]}
							}
						}
					]
				},
				{
					"name": "barrel",
					"parent": "gun",
					"pivot": [0, 4, 0],
					"cubes": [
						{
							"origin": [-0.15445, 5.11432, -5.63538],
							"size": [0.30081, 0.11067, 5.64512],
							"pivot": [-0.00404, 5.47743, -9.16526],
							"rotation": [0, 0, 45],
							"uv": {
								"north": {"uv": [37, 16], "uv_size": [0.25, 0.25]},
								"south": {"uv": [17, 37], "uv_size": [0.25, 0.25]},
								"up": {"uv": [10, 16], "uv_size": [0.25, 5.75]},
								"down": {"uv": [11, 21.75], "uv_size": [0.25, -5.75]}
							}
						},
						{
							"origin": [-0.15445, 5.11432, -5.63538],
							"size": [0.30081, 0.11067, 5.64512],
							"uv": {
								"north": {"uv": [37, 17], "uv_size": [0.25, 0.25]},
								"south": {"uv": [18, 37], "uv_size": [0.25, 0.25]},
								"west": {"uv": [16, 2], "uv_size": [5.75, 0.25]},
								"up": {"uv": [12, 16], "uv_size": [0.25, 5.75]},
								"down": {"uv": [13, 21.75], "uv_size": [0.25, -5.75]}
							}
						},
						{
							"origin": [-0.15445, 5.72988, -5.63538],
							"size": [0.30081, 0.11066, 5.64512],
							"pivot": [-0.00404, 5.47743, -9.16526],
							"rotation": [0, 0, 45],
							"uv": {
								"north": {"uv": [37, 18], "uv_size": [0.25, 0.25]},
								"south": {"uv": [19, 37], "uv_size": [0.25, 0.25]},
								"west": {"uv": [16, 3], "uv_size": [5.75, 0.25]},
								"up": {"uv": [14, 16], "uv_size": [0.25, 5.75]},
								"down": {"uv": [16, 20.75], "uv_size": [0.25, -5.75]}
							}
						},
						{
							"origin": [-0.15445, 5.72988, -5.63538],
							"size": [0.30081, 0.11066, 5.64512],
							"uv": {
								"north": {"uv": [37, 19], "uv_size": [0.25, 0.25]},
								"south": {"uv": [20, 37], "uv_size": [0.25, 0.25]},
								"up": {"uv": [0, 17], "uv_size": [0.25, 5.75]},
								"down": {"uv": [1, 22.75], "uv_size": [0.25, -5.75]}
							}
						},
						{
							"origin": [0.2484, 5.32703, -5.63538],
							"size": [0.11066, 0.30081, 5.64512],
							"pivot": [-0.00404, 5.47743, -9.16526],
							"rotation": [0, 0, 45],
							"uv": {
								"north": {"uv": [37, 20], "uv_size": [0.25, 0.25]},
								"east": {"uv": [17, 0], "uv_size": [5.75, 0.25]},
								"south": {"uv": [21, 37], "uv_size": [0.25, 0.25]},
								"west": {"uv": [17, 1], "uv_size": [5.75, 0.25]}
							}
						},
						{
							"origin": [0.2484, 5.32703, -5.63538],
							"size": [0.11066, 0.30081, 5.64512],
							"uv": {
								"north": {"uv": [37, 21], "uv_size": [0.25, 0.25]},
								"east": {"uv": [17, 4], "uv_size": [5.75, 0.25]},
								"south": {"uv": [22, 37], "uv_size": [0.25, 0.25]},
								"west": {"uv": [17, 7], "uv_size": [5.75, 0.25]}
							}
						},
						{
							"origin": [-0.36716, 5.32703, -5.63538],
							"size": [0.11066, 0.30081, 5.64512],
							"pivot": [-0.00404, 5.47743, -9.16526],
							"rotation": [0, 0, 45],
							"uv": {
								"north": {"uv": [37, 22], "uv_size": [0.25, 0.25]},
								"east": {"uv": [17, 8], "uv_size": [5.75, 0.25]},
								"south": {"uv": [23, 37], "uv_size": [0.25, 0.25]},
								"west": {"uv": [17, 9], "uv_size": [5.75, 0.25]}
							}
						},
						{
							"origin": [-0.36716, 5.32703, -5.63538],
							"size": [0.11066, 0.30081, 5.64512],
							"uv": {
								"north": {"uv": [37, 23], "uv_size": [0.25, 0.25]},
								"east": {"uv": [17, 10], "uv_size": [5.75, 0.25]},
								"south": {"uv": [24, 37], "uv_size": [0.25, 0.25]},
								"west": {"uv": [17, 15], "uv_size": [5.75, 0.25]}
							}
						},
						{
							"origin": [-0.24612, 5.23536, -0.58895],
							"size": [0.48414, 0.48415, 0.5533],
							"uv": {
								"north": {"uv": [3, 32], "uv_size": [0.5, 0.5]},
								"east": {"uv": [32, 3], "uv_size": [0.5, 0.5]},
								"south": {"uv": [4, 32], "uv_size": [0.5, 0.5]},
								"west": {"uv": [32, 4], "uv_size": [0.5, 0.5]},
								"up": {"uv": [5, 32], "uv_size": [0.5, 0.5]},
								"down": {"uv": [32, 5.5], "uv_size": [0.5, -0.5]}
							}
						},
						{
							"origin": [-0.2807, 4.61289, -1.69557],
							"size": [0.55331, 0.55331, 1.60156],
							"uv": {
								"north": {"uv": [6, 32], "uv_size": [0.5, 0.5]},
								"east": {"uv": [14, 26], "uv_size": [1.5, 0.5]},
								"south": {"uv": [32, 6], "uv_size": [0.5, 0.5]},
								"west": {"uv": [26, 14], "uv_size": [1.5, 0.5]},
								"up": {"uv": [16, 26], "uv_size": [0.5, 1.5]},
								"down": {"uv": [26, 18.5], "uv_size": [0.5, -1.5]}
							}
						}
					]
				},
				{
					"name": "lower",
					"parent": "gun",
					"pivot": [-0.00332, 3.71197, 0.28185],
					"cubes": [
						{
							"origin": [-0.51873, 4.4054, -3.70881],
							"size": [0.13833, 0.34581, 6.82012],
							"uv": {
								"north": {"uv": [37, 24], "uv_size": [0.25, 0.25]},
								"east": {"uv": [14, 6], "uv_size": [6.75, 0.25]},
								"south": {"uv": [25, 37], "uv_size": [0.25, 0.25]},
								"west": {"uv": [14, 11], "uv_size": [6.75, 0.25]},
								"up": {"uv": [5, 14], "uv_size": [0.25, 6.75]},
								"down": {"uv": [6, 20.75], "uv_size": [0.25, -6.75]}
							}
						},
						{
							"origin": [0.38041, 4.4054, -3.70881],
							"size": [0.13832, 0.34581, 6.82012],
							"uv": {
								"north": {"uv": [37, 25], "uv_size": [0.25, 0.25]},
								"east": {"uv": [14, 12], "uv_size": [6.75, 0.25]},
								"south": {"uv": [26, 37], "uv_size": [0.25, 0.25]},
								"west": {"uv": [14, 13], "uv_size": [6.75, 0.25]},
								"up": {"uv": [8, 14], "uv_size": [0.25, 6.75]},
								"down": {"uv": [9, 20.75], "uv_size": [0.25, -6.75]}
							}
						},
						{
							"origin": [-0.51873, 4.1979, -1.31517],
							"size": [1.03746, 0.2075, 4.42648],
							"uv": {
								"north": {"uv": [7, 32], "uv_size": [1, 0.25]},
								"east": {"uv": [21, 12], "uv_size": [4.5, 0.25]},
								"west": {"uv": [21, 13], "uv_size": [4.5, 0.25]},
								"up": {"uv": [2, 0], "uv_size": [1, 4.5]},
								"down": {"uv": [3, 4.5], "uv_size": [1, -4.5]}
							}
						},
						{
							"origin": [-0.51873, 4.52397, 3.10454],
							"size": [1.03746, 0.1902, 1.01102],
							"uv": {
								"east": {"uv": [32, 7], "uv_size": [1, 0.25]},
								"south": {"uv": [8, 32], "uv_size": [1, 0.25]},
								"west": {"uv": [32, 8], "uv_size": [1, 0.25]},
								"up": {"uv": [24, 16], "uv_size": [1, 1]},
								"down": {"uv": [17, 25], "uv_size": [1, -1]}
							}
						},
						{
							"origin": [-0.51873, 4.32015, 3.0589],
							"size": [1.03746, 0.44956, 0.17291],
							"pivot": [0, 4.45756, 3.21805],
							"rotation": [22.5, 0, 0],
							"uv": {
								"north": {"uv": [10, 28], "uv_size": [1, 0.5]},
								"east": {"uv": [34, 13], "uv_size": [0.25, 0.5]},
								"south": {"uv": [11, 28], "uv_size": [1, 0.5]},
								"west": {"uv": [14, 34], "uv_size": [0.25, 0.5]},
								"up": {"uv": [9, 32], "uv_size": [1, 0.25]}
							}
						},
						{
							"origin": [-0.24207, 4.12874, -3.70881],
							"size": [0.48414, 0.13499, 2.94695],
							"uv": {
								"north": {"uv": [34, 14], "uv_size": [0.5, 0.25]},
								"up": {"uv": [3, 15], "uv_size": [0.5, 3]},
								"down": {"uv": [15, 11], "uv_size": [0.5, -3]}
							}
						},
						{
							"origin": [0.20542, 4.37564, -3.70881],
							"size": [0.14856, 0.39063, 2.94695],
							"pivot": [0, 4.38727, -0.71863],
							"rotation": [0, 0, 45],
							"uv": {
								"north": {"uv": [15, 34], "uv_size": [0.25, 0.5]},
								"east": {"uv": [11, 15], "uv_size": [3, 0.5]},
								"south": {"uv": [34, 15], "uv_size": [0.25, 0.5]},
								"west": {"uv": [15, 14], "uv_size": [3, 0.5]},
								"up": {"uv": [19, 26], "uv_size": [0.25, 3]}
							}
						},
						{
							"origin": [-0.379, 4.03329, -3.70881],
							"size": [0.39064, 0.14857, 2.94695],
							"pivot": [0, 4.38727, -0.71863],
							"rotation": [0, 0, 45],
							"uv": {
								"north": {"uv": [16, 34], "uv_size": [0.5, 0.25]},
								"east": {"uv": [26, 15], "uv_size": [3, 0.25]},
								"south": {"uv": [34, 16], "uv_size": [0.5, 0.25]},
								"west": {"uv": [26, 19], "uv_size": [3, 0.25]},
								"up": {"uv": [15, 15], "uv_size": [0.5, 3]},
								"down": {"uv": [16, 11], "uv_size": [0.5, -3]}
							}
						},
						{
							"origin": [-0.33123, 4.0104, -1.31517],
							"size": [0.66246, 0.1875, 1.25736],
							"uv": {
								"east": {"uv": [10, 30], "uv_size": [1.25, 0.25]},
								"west": {"uv": [30, 10], "uv_size": [1.25, 0.25]},
								"down": {"uv": [18, 26.25], "uv_size": [0.75, -1.25]}
							}
						},
						{
							"origin": [0.02667, 4.85309, -1.31517],
							"size": [0.29325, 0.26516, 1.26654],
							"pivot": [0.86493, 3.99972, 0.0681],
							"rotation": [0, 0, -45],
							"uv": {
								"north": {"uv": [37, 26], "uv_size": [0.25, 0.25]},
								"east": {"uv": [30, 11], "uv_size": [1.25, 0.25]},
								"south": {"uv": [27, 37], "uv_size": [0.25, 0.25]},
								"up": {"uv": [12, 30], "uv_size": [0.25, 1.25]}
							}
						},
						{
							"origin": [-0.31992, 4.85309, -1.31517],
							"size": [0.29325, 0.26516, 1.26654],
							"pivot": [-0.86493, 3.99972, 0.0681],
							"rotation": [0, 0, 45],
							"uv": {
								"north": {"uv": [37, 27], "uv_size": [0.25, 0.25]},
								"south": {"uv": [28, 37], "uv_size": [0.25, 0.25]},
								"west": {"uv": [30, 12], "uv_size": [1.25, 0.25]},
								"up": {"uv": [13, 30], "uv_size": [0.25, 1.25]}
							}
						},
						{
							"origin": [-0.33123, 4.05811, -1.93541],
							"size": [0.66246, 0.31124, 0.69164],
							"pivot": [-0.01998, 4.21373, -1.3994],
							"rotation": [-22.5, 0, 0],
							"uv": {
								"north": {"uv": [27, 32], "uv_size": [0.75, 0.25]},
								"east": {"uv": [32, 27], "uv_size": [0.75, 0.25]},
								"west": {"uv": [28, 32], "uv_size": [0.75, 0.25]},
								"up": {"uv": [27, 16], "uv_size": [0.75, 0.75]},
								"down": {"uv": [17, 27.75], "uv_size": [0.75, -0.75]}
							}
						},
						{
							"origin": [-0.51873, 4.3027, -2.09742],
							"size": [1.03746, 0.24874, 0.56664],
							"inflate": -0.001,
							"pivot": [0.16752, 3.70832, -1.68641],
							"rotation": [-22.5, 0, 0],
							"uv": {
								"north": {"uv": [32, 9], "uv_size": [1, 0.25]},
								"east": {"uv": [17, 34], "uv_size": [0.5, 0.25]},
								"west": {"uv": [34, 17], "uv_size": [0.5, 0.25]},
								"up": {"uv": [28, 12], "uv_size": [1, 0.5]},
								"down": {"uv": [28, 13.5], "uv_size": [1, -0.5]}
							}
						},
						{
							"origin": [-0.51873, 0.02103, 1.83586],
							"size": [1.03746, 0.5, 1.92703],
							"inflate": 0.001,
							"pivot": [-0.51872, -0.04147, 3.88789],
							"rotation": [7.5, 0, 0],
							"uv": {
								"north": {"uv": [28, 14], "uv_size": [1, 0.5]},
								"east": {"uv": [24, 17], "uv_size": [2, 0.5]},
								"south": {"uv": [16, 28], "uv_size": [1, 0.5]},
								"west": {"uv": [24, 18], "uv_size": [2, 0.5]},
								"up": {"uv": [12, 7], "uv_size": [1, 2]},
								"down": {"uv": [12, 11], "uv_size": [1, -2]}
							}
						},
						{
							"origin": [-0.33125, -0.15672, 1.69182],
							"size": [0.6625, 0.13216, 0.20098],
							"pivot": [-0.03935, 1.08202, 1.61145],
							"rotation": [-2.5, 0, 0],
							"uv": {
								"east": {"uv": [37, 28], "uv_size": [0.25, 0.25]},
								"west": {"uv": [29, 37], "uv_size": [0.25, 0.25]},
								"down": {"uv": [32, 28.25], "uv_size": [0.75, -0.25]}
							}
						},
						{
							"origin": [-0.51873, -0.13527, 0.96256],
							"size": [1.03746, 4.55608, 0.62247],
							"pivot": [0, 2.29902, 1.27379],
							"rotation": [20, 0, 0],
							"uv": {
								"north": {"uv": [0, 4], "uv_size": [1, 4.5]},
								"east": {"uv": [11, 10], "uv_size": [0.5, 4.5]},
								"south": {"uv": [4, 0], "uv_size": [1, 4.5]},
								"west": {"uv": [1, 12], "uv_size": [0.5, 4.5]},
								"up": {"uv": [28, 16], "uv_size": [1, 0.5]},
								"down": {"uv": [17, 28.5], "uv_size": [1, -0.5]}
							}
						},
						{
							"origin": [-0.33125, -0.26436, 0.85292],
							"size": [0.6625, 4.55608, 0.1875],
							"pivot": [-0.00388, 2.01368, 0.94667],
							"rotation": [20, 0, 0],
							"uv": {
								"north": {"uv": [8, 0], "uv_size": [0.75, 4.5]},
								"east": {"uv": [8, 21], "uv_size": [0.25, 4.5]},
								"west": {"uv": [9, 21], "uv_size": [0.25, 4.5]}
							}
						},
						{
							"origin": [-0.03812, -0.09318, 1.1195],
							"size": [0.26515, 4.55608, 0.19782],
							"pivot": [0.0353, 1.08202, 1.61145],
							"rotation": [27.2363, -41.6411, -18.8817],
							"uv": {
								"north": {"uv": [16, 21], "uv_size": [0.25, 4.5]},
								"east": {"uv": [21, 16], "uv_size": [0.25, 4.5]},
								"south": {"uv": [19, 21], "uv_size": [0.25, 4.5]},
								"west": {"uv": [20, 21], "uv_size": [0.25, 4.5]},
								"up": {"uv": [37, 29], "uv_size": [0.25, 0.25]},
								"down": {"uv": [30, 37.25], "uv_size": [0.25, -0.25]}
							}
						},
						{
							"origin": [-0.22898, -0.09385, 1.12041],
							"size": [0.26515, 4.55608, 0.19507],
							"pivot": [-0.03725, 1.08135, 1.60961],
							"rotation": [27.2363, 41.6411, 18.8817],
							"uv": {
								"north": {"uv": [21, 21], "uv_size": [0.25, 4.5]},
								"east": {"uv": [7, 22], "uv_size": [0.25, 4.5]},
								"south": {"uv": [10, 22], "uv_size": [0.25, 4.5]},
								"west": {"uv": [11, 22], "uv_size": [0.25, 4.5]},
								"up": {"uv": [37, 30], "uv_size": [0.25, 0.25]},
								"down": {"uv": [31, 37.25], "uv_size": [0.25, -0.25]}
							}
						},
						{
							"origin": [-0.51873, 4.03984, -0.10717],
							"size": [1.03746, 0.24208, 0.51603],
							"pivot": [0, 4.05348, 0.21334],
							"rotation": [-30, 0, 0],
							"uv": {
								"east": {"uv": [18, 34], "uv_size": [0.5, 0.25]},
								"south": {"uv": [10, 32], "uv_size": [1, 0.25]},
								"west": {"uv": [34, 18], "uv_size": [0.5, 0.25]},
								"down": {"uv": [18, 28.5], "uv_size": [1, -0.5]}
							}
						},
						{
							"origin": [-0.33123, 3.85234, -0.10717],
							"size": [0.66246, 0.1875, 0.51603],
							"pivot": [0, 4.05348, 0.21334],
							"rotation": [-30, 0, 0],
							"uv": {
								"east": {"uv": [19, 34], "uv_size": [0.5, 0.25]},
								"south": {"uv": [29, 32], "uv_size": [0.75, 0.25]},
								"west": {"uv": [34, 19], "uv_size": [0.5, 0.25]},
								"down": {"uv": [29, 27.5], "uv_size": [0.75, -0.5]}
							}
						},
						{
							"origin": [-0.35715, 3.67704, -0.10717],
							"size": [0.26517, 0.1875, 0.51603],
							"pivot": [0, 4.05348, 0.21334],
							"rotation": [-22.20765, 20.70481, 40.89339],
							"uv": {
								"east": {"uv": [20, 34], "uv_size": [0.5, 0.25]},
								"south": {"uv": [37, 31], "uv_size": [0.25, 0.25]},
								"west": {"uv": [34, 20], "uv_size": [0.5, 0.25]},
								"down": {"uv": [21, 34.5], "uv_size": [0.25, -0.5]}
							}
						},
						{
							"origin": [0.09198, 3.67704, -0.10717],
							"size": [0.26517, 0.1875, 0.51603],
							"pivot": [0, 4.05348, 0.21334],
							"rotation": [-22.20765, -20.70481, -40.89339],
							"uv": {
								"east": {"uv": [34, 21], "uv_size": [0.5, 0.25]},
								"south": {"uv": [32, 37], "uv_size": [0.25, 0.25]},
								"west": {"uv": [22, 34], "uv_size": [0.5, 0.25]},
								"down": {"uv": [34, 22.5], "uv_size": [0.25, -0.5]}
							}
						},
						{
							"origin": [-0.51873, 3.9479, 0.71057],
							"size": [1.03746, 0.25, 2.15074],
							"uv": {
								"east": {"uv": [27, 17], "uv_size": [2.25, 0.25]},
								"west": {"uv": [27, 18], "uv_size": [2.25, 0.25]}
							}
						},
						{
							"origin": [-0.51873, 2.91717, 0.34077],
							"size": [1.03746, 0.56123, 0.29665],
							"inflate": 0.001,
							"pivot": [0, 3.07877, 0.51017],
							"rotation": [-22.5, 0, 0],
							"uv": {
								"north": {"uv": [20, 28], "uv_size": [1, 0.5]},
								"east": {"uv": [23, 34], "uv_size": [0.25, 0.5]},
								"south": {"uv": [28, 20], "uv_size": [1, 0.5]},
								"west": {"uv": [34, 23], "uv_size": [0.25, 0.5]},
								"up": {"uv": [32, 10], "uv_size": [1, 0.25]}
							}
						},
						{
							"origin": [-0.51873, 2.82803, 0.2617],
							"size": [1.03746, 0.27895, 0.38166],
							"pivot": [0, 3.12635, 0.56001],
							"rotation": [22.5, 0, 0],
							"uv": {
								"north": {"uv": [11, 32], "uv_size": [1, 0.25]},
								"east": {"uv": [24, 34], "uv_size": [0.5, 0.25]},
								"west": {"uv": [34, 24], "uv_size": [0.5, 0.25]},
								"down": {"uv": [21, 28.5], "uv_size": [1, -0.5]}
							}
						},
						{
							"origin": [-0.51873, 2.69092, 0.53975],
							"size": [1.03746, 0.2979, 0.55997],
							"pivot": [0, 3.06862, 0.58393],
							"rotation": [-22.5, 0, 0],
							"uv": {
								"east": {"uv": [25, 34], "uv_size": [0.5, 0.25]},
								"west": {"uv": [34, 25], "uv_size": [0.5, 0.25]},
								"up": {"uv": [28, 21], "uv_size": [1, 0.5]},
								"down": {"uv": [22, 28.5], "uv_size": [1, -0.5]}
							}
						},
						{
							"origin": [-0.49373, 3.7058, 3.44674],
							"size": [0.98746, 0.42093, 1.0304],
							"pivot": [0, 3.22091, 3.08875],
							"rotation": [45, 0, 0],
							"uv": {
								"east": {"uv": [28, 22], "uv_size": [1, 0.5]},
								"south": {"uv": [23, 28], "uv_size": [1, 0.5]},
								"west": {"uv": [28, 23], "uv_size": [1, 0.5]},
								"down": {"uv": [18, 25], "uv_size": [1, -1]}
							}
						},
						{
							"origin": [-0.51873, 3.48071, 2.37461],
							"size": [1.03746, 0.40832, 0.42957],
							"pivot": [0, 3.22091, 3.08875],
							"rotation": [-22.5, 0, 0],
							"uv": {
								"east": {"uv": [32, 11], "uv_size": [0.5, 0.5]},
								"south": {"uv": [24, 28], "uv_size": [1, 0.5]},
								"west": {"uv": [12, 32], "uv_size": [0.5, 0.5]}
							}
						},
						{
							"origin": [-0.51873, 3.31666, 2.70161],
							"size": [1.03746, 0.34582, 0.24208],
							"uv": {
								"east": {"uv": [37, 32], "uv_size": [0.25, 0.25]},
								"south": {"uv": [32, 12], "uv_size": [1, 0.25]},
								"west": {"uv": [33, 37], "uv_size": [0.25, 0.25]}
							}
						},
						{
							"origin": [-0.51873, 0.53619, 2.59648],
							"size": [1.03746, 3.92401, 0.41678],
							"inflate": 0.001,
							"pivot": [0, 3.22091, 3.08875],
							"rotation": [22.5, 0, 0],
							"uv": {
								"north": {"uv": [1, 4], "uv_size": [1, 4]},
								"east": {"uv": [12, 11], "uv_size": [0.5, 4]},
								"south": {"uv": [2, 5], "uv_size": [1, 4]},
								"west": {"uv": [0, 13], "uv_size": [0.5, 4]},
								"up": {"uv": [25, 28], "uv_size": [1, 0.5]},
								"down": {"uv": [28, 25.5], "uv_size": [1, -0.5]}
							}
						},
						{
							"origin": [-0.51873, 0.20986, 3.34977],
							"size": [1.03746, 0.64901, 0.56678],
							"inflate": 0.001,
							"pivot": [0, 0.49591, 3.66375],
							"rotation": [-24, 0, 0],
							"uv": {
								"north": {"uv": [20, 26], "uv_size": [1, 0.75]},
								"east": {"uv": [29, 28], "uv_size": [0.5, 0.75]},
								"south": {"uv": [26, 20], "uv_size": [1, 0.75]},
								"west": {"uv": [29, 29], "uv_size": [0.5, 0.75]},
								"up": {"uv": [26, 28], "uv_size": [1, 0.5]},
								"down": {"uv": [28, 26.5], "uv_size": [1, -0.5]}
							}
						}
					]
				},
				{
					"name": "lower2",
					"parent": "lower",
					"pivot": [-0.00404, 3.36794, -0.93604],
					"cubes": [
						{
							"origin": [-0.2057, 2.72817, -0.8883],
							"size": [0.40331, 0.13833, 1.82472],
							"uv": {
								"north": {"uv": [26, 34], "uv_size": [0.5, 0.25]},
								"east": {"uv": [0, 29], "uv_size": [1.75, 0.25]},
								"west": {"uv": [29, 0], "uv_size": [1.75, 0.25]},
								"up": {"uv": [25, 19], "uv_size": [0.5, 1.75]},
								"down": {"uv": [25, 22.75], "uv_size": [0.5, -1.75]}
							}
						},
						{
							"origin": [-0.2057, 2.74421, 0.00674],
							"size": [0.40331, 0.14447, 0.59123],
							"pivot": [-0.14238, 2.76764, 0.04466],
							"rotation": [22.5, 0, 0],
							"uv": {
								"east": {"uv": [34, 26], "uv_size": [0.5, 0.25]},
								"west": {"uv": [27, 34], "uv_size": [0.5, 0.25]},
								"up": {"uv": [13, 32], "uv_size": [0.5, 0.5]},
								"down": {"uv": [32, 13.5], "uv_size": [0.5, -0.5]}
							}
						}
					]
				},
				{
					"name": "lower3",
					"parent": "lower2",
					"pivot": [-0.00404, 3.47375, -0.74236],
					"cubes": [
						{
							"origin": [-0.2057, 2.72817, -0.8883],
							"size": [0.40331, 0.13833, 0.25452],
							"pivot": [-0.00404, 3.36794, -0.76104],
							"rotation": [-22.5, 0, 0],
							"uv": {
								"north": {"uv": [34, 27], "uv_size": [0.5, 0.25]},
								"east": {"uv": [37, 33], "uv_size": [0.25, 0.25]},
								"south": {"uv": [28, 34], "uv_size": [0.5, 0.25]},
								"west": {"uv": [34, 37], "uv_size": [0.25, 0.25]},
								"up": {"uv": [34, 28], "uv_size": [0.5, 0.25]},
								"down": {"uv": [29, 34.25], "uv_size": [0.5, -0.25]}
							}
						},
						{
							"origin": [-0.2057, 3.24068, -1.4008],
							"size": [0.40331, 0.25451, 0.13833],
							"pivot": [-0.00404, 3.36794, -0.76104],
							"rotation": [45, 0, 0],
							"uv": {
								"north": {"uv": [34, 29], "uv_size": [0.5, 0.25]},
								"east": {"uv": [37, 34], "uv_size": [0.25, 0.25]},
								"south": {"uv": [30, 34], "uv_size": [0.5, 0.25]},
								"west": {"uv": [35, 37], "uv_size": [0.25, 0.25]},
								"up": {"uv": [34, 30], "uv_size": [0.5, 0.25]},
								"down": {"uv": [31, 34.25], "uv_size": [0.5, -0.25]}
							}
						},
						{
							"origin": [-0.2057, 3.24068, -1.4008],
							"size": [0.40331, 0.25451, 0.13833],
							"pivot": [-0.00404, 3.36794, -0.76104],
							"rotation": [22.5, 0, 0],
							"uv": {
								"north": {"uv": [34, 31], "uv_size": [0.5, 0.25]},
								"east": {"uv": [37, 35], "uv_size": [0.25, 0.25]},
								"south": {"uv": [32, 34], "uv_size": [0.5, 0.25]},
								"west": {"uv": [36, 37], "uv_size": [0.25, 0.25]},
								"up": {"uv": [34, 32], "uv_size": [0.5, 0.25]},
								"down": {"uv": [33, 34.25], "uv_size": [0.5, -0.25]}
							}
						},
						{
							"origin": [-0.2057, 3.24068, -1.4008],
							"size": [0.40331, 0.37324, 0.13833],
							"uv": {
								"north": {"uv": [34, 33], "uv_size": [0.5, 0.25]},
								"east": {"uv": [37, 36], "uv_size": [0.25, 0.25]},
								"south": {"uv": [34, 34], "uv_size": [0.5, 0.25]},
								"west": {"uv": [37, 37], "uv_size": [0.25, 0.25]},
								"down": {"uv": [0, 35.25], "uv_size": [0.5, -0.25]}
							}
						},
						{
							"origin": [-0.2057, 3.56568, -1.38],
							"size": [0.40331, 0.67324, 0.13833],
							"pivot": [0, 3.625, -1.275],
							"rotation": [-21, 0, 0],
							"uv": {
								"north": {"uv": [0, 30], "uv_size": [0.5, 0.75]},
								"east": {"uv": [32, 29], "uv_size": [0.25, 0.75]},
								"south": {"uv": [1, 30], "uv_size": [0.5, 0.75]},
								"west": {"uv": [30, 32], "uv_size": [0.25, 0.75]},
								"down": {"uv": [35, 0.25], "uv_size": [0.5, -0.25]}
							}
						}
					]
				},
				{
					"name": "parts2",
					"parent": "lower",
					"pivot": [-0.00404, 0.58023, 4.28441],
					"cubes": [
						{
							"origin": [-0.31529, 4.05291, 3.29103],
							"size": [0.62248, 0.1729, 1.00165],
							"pivot": [0.61842, 3.92604, 3.42935],
							"rotation": [34.5, 0, 0],
							"uv": {
								"east": {"uv": [14, 32], "uv_size": [1, 0.25]},
								"west": {"uv": [32, 14], "uv_size": [1, 0.25]},
								"down": {"uv": [27, 29], "uv_size": [0.5, -1]}
							}
						},
						{
							"origin": [-0.31529, 3.80795, 3.11686],
							"size": [0.62248, 0.51707, 0.17291],
							"pivot": [0.61842, 3.94628, 3.20331],
							"rotation": [-45, 0, 0],
							"uv": {
								"east": {"uv": [1, 35], "uv_size": [0.25, 0.5]},
								"south": {"uv": [15, 32], "uv_size": [0.5, 0.5]},
								"west": {"uv": [35, 1], "uv_size": [0.25, 0.5]}
							}
						},
						{
							"origin": [-0.31529, 3.61039, 2.98485],
							"size": [0.62248, 0.27665, 0.17291],
							"pivot": [-0.00404, 3.74872, 3.07131],
							"rotation": [-22.5, 0, 0],
							"uv": {
								"east": {"uv": [0, 38], "uv_size": [0.25, 0.25]},
								"south": {"uv": [2, 35], "uv_size": [0.5, 0.25]},
								"west": {"uv": [38, 0], "uv_size": [0.25, 0.25]}
							}
						},
						{
							"origin": [-0.31529, 3.37735, 2.93849],
							"size": [0.62248, 0.27665, 0.17292],
							"inflate": 0.001,
							"uv": {
								"east": {"uv": [1, 38], "uv_size": [0.25, 0.25]},
								"south": {"uv": [35, 2], "uv_size": [0.5, 0.25]},
								"west": {"uv": [38, 1], "uv_size": [0.25, 0.25]}
							}
						},
						{
							"origin": [-0.31529, 2.47899, 3.05469],
							"size": [0.62248, 0.96829, 0.23541],
							"pivot": [-0.00405, 2.96314, 3.20364],
							"rotation": [25, 0, 0],
							"uv": {
								"east": {"uv": [32, 15], "uv_size": [0.25, 1]},
								"south": {"uv": [28, 27], "uv_size": [0.5, 1]},
								"west": {"uv": [16, 32], "uv_size": [0.25, 1]},
								"down": {"uv": [3, 35.25], "uv_size": [0.5, -0.25]}
							}
						},
						{
							"origin": [-0.31529, 0.40804, 2.54113],
							"size": [0.62248, 1.11959, 0.13833],
							"pivot": [-0.00404, 4.16172, 2.48259],
							"rotation": [22.5, 0, 0],
							"uv": {
								"east": {"uv": [32, 16], "uv_size": [0.25, 1]},
								"south": {"uv": [28, 28], "uv_size": [0.5, 1]},
								"west": {"uv": [17, 32], "uv_size": [0.25, 1]},
								"down": {"uv": [35, 3.25], "uv_size": [0.5, -0.25]}
							}
						},
						{
							"origin": [-0.31529, 0.52021, 2.67946],
							"size": [0.62248, 0.495, 0.13832],
							"pivot": [-0.00404, 4.16172, 2.48259],
							"rotation": [22.5, 0, 0],
							"uv": {
								"east": {"uv": [4, 35], "uv_size": [0.25, 0.5]},
								"south": {"uv": [32, 17], "uv_size": [0.5, 0.5]},
								"west": {"uv": [35, 4], "uv_size": [0.25, 0.5]}
							}
						},
						{
							"origin": [-0.31528, 1.18175, 2.60156],
							"size": [0.62247, 0.20083, 1.39499],
							"pivot": [-0.31529, 1.38258, 3.99655],
							"rotation": [-60, 0, 0],
							"uv": {
								"east": {"uv": [2, 30], "uv_size": [1.5, 0.25]},
								"west": {"uv": [30, 2], "uv_size": [1.5, 0.25]},
								"up": {"uv": [21, 26], "uv_size": [0.5, 1.5]}
							}
						},
						{
							"origin": [-0.31529, 0.18788, 4.00766],
							"size": [0.62248, 0.73811, 0.13833],
							"pivot": [0, 0.85, 4.2],
							"rotation": [-25.75, 0, 0],
							"uv": {
								"east": {"uv": [32, 30], "uv_size": [0.25, 0.75]},
								"south": {"uv": [30, 3], "uv_size": [0.5, 0.75]},
								"west": {"uv": [31, 32], "uv_size": [0.25, 0.75]}
							}
						},
						{
							"origin": [-0.31529, 4.12791, 3.29103],
							"size": [0.62248, 0.4729, 0.82665],
							"pivot": [0.61842, 3.92604, 3.42935],
							"rotation": [34.5, 0, 0],
							"uv": {
								"east": {"uv": [5, 30], "uv_size": [0.75, 0.5]},
								"west": {"uv": [6, 30], "uv_size": [0.75, 0.5]},
								"down": {"uv": [30, 6.75], "uv_size": [0.5, -0.75]}
							}
						}
					]
				},
				{
					"name": "camera",
					"pivot": [2.35, 7.275, 13.375]
				},
				{
					"name": "view",
					"pivot": [8, 0, 0]
				},
				{
					"name": "idle_view",
					"parent": "view",
					"pivot": [2.35, 7.275, 13.375]
				},
				{
					"name": "iron_view",
					"parent": "view",
					"pivot": [0, 6.175, 13],
					"rotation": [0, 0, -6]
				},
				{
					"name": "refit_view",
					"parent": "view",
					"pivot": [14.1, 2.725, -1],
					"rotation": [0, 90, 0]
				},
				{
					"name": "refit_muzzle_view",
					"parent": "view",
					"pivot": [5.6, 5.525, -10.35],
					"rotation": [0, 120, 0]
				},
				{
					"name": "refit_scope_view",
					"parent": "view",
					"pivot": [5.7, 6.825, 5.575],
					"rotation": [0, 60, 0]
				},
				{
					"name": "refit_extended_mag_view",
					"parent": "view",
					"pivot": [9.075, -1.325, 2.35],
					"rotation": [0, 90, 0]
				},
				{
					"name": "positioning",
					"pivot": [8, -1, -1]
				},
				{
					"name": "thirdperson_hand",
					"parent": "positioning",
					"pivot": [0, 4.075, -0.15]
				},
				{
					"name": "ground",
					"parent": "positioning",
					"pivot": [0, -3.9, -1.1]
				},
				{
					"name": "fixed",
					"parent": "positioning",
					"pivot": [0.625, 4.9, -0.725],
					"rotation": [0, 90, 0]
				}
			]
		}
	]
}