{
	"format_version": "1.12.0",
	"minecraft:geometry": [
		{
			"description": {
				"identifier": "geometry.m1911 - Converted",
				"texture_width": 128,
				"texture_height": 128,
				"visible_bounds_width": 4,
				"visible_bounds_height": 2,
				"visible_bounds_offset": [0, 0, 0]
			},
			"bones": [
				{
					"name": "root",
					"pivot": [0, 3.9, 0]
				},
				{
					"name": "mag_and_lefthand",
					"parent": "root",
					"pivot": [0, 1.99487, 1.5993]
				},
				{
					"name": "L",
					"parent": "mag_and_lefthand",
					"pivot": [8, -8.5, 6.2]
				},
				{
					"name": "lefthand",
					"parent": "L",
					"pivot": [8, -8.5, 6.2],
					"rotation": [97.5, 0, -180]
				},
				{
					"name": "lefthand_pos",
					"parent": "lefthand",
					"pivot": [14, -19.5, 6.2],
					"cubes": [
						{
							"origin": [7, -19.5, 4.2],
							"size": [3, 12, 4],
							"uv": {
								"north": {"uv": [12, 0], "uv_size": [4, 12]},
								"east": {"uv": [4, 12], "uv_size": [4, 12]},
								"south": {"uv": [8, 12], "uv_size": [4, 12]},
								"west": {"uv": [12, 12], "uv_size": [4, 12]},
								"up": {"uv": [16, 8], "uv_size": [4, 4]},
								"down": {"uv": [16, 16], "uv_size": [4, -4]}
							}
						}
					]
				},
				{
					"name": "magazine_and_bullet",
					"parent": "mag_and_lefthand",
					"pivot": [0, 1.99487, 1.5993]
				},
				{
					"name": "bullet",
					"parent": "magazine_and_bullet",
					"pivot": [0, 4.565, 1.0625],
					"rotation": [90, 0, 0],
					"cubes": [
						{
							"origin": [-0.2125, 4.95, 0.85],
							"size": [0.425, 0.325, 0.425],
							"uv": {
								"north": {"uv": [54, 68], "uv_size": [0.5, 0.25]},
								"east": {"uv": [68, 54], "uv_size": [0.5, 0.25]},
								"south": {"uv": [68, 56], "uv_size": [0.5, 0.25]},
								"west": {"uv": [58, 68], "uv_size": [0.5, 0.25]},
								"up": {"uv": [18, 62], "uv_size": [0.5, 0.5]},
								"down": {"uv": [20, 62.5], "uv_size": [0.5, -0.5]}
							}
						},
						{
							"origin": [-0.1375, 5.275, 0.925],
							"size": [0.275, 0.1, 0.275],
							"uv": {
								"north": {"uv": [75, 42], "uv_size": [0.25, 0.25]},
								"east": {"uv": [44, 75], "uv_size": [0.25, 0.25]},
								"south": {"uv": [75, 44], "uv_size": [0.25, 0.25]},
								"west": {"uv": [46, 75], "uv_size": [0.25, 0.25]},
								"up": {"uv": [75, 46], "uv_size": [0.25, 0.25]},
								"down": {"uv": [48, 75.25], "uv_size": [0.25, -0.25]}
							}
						},
						{
							"origin": [-0.175, 3.95, 0.8875],
							"size": [0.35, 0.075, 0.35],
							"uv": {
								"north": {"uv": [75, 30], "uv_size": [0.25, 0.25]},
								"east": {"uv": [32, 75], "uv_size": [0.25, 0.25]},
								"south": {"uv": [75, 32], "uv_size": [0.25, 0.25]},
								"west": {"uv": [75, 36], "uv_size": [0.25, 0.25]},
								"up": {"uv": [75, 38], "uv_size": [0.25, 0.25]},
								"down": {"uv": [75, 40.25], "uv_size": [0.25, -0.25]}
							}
						},
						{
							"origin": [-0.25, 3.875, 0.8125],
							"size": [0.5, 0.075, 0.5],
							"uv": {
								"north": {"uv": [40, 68], "uv_size": [0.5, 0.25]},
								"east": {"uv": [42, 68], "uv_size": [0.5, 0.25]},
								"south": {"uv": [52, 68], "uv_size": [0.5, 0.25]},
								"west": {"uv": [68, 52], "uv_size": [0.5, 0.25]},
								"up": {"uv": [16, 62], "uv_size": [0.5, 0.5]},
								"down": {"uv": [62, 16.5], "uv_size": [0.5, -0.5]}
							}
						},
						{
							"origin": [-0.25, 4.025, 0.8125],
							"size": [0.5, 0.925, 0.5],
							"uv": {
								"north": {"uv": [9, 53], "uv_size": [0.5, 1]},
								"east": {"uv": [11, 53], "uv_size": [0.5, 1]},
								"south": {"uv": [53, 13], "uv_size": [0.5, 1]},
								"west": {"uv": [16, 53], "uv_size": [0.5, 1]},
								"up": {"uv": [62, 12], "uv_size": [0.5, 0.5]},
								"down": {"uv": [62, 14.5], "uv_size": [0.5, -0.5]}
							}
						}
					]
				},
				{
					"name": "magazine",
					"parent": "magazine_and_bullet",
					"pivot": [0, 1.99487, 1.5993]
				},
				{
					"name": "bullet_in_mag",
					"parent": "magazine",
					"pivot": [0, 4.565, 1.0625],
					"rotation": [90, 0, 0],
					"cubes": [
						{
							"origin": [-0.2125, 4.95, 0.85],
							"size": [0.425, 0.325, 0.425],
							"uv": {
								"north": {"uv": [54, 68], "uv_size": [0.5, 0.25]},
								"east": {"uv": [68, 54], "uv_size": [0.5, 0.25]},
								"south": {"uv": [68, 56], "uv_size": [0.5, 0.25]},
								"west": {"uv": [58, 68], "uv_size": [0.5, 0.25]},
								"up": {"uv": [18, 62], "uv_size": [0.5, 0.5]},
								"down": {"uv": [20, 62.5], "uv_size": [0.5, -0.5]}
							}
						},
						{
							"origin": [-0.1375, 5.275, 0.925],
							"size": [0.275, 0.1, 0.275],
							"uv": {
								"north": {"uv": [75, 42], "uv_size": [0.25, 0.25]},
								"east": {"uv": [44, 75], "uv_size": [0.25, 0.25]},
								"south": {"uv": [75, 44], "uv_size": [0.25, 0.25]},
								"west": {"uv": [46, 75], "uv_size": [0.25, 0.25]},
								"up": {"uv": [75, 46], "uv_size": [0.25, 0.25]},
								"down": {"uv": [48, 75.25], "uv_size": [0.25, -0.25]}
							}
						},
						{
							"origin": [-0.175, 3.95, 0.8875],
							"size": [0.35, 0.075, 0.35],
							"uv": {
								"north": {"uv": [75, 30], "uv_size": [0.25, 0.25]},
								"east": {"uv": [32, 75], "uv_size": [0.25, 0.25]},
								"south": {"uv": [75, 32], "uv_size": [0.25, 0.25]},
								"west": {"uv": [75, 36], "uv_size": [0.25, 0.25]},
								"up": {"uv": [75, 38], "uv_size": [0.25, 0.25]},
								"down": {"uv": [75, 40.25], "uv_size": [0.25, -0.25]}
							}
						},
						{
							"origin": [-0.25, 3.875, 0.8125],
							"size": [0.5, 0.075, 0.5],
							"uv": {
								"north": {"uv": [40, 68], "uv_size": [0.5, 0.25]},
								"east": {"uv": [42, 68], "uv_size": [0.5, 0.25]},
								"south": {"uv": [52, 68], "uv_size": [0.5, 0.25]},
								"west": {"uv": [68, 52], "uv_size": [0.5, 0.25]},
								"up": {"uv": [16, 62], "uv_size": [0.5, 0.5]},
								"down": {"uv": [62, 16.5], "uv_size": [0.5, -0.5]}
							}
						},
						{
							"origin": [-0.25, 4.025, 0.8125],
							"size": [0.5, 0.925, 0.5],
							"uv": {
								"north": {"uv": [9, 53], "uv_size": [0.5, 1]},
								"east": {"uv": [11, 53], "uv_size": [0.5, 1]},
								"south": {"uv": [53, 13], "uv_size": [0.5, 1]},
								"west": {"uv": [16, 53], "uv_size": [0.5, 1]},
								"up": {"uv": [62, 12], "uv_size": [0.5, 0.5]},
								"down": {"uv": [62, 14.5], "uv_size": [0.5, -0.5]}
							}
						}
					]
				},
				{
					"name": "mag_standard",
					"parent": "magazine",
					"pivot": [0, 1.99487, 1.5993],
					"cubes": [
						{
							"origin": [-0.40625, -0.26819, 1.69865],
							"size": [0.8125, 0.1875, 2.02228],
							"inflate": 0.001,
							"pivot": [0, -0.17955, 2.15735],
							"rotation": [7.5, 0, 0],
							"uv": {
								"east": {"uv": [52, 34], "uv_size": [2, 0.25]},
								"south": {"uv": [62, 52], "uv_size": [0.75, 0.25]},
								"west": {"uv": [52, 36], "uv_size": [2, 0.25]},
								"up": {"uv": [12, 36], "uv_size": [0.75, 2]},
								"down": {"uv": [16, 38], "uv_size": [0.75, -2]}
							}
						},
						{
							"origin": [-0.21875, -0.26819, 1.51115],
							"size": [0.4375, 0.1875, 0.1875],
							"pivot": [0, -0.17955, 2.15735],
							"rotation": [7.5, 0, 0],
							"uv": {
								"north": {"uv": [16, 66], "uv_size": [0.5, 0.25]},
								"up": {"uv": [66, 16], "uv_size": [0.5, 0.25]},
								"down": {"uv": [18, 66.25], "uv_size": [0.5, -0.25]}
							}
						},
						{
							"origin": [-0.61161, -0.26819, 1.8551],
							"size": [0.2721, 0.1875, 0.26517],
							"pivot": [0, -0.17955, 2.15735],
							"rotation": [10.54684, -44.5119, -7.43656],
							"uv": {
								"east": {"uv": [71, 44], "uv_size": [0.25, 0.25]},
								"up": {"uv": [46, 71], "uv_size": [0.25, 0.25]},
								"down": {"uv": [71, 46.25], "uv_size": [0.25, -0.25]}
							}
						},
						{
							"origin": [-0.3273, 4.58589, 0.39278],
							"size": [0.125, 0.3125, 1.43628],
							"pivot": [-0.2648, 4.80464, 1.11092],
							"rotation": [0, 0, 22.5],
							"uv": {
								"north": {"uv": [48, 71], "uv_size": [0.25, 0.25]},
								"east": {"uv": [54, 24], "uv_size": [1.5, 0.25]},
								"south": {"uv": [71, 48], "uv_size": [0.25, 0.25]},
								"west": {"uv": [30, 54], "uv_size": [1.5, 0.25]},
								"up": {"uv": [54, 30], "uv_size": [0.25, 1.5]}
							}
						},
						{
							"origin": [0.20229, 4.58589, 0.39278],
							"size": [0.125, 0.3125, 1.43628],
							"pivot": [0.26479, 4.80464, 1.11092],
							"rotation": [0, 0, -22.5],
							"uv": {
								"north": {"uv": [50, 71], "uv_size": [0.25, 0.25]},
								"east": {"uv": [33, 54], "uv_size": [1.5, 0.25]},
								"south": {"uv": [71, 50], "uv_size": [0.25, 0.25]},
								"west": {"uv": [36, 54], "uv_size": [1.5, 0.25]},
								"up": {"uv": [41, 54], "uv_size": [0.25, 1.5]}
							}
						},
						{
							"origin": [-0.40625, 4.2137, 0.39278],
							"size": [0.8125, 0.41276, 1.43628],
							"inflate": 0.001,
							"uv": {
								"north": {"uv": [54, 41], "uv_size": [0.75, 0.5]},
								"east": {"uv": [47, 42], "uv_size": [1.5, 0.5]},
								"south": {"uv": [54, 43], "uv_size": [0.75, 0.5]},
								"west": {"uv": [43, 47], "uv_size": [1.5, 0.5]},
								"up": {"uv": [42, 32], "uv_size": [0.75, 1.5]}
							}
						},
						{
							"origin": [-0.40625, -0.42291, 2.29615],
							"size": [0.8125, 4.875, 0.5],
							"pivot": [0, 2.10834, 1.87428],
							"rotation": [22.5, 0, 0],
							"uv": {
								"north": {"uv": [16, 9], "uv_size": [0.75, 5]},
								"east": {"uv": [20, 12], "uv_size": [0.5, 5]},
								"south": {"uv": [16, 15], "uv_size": [0.75, 5]},
								"west": {"uv": [20, 18], "uv_size": [0.5, 5]},
								"up": {"uv": [7, 55], "uv_size": [0.75, 0.5]},
								"down": {"uv": [9, 55.5], "uv_size": [0.75, -0.5]}
							}
						},
						{
							"origin": [-0.40625, -0.29791, 1.79615],
							"size": [0.8125, 4.875, 0.5],
							"pivot": [0, 2.10834, 1.87428],
							"rotation": [22.5, 0, 0],
							"uv": {
								"north": {"uv": [0, 18], "uv_size": [0.75, 5]},
								"east": {"uv": [12, 21], "uv_size": [0.5, 5]},
								"south": {"uv": [18, 0], "uv_size": [0.75, 5]},
								"west": {"uv": [16, 21], "uv_size": [0.5, 5]},
								"up": {"uv": [11, 55], "uv_size": [0.75, 0.5]},
								"down": {"uv": [55, 12.5], "uv_size": [0.75, -0.5]}
							}
						},
						{
							"origin": [-0.40625, -0.17291, 1.29615],
							"size": [0.8125, 4.875, 0.5],
							"pivot": [0, 2.10834, 1.87428],
							"rotation": [22.5, 0, 0],
							"uv": {
								"north": {"uv": [18, 6], "uv_size": [0.75, 5]},
								"east": {"uv": [22, 0], "uv_size": [0.5, 5]},
								"south": {"uv": [10, 18], "uv_size": [0.75, 5]},
								"west": {"uv": [22, 6], "uv_size": [0.5, 5]},
								"up": {"uv": [16, 55], "uv_size": [0.75, 0.5]},
								"down": {"uv": [55, 17.5], "uv_size": [0.75, -0.5]}
							}
						},
						{
							"origin": [-0.21875, -0.14359, 1.12768],
							"size": [0.4375, 4.75, 0.1875],
							"pivot": [0, 2.01266, 1.64331],
							"rotation": [22.5, 0, 0],
							"uv": {
								"north": {"uv": [22, 12], "uv_size": [0.5, 4.75]},
								"east": {"uv": [14, 41], "uv_size": [0.25, 4.75]},
								"south": {"uv": [22, 18], "uv_size": [0.5, 4.75]},
								"west": {"uv": [20, 41], "uv_size": [0.25, 4.75]},
								"up": {"uv": [0, 68], "uv_size": [0.5, 0.25]},
								"down": {"uv": [2, 68.25], "uv_size": [0.5, -0.25]}
							}
						},
						{
							"origin": [-0.05524, -0.14359, 1.12402],
							"size": [0.26516, 4.75, 0.25],
							"pivot": [0, 2.01266, 1.64331],
							"rotation": [30.36119, 40.78947, 20.94102],
							"uv": {
								"north": {"uv": [29, 41], "uv_size": [0.25, 4.75]},
								"east": {"uv": [0, 42], "uv_size": [0.25, 4.75]},
								"south": {"uv": [2, 42], "uv_size": [0.25, 4.75]},
								"west": {"uv": [18, 42], "uv_size": [0.25, 4.75]},
								"up": {"uv": [74, 52], "uv_size": [0.25, 0.25]},
								"down": {"uv": [54, 74.25], "uv_size": [0.25, -0.25]}
							}
						},
						{
							"origin": [-0.20992, -0.14359, 1.12402],
							"size": [0.26516, 4.75, 0.25],
							"pivot": [0, 2.01266, 1.64331],
							"rotation": [30.36119, -40.78947, -20.94102],
							"uv": {
								"north": {"uv": [22, 42], "uv_size": [0.25, 4.75]},
								"east": {"uv": [24, 42], "uv_size": [0.25, 4.75]},
								"south": {"uv": [26, 42], "uv_size": [0.25, 4.75]},
								"west": {"uv": [31, 42], "uv_size": [0.25, 4.75]},
								"up": {"uv": [74, 54], "uv_size": [0.25, 0.25]},
								"down": {"uv": [74, 56.25], "uv_size": [0.25, -0.25]}
							}
						},
						{
							"origin": [-0.30225, -0.26819, 1.54574],
							"size": [0.26517, 0.1875, 0.2721],
							"pivot": [0, -0.17955, 2.15735],
							"rotation": [10.54684, -44.5119, -7.43656],
							"uv": {
								"north": {"uv": [74, 70], "uv_size": [0.25, 0.25]},
								"up": {"uv": [72, 74], "uv_size": [0.25, 0.25]},
								"down": {"uv": [74, 72.25], "uv_size": [0.25, -0.25]}
							}
						}
					]
				},
				{
					"name": "gun_and_righthand",
					"parent": "root",
					"pivot": [0, 3.9, 0]
				},
				{
					"name": "R",
					"parent": "gun_and_righthand",
					"pivot": [-0.975, 2.125, 1]
				},
				{
					"name": "righthand",
					"parent": "R",
					"pivot": [-0.975, 2.125, 1],
					"rotation": [93.01689, 5.80774, -177.55323]
				},
				{
					"name": "righthand_pos",
					"parent": "righthand",
					"pivot": [-6.975, -8.875, 1],
					"cubes": [
						{
							"origin": [-2.975, -8.875, -1],
							"size": [3, 12, 4],
							"uv": {
								"north": {"uv": [0, 0], "uv_size": [4, 12]},
								"east": {"uv": [4, 0], "uv_size": [4, 12]},
								"south": {"uv": [8, 0], "uv_size": [4, 12]},
								"west": {"uv": [0, 12], "uv_size": [4, 12]},
								"up": {"uv": [16, 0], "uv_size": [4, 4]},
								"down": {"uv": [16, 8], "uv_size": [4, -4]}
							}
						}
					]
				},
				{
					"name": "m1911",
					"parent": "gun_and_righthand",
					"pivot": [0, 3.9, 0]
				},
				{
					"name": "muzzle_flash",
					"parent": "m1911",
					"pivot": [0, 5.475, -7.875]
				},
				{
					"name": "shell",
					"parent": "m1911",
					"pivot": [0, 5.55, 0.625]
				},
				{
					"name": "constraint",
					"parent": "m1911",
					"pivot": [0, 6.275, -5.825]
				},
				{
					"name": "slide",
					"parent": "m1911",
					"pivot": [0.01718, 5.49012, -0.69786],
					"cubes": [
						{
							"origin": [-0.5885, 4.75121, -3.85028],
							"size": [0.20749, 0.9683, 2.35157],
							"uv": {
								"east": {"uv": [6, 24], "uv_size": [2.25, 1]},
								"south": {"uv": [43, 60], "uv_size": [0.25, 1]},
								"west": {"uv": [24, 6], "uv_size": [2.25, 1]},
								"up": {"uv": [41, 50], "uv_size": [0.25, 2.25]},
								"down": {"uv": [50, 48.25], "uv_size": [0.25, -2.25]}
							}
						},
						{
							"origin": [0.3798, 4.75121, -3.85028],
							"size": [0.20749, 0.9683, 2.31699],
							"uv": {
								"east": {"uv": [24, 8], "uv_size": [2.25, 1]},
								"west": {"uv": [24, 10], "uv_size": [2.25, 1]},
								"down": {"uv": [47, 52.25], "uv_size": [0.25, -2.25]}
							}
						},
						{
							"origin": [-0.5885, 5.09703, -5.95977],
							"size": [0.31124, 0.62248, 2.10949],
							"uv": {
								"north": {"uv": [20, 66], "uv_size": [0.25, 0.5]},
								"east": {"uv": [45, 45], "uv_size": [2, 0.5]},
								"south": {"uv": [66, 20], "uv_size": [0.25, 0.5]},
								"west": {"uv": [46, 2], "uv_size": [2, 0.5]},
								"up": {"uv": [39, 52], "uv_size": [0.25, 2]},
								"down": {"uv": [52, 44], "uv_size": [0.25, -2]}
							}
						},
						{
							"origin": [0.27605, 5.09703, -5.95977],
							"size": [0.31124, 0.62248, 2.10949],
							"uv": {
								"north": {"uv": [22, 66], "uv_size": [0.25, 0.5]},
								"east": {"uv": [46, 4], "uv_size": [2, 0.5]},
								"south": {"uv": [66, 22], "uv_size": [0.25, 0.5]},
								"west": {"uv": [46, 6], "uv_size": [2, 0.5]}
							}
						},
						{
							"origin": [-0.38101, 4.43997, -5.95977],
							"size": [0.76081, 0.65706, 2.4899],
							"uv": {
								"north": {"uv": [50, 42], "uv_size": [0.75, 0.75]},
								"east": {"uv": [28, 12], "uv_size": [2.5, 0.75]},
								"south": {"uv": [49, 50], "uv_size": [0.75, 0.75]},
								"west": {"uv": [28, 14], "uv_size": [2.5, 0.75]},
								"up": {"uv": [24, 28], "uv_size": [0.75, 2.5]},
								"down": {"uv": [28, 29.5], "uv_size": [0.75, -2.5]}
							}
						},
						{
							"origin": [-0.45017, 5.20078, -6.0981],
							"size": [0.1902, 0.49081, 0.13833],
							"uv": {
								"north": {"uv": [24, 66], "uv_size": [0.25, 0.5]},
								"east": {"uv": [66, 24], "uv_size": [0.25, 0.5]},
								"south": {"uv": [26, 66], "uv_size": [0.25, 0.5]},
								"west": {"uv": [34, 66], "uv_size": [0.25, 0.5]},
								"up": {"uv": [56, 71], "uv_size": [0.25, 0.25]}
							}
						},
						{
							"origin": [0.25876, 5.20078, -6.0981],
							"size": [0.1902, 0.49081, 0.13833],
							"uv": {
								"north": {"uv": [66, 34], "uv_size": [0.25, 0.5]},
								"east": {"uv": [36, 66], "uv_size": [0.25, 0.5]},
								"south": {"uv": [38, 66], "uv_size": [0.25, 0.5]},
								"west": {"uv": [40, 66], "uv_size": [0.25, 0.5]},
								"up": {"uv": [71, 64], "uv_size": [0.25, 0.25]}
							}
						},
						{
							"origin": [-0.21476, 5.7368, -6.0981],
							"size": [0.42831, 0.1902, 0.13833],
							"uv": {
								"north": {"uv": [42, 66], "uv_size": [0.5, 0.25]},
								"south": {"uv": [52, 66], "uv_size": [0.5, 0.25]},
								"up": {"uv": [66, 52], "uv_size": [0.5, 0.25]},
								"down": {"uv": [54, 66.25], "uv_size": [0.5, -0.25]}
							}
						},
						{
							"origin": [-0.74655, 5.74971, -6.0981],
							"size": [0.20026, 0.33292, 0.13833],
							"pivot": [-0.66851, 5.36289, -6.02894],
							"rotation": [0, 0, 45],
							"uv": {
								"north": {"uv": [71, 66], "uv_size": [0.25, 0.25]},
								"east": {"uv": [0, 72], "uv_size": [0.25, 0.25]},
								"south": {"uv": [2, 72], "uv_size": [0.25, 0.25]},
								"west": {"uv": [72, 2], "uv_size": [0.25, 0.25]},
								"up": {"uv": [4, 72], "uv_size": [0.25, 0.25]},
								"down": {"uv": [72, 6.25], "uv_size": [0.25, -0.25]}
							}
						},
						{
							"origin": [0.54629, 5.74971, -6.0981],
							"size": [0.20026, 0.33292, 0.13833],
							"pivot": [0.66851, 5.36289, -6.02894],
							"rotation": [0, 0, -45],
							"uv": {
								"north": {"uv": [74, 34], "uv_size": [0.25, 0.25]},
								"east": {"uv": [36, 74], "uv_size": [0.25, 0.25]},
								"south": {"uv": [38, 74], "uv_size": [0.25, 0.25]},
								"west": {"uv": [40, 74], "uv_size": [0.25, 0.25]},
								"up": {"uv": [42, 74], "uv_size": [0.25, 0.25]},
								"down": {"uv": [52, 74.25], "uv_size": [0.25, -0.25]}
							}
						},
						{
							"origin": [-0.27726, 4.7858, -6.0981],
							"size": [0.55331, 0.43227, 0.13833],
							"uv": {
								"north": {"uv": [60, 52], "uv_size": [0.5, 0.5]},
								"south": {"uv": [54, 60], "uv_size": [0.5, 0.5]},
								"up": {"uv": [66, 54], "uv_size": [0.5, 0.25]},
								"down": {"uv": [66, 56.25], "uv_size": [0.5, -0.25]}
							}
						},
						{
							"origin": [0.1986, 4.72497, -6.0981],
							"size": [0.17291, 0.51873, 0.13833],
							"pivot": [0.30235, 5.02756, -6.02894],
							"rotation": [0, 0, 22.5],
							"uv": {
								"north": {"uv": [66, 58], "uv_size": [0.25, 0.5]},
								"south": {"uv": [59, 66], "uv_size": [0.25, 0.5]},
								"west": {"uv": [66, 60], "uv_size": [0.25, 0.5]},
								"down": {"uv": [72, 10.25], "uv_size": [0.25, -0.25]}
							}
						},
						{
							"origin": [-0.37404, 4.73159, -6.0981],
							"size": [0.17291, 0.51873, 0.13833],
							"pivot": [-0.28758, 5.03418, -6.02894],
							"rotation": [0, 0, -22.5],
							"uv": {
								"north": {"uv": [61, 66], "uv_size": [0.25, 0.5]},
								"east": {"uv": [66, 62], "uv_size": [0.25, 0.5]},
								"south": {"uv": [63, 66], "uv_size": [0.25, 0.5]},
								"down": {"uv": [72, 12.25], "uv_size": [0.25, -0.25]}
							}
						},
						{
							"origin": [-0.2081, 4.26706, -5.95977],
							"size": [0.41499, 0.17291, 2.4899],
							"uv": {
								"north": {"uv": [65, 66], "uv_size": [0.5, 0.25]},
								"south": {"uv": [67, 0], "uv_size": [0.5, 0.25]},
								"down": {"uv": [34, 38.5], "uv_size": [0.5, -2.5]}
							}
						},
						{
							"origin": [-0.55597, 4.39541, -5.95977],
							"size": [0.24445, 0.24446, 2.4899],
							"pivot": [-0.01961, 5.25209, -0.20772],
							"rotation": [0, 0, -45],
							"uv": {
								"north": {"uv": [72, 14], "uv_size": [0.25, 0.25]},
								"east": {"uv": [49, 9], "uv_size": [2.5, 0.25]},
								"south": {"uv": [16, 72], "uv_size": [0.25, 0.25]},
								"west": {"uv": [49, 13], "uv_size": [2.5, 0.25]},
								"down": {"uv": [6, 51.5], "uv_size": [0.25, -2.5]}
							}
						},
						{
							"origin": [-0.84941, 4.68885, -5.95977],
							"size": [0.24445, 0.24445, 2.4899],
							"pivot": [-0.01961, 5.25209, -0.20772],
							"rotation": [0, 0, -45],
							"uv": {
								"north": {"uv": [72, 16], "uv_size": [0.25, 0.25]},
								"east": {"uv": [49, 18], "uv_size": [2.5, 0.25]},
								"south": {"uv": [18, 72], "uv_size": [0.25, 0.25]},
								"up": {"uv": [16, 49], "uv_size": [0.25, 2.5]}
							}
						},
						{
							"origin": [-0.5885, 3.54623, -4.28294],
							"size": [1.17579, 0.31917, 0.89913],
							"inflate": -0.001,
							"pivot": [-0.01961, 5.32125, -0.58812],
							"rotation": [-22.5, 0, 0],
							"uv": {
								"north": {"uv": [7, 57], "uv_size": [1.25, 0.25]},
								"east": {"uv": [60, 54], "uv_size": [1, 0.25]},
								"west": {"uv": [56, 60], "uv_size": [1, 0.25]},
								"up": {"uv": [36, 29], "uv_size": [1.25, 1]},
								"down": {"uv": [36, 37], "uv_size": [1.25, -1]}
							}
						},
						{
							"origin": [0.3798, 4.75121, -1.53329],
							"size": [0.20749, 0.9683, 1.53493],
							"uv": {
								"east": {"uv": [36, 24], "uv_size": [1.5, 1]},
								"west": {"uv": [26, 36], "uv_size": [1.5, 1]},
								"down": {"uv": [54, 46.5], "uv_size": [0.25, -1.5]}
							}
						},
						{
							"origin": [-0.5885, 4.75121, -1.49871],
							"size": [0.20749, 0.69164, 1.50035],
							"uv": {
								"east": {"uv": [37, 42], "uv_size": [1.5, 0.75]},
								"west": {"uv": [40, 42], "uv_size": [1.5, 0.75]},
								"up": {"uv": [47, 54], "uv_size": [0.25, 1.5]},
								"down": {"uv": [49, 55.5], "uv_size": [0.25, -1.5]}
							}
						},
						{
							"origin": [-0.5885, 5.50534, -0.3779],
							"size": [0.20749, 0.19919, 0.19919],
							"pivot": [-0.01961, 5.18293, -0.33272],
							"rotation": [-45, 0, 0],
							"uv": {
								"north": {"uv": [20, 72], "uv_size": [0.25, 0.25]},
								"east": {"uv": [72, 20], "uv_size": [0.25, 0.25]},
								"west": {"uv": [22, 72], "uv_size": [0.25, 0.25]}
							}
						},
						{
							"origin": [-0.5885, 4.32802, -1.39563],
							"size": [0.20749, 0.19919, 0.19918],
							"pivot": [-0.01961, 5.18293, -0.17314],
							"rotation": [-45, 0, 0],
							"uv": {
								"east": {"uv": [72, 22], "uv_size": [0.25, 0.25]},
								"west": {"uv": [24, 72], "uv_size": [0.25, 0.25]},
								"up": {"uv": [72, 24], "uv_size": [0.25, 0.25]}
							}
						},
						{
							"origin": [-0.5885, 4.75121, 0.00164],
							"size": [1.17579, 0.9683, 0.46955],
							"uv": {
								"north": {"uv": [37, 0], "uv_size": [1.25, 1]},
								"east": {"uv": [52, 45], "uv_size": [0.5, 1]},
								"south": {"uv": [0, 38], "uv_size": [1.25, 1]},
								"west": {"uv": [52, 47], "uv_size": [0.5, 1]},
								"up": {"uv": [28, 49], "uv_size": [1.25, 0.5]},
								"down": {"uv": [49, 36.5], "uv_size": [1.25, -0.5]}
							}
						},
						{
							"origin": [-0.5885, 4.75121, 0.79035],
							"size": [1.17579, 0.9683, 0.0625],
							"uv": {
								"north": {"uv": [38, 2], "uv_size": [1.25, 1]},
								"east": {"uv": [60, 56], "uv_size": [0.25, 1]},
								"south": {"uv": [3, 38], "uv_size": [1.25, 1]},
								"west": {"uv": [60, 58], "uv_size": [0.25, 1]},
								"up": {"uv": [10, 57], "uv_size": [1.25, 0.25]},
								"down": {"uv": [57, 10.25], "uv_size": [1.25, -0.25]}
							}
						},
						{
							"origin": [-0.5885, 4.75121, 2.16571],
							"size": [0.34582, 0.9683, 0.72748],
							"uv": {
								"north": {"uv": [60, 60], "uv_size": [0.25, 1]},
								"east": {"uv": [14, 37], "uv_size": [0.75, 1]},
								"south": {"uv": [61, 0], "uv_size": [0.25, 1]},
								"west": {"uv": [43, 30], "uv_size": [0.75, 1]},
								"up": {"uv": [53, 62], "uv_size": [0.25, 0.75]},
								"down": {"uv": [62, 54.75], "uv_size": [0.25, -0.75]}
							}
						},
						{
							"origin": [-0.5885, 4.75121, 1.29036],
							"size": [1.17579, 0.9683, 0.0625],
							"uv": {
								"north": {"uv": [38, 4], "uv_size": [1.25, 1]},
								"east": {"uv": [61, 4], "uv_size": [0.25, 1]},
								"south": {"uv": [38, 6], "uv_size": [1.25, 1]},
								"west": {"uv": [6, 61], "uv_size": [0.25, 1]},
								"up": {"uv": [57, 12], "uv_size": [1.25, 0.25]},
								"down": {"uv": [57, 14.25], "uv_size": [1.25, -0.25]}
							}
						},
						{
							"origin": [-0.5885, 4.75121, 1.04035],
							"size": [1.17579, 0.9683, 0.06251],
							"uv": {
								"north": {"uv": [26, 38], "uv_size": [1.25, 1]},
								"east": {"uv": [8, 61], "uv_size": [0.25, 1]},
								"south": {"uv": [38, 26], "uv_size": [1.25, 1]},
								"west": {"uv": [61, 8], "uv_size": [0.25, 1]},
								"up": {"uv": [15, 57], "uv_size": [1.25, 0.25]},
								"down": {"uv": [57, 16.25], "uv_size": [1.25, -0.25]}
							}
						},
						{
							"origin": [0.24146, 4.75121, 2.16571],
							"size": [0.34583, 0.9683, 0.72748],
							"uv": {
								"north": {"uv": [10, 61], "uv_size": [0.25, 1]},
								"east": {"uv": [46, 47], "uv_size": [0.75, 1]},
								"south": {"uv": [12, 61], "uv_size": [0.25, 1]},
								"west": {"uv": [0, 48], "uv_size": [0.75, 1]},
								"down": {"uv": [55, 62.75], "uv_size": [0.25, -0.75]}
							}
						},
						{
							"origin": [-0.5885, 4.75121, 1.79036],
							"size": [1.17579, 0.9683, 0.0625],
							"uv": {
								"north": {"uv": [36, 38], "uv_size": [1.25, 1]},
								"east": {"uv": [14, 61], "uv_size": [0.25, 1]},
								"south": {"uv": [10, 39], "uv_size": [1.25, 1]},
								"west": {"uv": [61, 18], "uv_size": [0.25, 1]},
								"up": {"uv": [57, 21], "uv_size": [1.25, 0.25]},
								"down": {"uv": [57, 23.25], "uv_size": [1.25, -0.25]}
							}
						},
						{
							"origin": [-0.5885, 4.75121, 2.04036],
							"size": [1.17579, 0.9683, 0.0625],
							"uv": {
								"north": {"uv": [13, 39], "uv_size": [1.25, 1]},
								"east": {"uv": [61, 26], "uv_size": [0.25, 1]},
								"south": {"uv": [20, 39], "uv_size": [1.25, 1]},
								"west": {"uv": [61, 28], "uv_size": [0.25, 1]},
								"up": {"uv": [57, 25], "uv_size": [1.25, 0.25]},
								"down": {"uv": [57, 35.25], "uv_size": [1.25, -0.25]}
							}
						},
						{
							"origin": [-0.5885, 4.75121, 1.54036],
							"size": [1.17579, 0.9683, 0.0625],
							"uv": {
								"north": {"uv": [39, 24], "uv_size": [1.25, 1]},
								"east": {"uv": [29, 61], "uv_size": [0.25, 1]},
								"south": {"uv": [39, 28], "uv_size": [1.25, 1]},
								"west": {"uv": [61, 30], "uv_size": [0.25, 1]},
								"up": {"uv": [46, 57], "uv_size": [1.25, 0.25]},
								"down": {"uv": [49, 57.25], "uv_size": [1.25, -0.25]}
							}
						},
						{
							"origin": [-0.5885, 4.75121, 1.91536],
							"size": [1.17579, 0.9683, 0.0625],
							"uv": {
								"north": {"uv": [4, 41], "uv_size": [1.25, 1]},
								"east": {"uv": [51, 61], "uv_size": [0.25, 1]},
								"south": {"uv": [41, 4], "uv_size": [1.25, 1]},
								"west": {"uv": [58, 61], "uv_size": [0.25, 1]},
								"up": {"uv": [58, 37], "uv_size": [1.25, 0.25]},
								"down": {"uv": [38, 58.25], "uv_size": [1.25, -0.25]}
							}
						},
						{
							"origin": [-0.5885, 4.75121, 1.66536],
							"size": [1.17579, 0.9683, 0.0625],
							"uv": {
								"north": {"uv": [40, 40], "uv_size": [1.25, 1]},
								"east": {"uv": [49, 61], "uv_size": [0.25, 1]},
								"south": {"uv": [41, 2], "uv_size": [1.25, 1]},
								"west": {"uv": [61, 50], "uv_size": [0.25, 1]},
								"up": {"uv": [58, 32], "uv_size": [1.25, 0.25]},
								"down": {"uv": [35, 58.25], "uv_size": [1.25, -0.25]}
							}
						},
						{
							"origin": [-0.5885, 4.75121, 1.41536],
							"size": [1.17579, 0.9683, 0.0625],
							"uv": {
								"north": {"uv": [34, 40], "uv_size": [1.25, 1]},
								"east": {"uv": [47, 61], "uv_size": [0.25, 1]},
								"south": {"uv": [37, 40], "uv_size": [1.25, 1]},
								"west": {"uv": [61, 48], "uv_size": [0.25, 1]},
								"up": {"uv": [24, 58], "uv_size": [1.25, 0.25]},
								"down": {"uv": [58, 27.25], "uv_size": [1.25, -0.25]}
							}
						},
						{
							"origin": [-0.5885, 4.75121, 1.16536],
							"size": [1.17579, 0.9683, 0.0625],
							"uv": {
								"north": {"uv": [23, 40], "uv_size": [1.25, 1]},
								"east": {"uv": [45, 61], "uv_size": [0.25, 1]},
								"south": {"uv": [26, 40], "uv_size": [1.25, 1]},
								"west": {"uv": [61, 46], "uv_size": [0.25, 1]},
								"up": {"uv": [58, 18], "uv_size": [1.25, 0.25]},
								"down": {"uv": [21, 58.25], "uv_size": [1.25, -0.25]}
							}
						},
						{
							"origin": [-0.5885, 4.75121, 0.91535],
							"size": [1.17579, 0.9683, 0.0625],
							"uv": {
								"north": {"uv": [40, 12], "uv_size": [1.25, 1]},
								"east": {"uv": [61, 42], "uv_size": [0.25, 1]},
								"south": {"uv": [40, 14], "uv_size": [1.25, 1]},
								"west": {"uv": [61, 44], "uv_size": [0.25, 1]},
								"up": {"uv": [58, 8], "uv_size": [1.25, 0.25]},
								"down": {"uv": [18, 58.25], "uv_size": [1.25, -0.25]}
							}
						},
						{
							"origin": [-0.5885, 4.75121, 0.66535],
							"size": [1.17579, 0.9683, 0.0625],
							"uv": {
								"north": {"uv": [29, 39], "uv_size": [1.25, 1]},
								"east": {"uv": [61, 38], "uv_size": [0.25, 1]},
								"south": {"uv": [40, 0], "uv_size": [1.25, 1]},
								"west": {"uv": [61, 40], "uv_size": [0.25, 1]},
								"up": {"uv": [3, 58], "uv_size": [1.25, 0.25]},
								"down": {"uv": [58, 4.25], "uv_size": [1.25, -0.25]}
							}
						},
						{
							"origin": [-0.5885, 4.75121, 0.54035],
							"size": [1.17579, 0.9683, 0.0625],
							"uv": {
								"north": {"uv": [41, 6], "uv_size": [1.25, 1]},
								"east": {"uv": [62, 6], "uv_size": [0.25, 1]},
								"south": {"uv": [7, 41], "uv_size": [1.25, 1]},
								"west": {"uv": [62, 10], "uv_size": [0.25, 1]},
								"up": {"uv": [58, 42], "uv_size": [1.25, 0.25]},
								"down": {"uv": [55, 58.25], "uv_size": [1.25, -0.25]}
							}
						},
						{
							"origin": [0.24146, 4.75121, 2.89319],
							"size": [0.34583, 0.30259, 0.27665],
							"uv": {
								"east": {"uv": [26, 72], "uv_size": [0.25, 0.25]},
								"south": {"uv": [34, 72], "uv_size": [0.25, 0.25]},
								"west": {"uv": [72, 34], "uv_size": [0.25, 0.25]},
								"up": {"uv": [36, 72], "uv_size": [0.25, 0.25]},
								"down": {"uv": [38, 72.25], "uv_size": [0.25, -0.25]}
							}
						},
						{
							"origin": [-0.5885, 4.75121, 2.89319],
							"size": [0.34582, 0.30259, 0.27665],
							"uv": {
								"east": {"uv": [40, 72], "uv_size": [0.25, 0.25]},
								"south": {"uv": [42, 72], "uv_size": [0.25, 0.25]},
								"west": {"uv": [52, 72], "uv_size": [0.25, 0.25]},
								"up": {"uv": [72, 52], "uv_size": [0.25, 0.25]},
								"down": {"uv": [54, 72.25], "uv_size": [0.25, -0.25]}
							}
						},
						{
							"origin": [-0.5885, 3.76577, 2.59915],
							"size": [0.34582, 0.72622, 0.26334],
							"inflate": -0.001,
							"pivot": [-0.01961, 5.18293, -0.20772],
							"rotation": [22.5, 0, 0],
							"uv": {
								"north": {"uv": [62, 56], "uv_size": [0.25, 0.75]},
								"east": {"uv": [62, 58], "uv_size": [0.25, 0.75]},
								"south": {"uv": [60, 62], "uv_size": [0.25, 0.75]},
								"west": {"uv": [62, 60], "uv_size": [0.25, 0.75]},
								"down": {"uv": [72, 54.25], "uv_size": [0.25, -0.25]}
							}
						},
						{
							"origin": [0.24146, 3.76577, 2.59915],
							"size": [0.34583, 0.72622, 0.26334],
							"inflate": -0.001,
							"pivot": [-0.01961, 5.18293, -0.20772],
							"rotation": [22.5, 0, 0],
							"uv": {
								"north": {"uv": [62, 62], "uv_size": [0.25, 0.75]},
								"east": {"uv": [63, 0], "uv_size": [0.25, 0.75]},
								"south": {"uv": [63, 4], "uv_size": [0.25, 0.75]},
								"west": {"uv": [6, 63], "uv_size": [0.25, 0.75]},
								"down": {"uv": [72, 56.25], "uv_size": [0.25, -0.25]}
							}
						},
						{
							"origin": [-0.55391, 4.75121, 0.47119],
							"size": [1.10661, 0.9683, 2.31952],
							"uv": {
								"east": {"uv": [24, 12], "uv_size": [2.25, 1]},
								"south": {"uv": [10, 37], "uv_size": [1, 1]},
								"west": {"uv": [24, 14], "uv_size": [2.25, 1]},
								"up": {"uv": [10, 24], "uv_size": [1, 2.25]},
								"down": {"uv": [14, 26.25], "uv_size": [1, -2.25]}
							}
						},
						{
							"origin": [-0.24504, 5.71484, -5.95977],
							"size": [0.27515, 0.27665, 8.85296],
							"pivot": [-0.01961, 5.18293, -0.20772],
							"rotation": [0, 0, 45],
							"uv": {
								"north": {"uv": [58, 72], "uv_size": [0.25, 0.25]},
								"south": {"uv": [72, 58], "uv_size": [0.25, 0.25]},
								"west": {"uv": [24, 16], "uv_size": [8.75, 0.25]},
								"up": {"uv": [18, 24], "uv_size": [0.25, 8.75]},
								"down": {"uv": [24, 26.75], "uv_size": [0.25, -8.75]}
							}
						},
						{
							"origin": [-0.1936, 5.73955, -5.95977],
							"size": [0.27515, 0.27666, 4.46106],
							"pivot": [-0.01961, 5.18293, -0.20772],
							"rotation": [0, 0, 22.5],
							"uv": {
								"north": {"uv": [60, 72], "uv_size": [0.25, 0.25]},
								"south": {"uv": [72, 60], "uv_size": [0.25, 0.25]},
								"up": {"uv": [4, 43], "uv_size": [0.25, 4.5]},
								"down": {"uv": [6, 47.5], "uv_size": [0.25, -4.5]}
							}
						},
						{
							"origin": [-0.1936, 5.73955, 0.00164],
							"size": [0.27515, 0.27666, 2.89155],
							"pivot": [-0.01961, 5.18293, -0.20772],
							"rotation": [0, 0, 22.5],
							"uv": {
								"north": {"uv": [62, 72], "uv_size": [0.25, 0.25]},
								"south": {"uv": [72, 62], "uv_size": [0.25, 0.25]},
								"up": {"uv": [2, 48], "uv_size": [0.25, 3]},
								"down": {"uv": [18, 51], "uv_size": [0.25, -3]}
							}
						},
						{
							"origin": [-0.05528, 5.73955, -1.49871],
							"size": [0.13683, 0.27666, 1.50035],
							"pivot": [-0.01961, 5.18293, -0.20772],
							"rotation": [0, 0, 22.5],
							"uv": {
								"east": {"uv": [55, 4], "uv_size": [1.5, 0.25]},
								"up": {"uv": [51, 54], "uv_size": [0.25, 1.5]},
								"down": {"uv": [5, 56.5], "uv_size": [0.25, -1.5]}
							}
						},
						{
							"origin": [0.12833, 5.70719, -1.57688],
							"size": [0.13683, 0.27666, 0.20347],
							"pivot": [0.19675, 5.84552, -1.47515],
							"rotation": [0, 45, 22.5],
							"uv": {
								"east": {"uv": [22, 74], "uv_size": [0.25, 0.25]},
								"up": {"uv": [74, 22], "uv_size": [0.25, 0.25]},
								"down": {"uv": [24, 74.25], "uv_size": [0.25, -0.25]}
							}
						},
						{
							"origin": [0.12833, 5.70719, -0.12366],
							"size": [0.13683, 0.27666, 0.20347],
							"pivot": [0.19675, 5.84552, -0.02192],
							"rotation": [0, -45, 22.5],
							"uv": {
								"east": {"uv": [74, 24], "uv_size": [0.25, 0.25]},
								"up": {"uv": [26, 74], "uv_size": [0.25, 0.25]},
								"down": {"uv": [34, 74.25], "uv_size": [0.25, -0.25]}
							}
						},
						{
							"origin": [-0.13663, 5.74271, -5.95977],
							"size": [0.27515, 0.27665, 4.46106],
							"uv": {
								"north": {"uv": [64, 72], "uv_size": [0.25, 0.25]},
								"east": {"uv": [43, 0], "uv_size": [4.5, 0.25]},
								"south": {"uv": [66, 72], "uv_size": [0.25, 0.25]},
								"west": {"uv": [8, 43], "uv_size": [4.5, 0.25]},
								"up": {"uv": [43, 8], "uv_size": [0.25, 4.5]},
								"down": {"uv": [16, 47.5], "uv_size": [0.25, -4.5]}
							}
						},
						{
							"origin": [-0.13663, 5.72376, 0.00164],
							"size": [0.27515, 0.2956, 2.89155],
							"inflate": 0.001,
							"uv": {
								"north": {"uv": [68, 72], "uv_size": [0.25, 0.25]},
								"east": {"uv": [48, 16], "uv_size": [3, 0.25]},
								"south": {"uv": [72, 68], "uv_size": [0.25, 0.25]},
								"west": {"uv": [22, 48], "uv_size": [3, 0.25]},
								"up": {"uv": [48, 23], "uv_size": [0.25, 3]},
								"down": {"uv": [26, 51], "uv_size": [0.25, -3]}
							}
						},
						{
							"origin": [-0.08279, 5.72382, -5.95977],
							"size": [0.27516, 0.27665, 4.46106],
							"pivot": [-0.01961, 5.18293, -0.20772],
							"rotation": [0, 0, -22.5],
							"uv": {
								"north": {"uv": [70, 72], "uv_size": [0.25, 0.25]},
								"south": {"uv": [72, 70], "uv_size": [0.25, 0.25]},
								"west": {"uv": [43, 14], "uv_size": [4.5, 0.25]},
								"up": {"uv": [43, 35], "uv_size": [0.25, 4.5]},
								"down": {"uv": [43, 45.5], "uv_size": [0.25, -4.5]}
							}
						},
						{
							"origin": [-0.08279, 5.72382, 0.00164],
							"size": [0.27516, 0.27665, 2.89155],
							"pivot": [-0.01961, 5.18293, -0.20772],
							"rotation": [0, 0, -22.5],
							"uv": {
								"north": {"uv": [72, 72], "uv_size": [0.25, 0.25]},
								"south": {"uv": [73, 0], "uv_size": [0.25, 0.25]},
								"west": {"uv": [48, 27], "uv_size": [3, 0.25]},
								"up": {"uv": [31, 48], "uv_size": [0.25, 3]},
								"down": {"uv": [33, 51], "uv_size": [0.25, -3]}
							}
						},
						{
							"origin": [-0.04026, 5.68576, -5.95977],
							"size": [0.27514, 0.27666, 4.46106],
							"pivot": [-0.01961, 5.18293, -0.20772],
							"rotation": [0, 0, -45],
							"uv": {
								"north": {"uv": [73, 4], "uv_size": [0.25, 0.25]},
								"south": {"uv": [6, 73], "uv_size": [0.25, 0.25]},
								"up": {"uv": [44, 2], "uv_size": [0.25, 4.5]},
								"down": {"uv": [44, 20.5], "uv_size": [0.25, -4.5]}
							}
						},
						{
							"origin": [-0.04026, 5.68576, 0.00164],
							"size": [0.27514, 0.27666, 2.89155],
							"inflate": 0.001,
							"pivot": [-0.01961, 5.18293, -0.20772],
							"rotation": [0, 0, -45],
							"uv": {
								"north": {"uv": [8, 73], "uv_size": [0.25, 0.25]},
								"east": {"uv": [48, 44], "uv_size": [3, 0.25]},
								"south": {"uv": [73, 8], "uv_size": [0.25, 0.25]},
								"up": {"uv": [35, 48], "uv_size": [0.25, 3]},
								"down": {"uv": [48, 49], "uv_size": [0.25, -3]}
							}
						},
						{
							"origin": [-0.48261, 5.10947, -5.95977],
							"size": [0.27515, 0.41498, 2.48898],
							"pivot": [-0.01961, 5.18293, -0.20772],
							"rotation": [0, 0, -45],
							"uv": {
								"north": {"uv": [67, 4], "uv_size": [0.25, 0.5]},
								"east": {"uv": [39, 30], "uv_size": [2.5, 0.5]},
								"south": {"uv": [6, 67], "uv_size": [0.25, 0.5]},
								"west": {"uv": [39, 36], "uv_size": [2.5, 0.5]},
								"down": {"uv": [49, 40.5], "uv_size": [0.25, -2.5]}
							}
						},
						{
							"origin": [-0.06619, 4.69304, -5.95977],
							"size": [0.41498, 0.27515, 2.48898],
							"pivot": [-0.01961, 5.18293, -0.20772],
							"rotation": [0, 0, -45],
							"uv": {
								"north": {"uv": [8, 67], "uv_size": [0.5, 0.25]},
								"east": {"uv": [43, 49], "uv_size": [2.5, 0.25]},
								"south": {"uv": [67, 8], "uv_size": [0.5, 0.25]},
								"west": {"uv": [50, 11], "uv_size": [2.5, 0.25]},
								"up": {"uv": [6, 37], "uv_size": [0.5, 2.5]},
								"down": {"uv": [16, 41.5], "uv_size": [0.5, -2.5]}
							}
						},
						{
							"origin": [-0.49861, 4.92179, -5.95977],
							"size": [0.27515, 0.41499, 2.48898],
							"pivot": [-0.01961, 5.18293, -0.20772],
							"rotation": [0, 0, -22.5],
							"uv": {
								"north": {"uv": [10, 67], "uv_size": [0.25, 0.5]},
								"east": {"uv": [39, 38], "uv_size": [2.5, 0.5]},
								"south": {"uv": [12, 67], "uv_size": [0.25, 0.5]},
								"west": {"uv": [0, 40], "uv_size": [2.5, 0.5]},
								"up": {"uv": [0, 50], "uv_size": [0.25, 2.5]},
								"down": {"uv": [20, 52.5], "uv_size": [0.25, -2.5]}
							}
						},
						{
							"origin": [0.22346, 4.92179, -5.95977],
							"size": [0.27515, 0.41499, 2.48898],
							"pivot": [0.01961, 5.18293, -0.20772],
							"rotation": [0, 0, 22.5],
							"uv": {
								"north": {"uv": [24, 68], "uv_size": [0.25, 0.5]},
								"east": {"uv": [10, 41], "uv_size": [2.5, 0.5]},
								"south": {"uv": [68, 24], "uv_size": [0.25, 0.5]},
								"west": {"uv": [41, 26], "uv_size": [2.5, 0.5]},
								"up": {"uv": [50, 22], "uv_size": [0.25, 2.5]},
								"down": {"uv": [37, 52.5], "uv_size": [0.25, -2.5]}
							}
						}
					]
				},
				{
					"name": "bullet_in_barrel",
					"parent": "slide",
					"pivot": [0, 5.415, -0.7625],
					"rotation": [90, 0, 0],
					"cubes": [
						{
							"origin": [-0.2125, 5.8, -0.975],
							"size": [0.425, 0.325, 0.425],
							"uv": {
								"north": {"uv": [54, 68], "uv_size": [0.5, 0.25]},
								"east": {"uv": [68, 54], "uv_size": [0.5, 0.25]},
								"south": {"uv": [68, 56], "uv_size": [0.5, 0.25]},
								"west": {"uv": [58, 68], "uv_size": [0.5, 0.25]},
								"up": {"uv": [18, 62], "uv_size": [0.5, 0.5]},
								"down": {"uv": [20, 62.5], "uv_size": [0.5, -0.5]}
							}
						},
						{
							"origin": [-0.1375, 6.125, -0.9],
							"size": [0.275, 0.1, 0.275],
							"uv": {
								"north": {"uv": [75, 42], "uv_size": [0.25, 0.25]},
								"east": {"uv": [44, 75], "uv_size": [0.25, 0.25]},
								"south": {"uv": [75, 44], "uv_size": [0.25, 0.25]},
								"west": {"uv": [46, 75], "uv_size": [0.25, 0.25]},
								"up": {"uv": [75, 46], "uv_size": [0.25, 0.25]},
								"down": {"uv": [48, 75.25], "uv_size": [0.25, -0.25]}
							}
						},
						{
							"origin": [-0.175, 4.8, -0.9375],
							"size": [0.35, 0.075, 0.35],
							"uv": {
								"north": {"uv": [75, 30], "uv_size": [0.25, 0.25]},
								"east": {"uv": [32, 75], "uv_size": [0.25, 0.25]},
								"south": {"uv": [75, 32], "uv_size": [0.25, 0.25]},
								"west": {"uv": [75, 36], "uv_size": [0.25, 0.25]},
								"up": {"uv": [75, 38], "uv_size": [0.25, 0.25]},
								"down": {"uv": [75, 40.25], "uv_size": [0.25, -0.25]}
							}
						},
						{
							"origin": [-0.25, 4.725, -1.0125],
							"size": [0.5, 0.075, 0.5],
							"uv": {
								"north": {"uv": [40, 68], "uv_size": [0.5, 0.25]},
								"east": {"uv": [42, 68], "uv_size": [0.5, 0.25]},
								"south": {"uv": [52, 68], "uv_size": [0.5, 0.25]},
								"west": {"uv": [68, 52], "uv_size": [0.5, 0.25]},
								"up": {"uv": [16, 62], "uv_size": [0.5, 0.5]},
								"down": {"uv": [62, 16.5], "uv_size": [0.5, -0.5]}
							}
						},
						{
							"origin": [-0.25, 4.875, -1.0125],
							"size": [0.5, 0.925, 0.5],
							"uv": {
								"north": {"uv": [9, 53], "uv_size": [0.5, 1]},
								"east": {"uv": [11, 53], "uv_size": [0.5, 1]},
								"south": {"uv": [53, 13], "uv_size": [0.5, 1]},
								"west": {"uv": [16, 53], "uv_size": [0.5, 1]},
								"up": {"uv": [62, 12], "uv_size": [0.5, 0.5]},
								"down": {"uv": [62, 14.5], "uv_size": [0.5, -0.5]}
							}
						}
					]
				},
				{
					"name": "sight",
					"parent": "slide",
					"pivot": [-0.01901, 5.18293, -0.53585],
					"cubes": [
						{
							"origin": [-0.06977, 5.93366, -5.87531],
							"size": [0.13833, 0.20416, 0.34582],
							"pivot": [-0.00061, 6.03574, -5.7024],
							"rotation": [22.5, 0, 0],
							"uv": {
								"north": {"uv": [10, 73], "uv_size": [0.25, 0.25]},
								"east": {"uv": [12, 73], "uv_size": [0.25, 0.25]},
								"south": {"uv": [14, 73], "uv_size": [0.25, 0.25]},
								"west": {"uv": [73, 18], "uv_size": [0.25, 0.25]},
								"up": {"uv": [73, 26], "uv_size": [0.25, 0.25]}
							}
						},
						{
							"origin": [-0.06977, 5.93366, -5.63394],
							"size": [0.13833, 0.20416, 0.34582],
							"pivot": [-0.00061, 6.03574, -5.46103],
							"rotation": [-22.5, 0, 0],
							"uv": {
								"north": {"uv": [62, 74], "uv_size": [0.25, 0.25]},
								"east": {"uv": [74, 62], "uv_size": [0.25, 0.25]},
								"south": {"uv": [64, 74], "uv_size": [0.25, 0.25]},
								"west": {"uv": [66, 74], "uv_size": [0.25, 0.25]},
								"up": {"uv": [68, 74], "uv_size": [0.25, 0.25]}
							}
						},
						{
							"origin": [-0.06977, 5.85972, -5.90121],
							"size": [0.13833, 0.20416, 0.63899],
							"uv": {
								"north": {"uv": [74, 68], "uv_size": [0.25, 0.25]},
								"east": {"uv": [63, 8], "uv_size": [0.75, 0.25]},
								"south": {"uv": [70, 74], "uv_size": [0.25, 0.25]},
								"west": {"uv": [10, 63], "uv_size": [0.75, 0.25]},
								"up": {"uv": [12, 63], "uv_size": [0.25, 0.75]}
							}
						},
						{
							"origin": [0.15395, 6.00283, 2.23832],
							"size": [0.15728, 0.19749, 0.11144],
							"uv": {
								"north": {"uv": [28, 73], "uv_size": [0.25, 0.25]},
								"east": {"uv": [73, 28], "uv_size": [0.25, 0.25]},
								"south": {"uv": [30, 73], "uv_size": [0.25, 0.25]},
								"west": {"uv": [73, 30], "uv_size": [0.25, 0.25]},
								"up": {"uv": [32, 73], "uv_size": [0.25, 0.25]}
							}
						},
						{
							"origin": [0.05538, 5.96233, 2.23832],
							"size": [0.19634, 0.1975, 0.11144],
							"pivot": [0.15354, 6.06108, 2.29404],
							"rotation": [0, 0, 45],
							"uv": {
								"north": {"uv": [73, 32], "uv_size": [0.25, 0.25]},
								"east": {"uv": [73, 36], "uv_size": [0.25, 0.25]},
								"south": {"uv": [73, 38], "uv_size": [0.25, 0.25]},
								"down": {"uv": [73, 40.25], "uv_size": [0.25, -0.25]}
							}
						},
						{
							"origin": [-0.25253, 5.96233, 2.23832],
							"size": [0.19634, 0.1975, 0.11144],
							"pivot": [-0.15436, 6.06108, 2.29404],
							"rotation": [0, 0, 45],
							"uv": {
								"north": {"uv": [73, 42], "uv_size": [0.25, 0.25]},
								"east": {"uv": [44, 73], "uv_size": [0.25, 0.25]},
								"south": {"uv": [73, 44], "uv_size": [0.25, 0.25]},
								"west": {"uv": [46, 73], "uv_size": [0.25, 0.25]},
								"up": {"uv": [73, 46], "uv_size": [0.25, 0.25]}
							}
						},
						{
							"origin": [-0.31124, 6.00283, 2.23832],
							"size": [0.15729, 0.19749, 0.11144],
							"uv": {
								"north": {"uv": [48, 73], "uv_size": [0.25, 0.25]},
								"east": {"uv": [73, 48], "uv_size": [0.25, 0.25]},
								"south": {"uv": [50, 73], "uv_size": [0.25, 0.25]},
								"west": {"uv": [73, 50], "uv_size": [0.25, 0.25]},
								"up": {"uv": [56, 73], "uv_size": [0.25, 0.25]}
							}
						},
						{
							"origin": [-0.31124, 5.98937, 2.30619],
							"size": [0.62247, 0.12606, 0.0652],
							"pivot": [0.0003, 6.07918, 2.35409],
							"rotation": [22.5, 0, 0],
							"uv": {
								"north": {"uv": [14, 67], "uv_size": [0.5, 0.25]},
								"east": {"uv": [73, 64], "uv_size": [0.25, 0.25]},
								"south": {"uv": [67, 18], "uv_size": [0.5, 0.25]},
								"west": {"uv": [73, 66], "uv_size": [0.25, 0.25]},
								"up": {"uv": [67, 26], "uv_size": [0.5, 0.25]}
							}
						},
						{
							"origin": [-0.31124, 5.98937, 2.21668],
							"size": [0.62247, 0.12606, 0.06521],
							"pivot": [-0.20855, 6.07918, 2.23398],
							"rotation": [-22.5, 0, 0],
							"uv": {
								"north": {"uv": [28, 67], "uv_size": [0.5, 0.25]},
								"east": {"uv": [0, 74], "uv_size": [0.25, 0.25]},
								"south": {"uv": [67, 28], "uv_size": [0.5, 0.25]},
								"west": {"uv": [2, 74], "uv_size": [0.25, 0.25]},
								"up": {"uv": [30, 67], "uv_size": [0.5, 0.25]}
							}
						},
						{
							"origin": [-0.11808, 6.00283, 2.24383],
							"size": [0.23616, 0.11408, 0.10042],
							"uv": {
								"north": {"uv": [74, 2], "uv_size": [0.25, 0.25]},
								"south": {"uv": [4, 74], "uv_size": [0.25, 0.25]},
								"up": {"uv": [74, 6], "uv_size": [0.25, 0.25]}
							}
						},
						{
							"origin": [-0.31124, 5.927, 2.18363],
							"size": [0.62247, 0.07583, 0.22082],
							"uv": {
								"north": {"uv": [67, 30], "uv_size": [0.5, 0.25]},
								"east": {"uv": [74, 10], "uv_size": [0.25, 0.25]},
								"south": {"uv": [32, 67], "uv_size": [0.5, 0.25]},
								"west": {"uv": [74, 12], "uv_size": [0.25, 0.25]}
							}
						}
					]
				},
				{
					"name": "octagon",
					"parent": "slide",
					"pivot": [0, 4, 0],
					"cubes": [
						{
							"origin": [-0.09572, 4.35698, -6.0406],
							"size": [0.18335, 0.44265, 0.55331],
							"pivot": [-0.00404, 4.5783, -5.76394],
							"rotation": [0, 0, 45],
							"uv": {
								"north": {"uv": [67, 32], "uv_size": [0.25, 0.5]},
								"south": {"uv": [67, 36], "uv_size": [0.25, 0.5]},
								"west": {"uv": [31, 61], "uv_size": [0.5, 0.5]},
								"up": {"uv": [67, 38], "uv_size": [0.25, 0.5]},
								"down": {"uv": [67, 40.5], "uv_size": [0.25, -0.5]}
							}
						},
						{
							"origin": [-0.09572, 4.35698, -6.0406],
							"size": [0.18335, 0.44265, 0.55331],
							"uv": {
								"north": {"uv": [67, 42], "uv_size": [0.25, 0.5]},
								"east": {"uv": [61, 32], "uv_size": [0.5, 0.5]},
								"down": {"uv": [44, 67.5], "uv_size": [0.25, -0.5]}
							}
						},
						{
							"origin": [-0.22537, 4.48663, -6.0406],
							"size": [0.44264, 0.18335, 0.55331],
							"pivot": [-0.00404, 4.5783, -5.76394],
							"rotation": [0, 0, 45],
							"uv": {
								"north": {"uv": [67, 44], "uv_size": [0.5, 0.25]},
								"east": {"uv": [46, 67], "uv_size": [0.5, 0.25]},
								"south": {"uv": [67, 46], "uv_size": [0.5, 0.25]},
								"west": {"uv": [48, 67], "uv_size": [0.5, 0.25]},
								"up": {"uv": [33, 61], "uv_size": [0.5, 0.5]}
							}
						},
						{
							"origin": [-0.22537, 4.48663, -6.0406],
							"size": [0.44264, 0.18335, 0.55331],
							"uv": {
								"north": {"uv": [67, 48], "uv_size": [0.5, 0.25]},
								"east": {"uv": [50, 67], "uv_size": [0.5, 0.25]},
								"west": {"uv": [67, 50], "uv_size": [0.5, 0.25]},
								"down": {"uv": [61, 36.5], "uv_size": [0.5, -0.5]}
							}
						}
					]
				},
				{
					"name": "gun",
					"parent": "m1911",
					"pivot": [0, 0, 0]
				},
				{
					"name": "grip",
					"parent": "gun",
					"pivot": [0, 1.64788, 1.13013],
					"cubes": [
						{
							"origin": [-0.62247, 0.06845, 1.85992],
							"size": [1.24494, 4.34796, 0.74081],
							"pivot": [0, 2.24243, 2.23032],
							"rotation": [22.5, 0, 0],
							"uv": {
								"east": {"uv": [20, 0], "uv_size": [0.75, 4.25]},
								"west": {"uv": [20, 6], "uv_size": [0.75, 4.25]}
							}
						},
						{
							"origin": [-0.62247, -0.16889, 1.27579],
							"size": [1.24494, 4.61511, 0.66359],
							"inflate": 0.001,
							"pivot": [0, 2.13867, 1.60758],
							"rotation": [20, 0, 0],
							"uv": {
								"north": {"uv": [2, 9], "uv_size": [1.25, 4.5]},
								"east": {"uv": [14, 18], "uv_size": [0.75, 4.5]},
								"west": {"uv": [18, 18], "uv_size": [0.75, 4.5]},
								"up": {"uv": [46, 19], "uv_size": [1.25, 0.75]}
							}
						},
						{
							"origin": [-0.62247, 0.32295, 2.56644],
							"size": [1.24494, 4.14082, 0.57291],
							"pivot": [0, 2.45586, 2.85289],
							"rotation": [22.5, 0, 0],
							"uv": {
								"east": {"uv": [6, 26], "uv_size": [0.5, 4.25]},
								"south": {"uv": [5, 9], "uv_size": [1.25, 4.25]},
								"west": {"uv": [8, 26], "uv_size": [0.5, 4.25]}
							}
						},
						{
							"origin": [-0.62247, 4.14389, 1.13014],
							"size": [1.24494, 0.27666, 1.21901],
							"inflate": 0.001,
							"uv": {
								"north": {"uv": [56, 51], "uv_size": [1.25, 0.25]},
								"east": {"uv": [57, 2], "uv_size": [1.25, 0.25]},
								"west": {"uv": [57, 6], "uv_size": [1.25, 0.25]},
								"up": {"uv": [20, 36], "uv_size": [1.25, 1.25]}
							}
						},
						{
							"origin": [-0.62247, 0.37721, 3.40816],
							"size": [1.24494, 0.22865, 0.52109],
							"pivot": [0, 0.49154, 3.6687],
							"rotation": [45, 0, 0],
							"uv": {
								"east": {"uv": [66, 12], "uv_size": [0.5, 0.25]},
								"west": {"uv": [66, 14], "uv_size": [0.5, 0.25]},
								"down": {"uv": [49, 7.5], "uv_size": [1.25, -0.5]}
							}
						},
						{
							"origin": [-0.625, -0.04558, 2.07454],
							"size": [1.25, 0.5, 1.625],
							"pivot": [-0.125, -0.01433, 2.82454],
							"rotation": [7.5, 0, 0],
							"uv": {
								"north": {"uv": [50, 20], "uv_size": [1.25, 0.5]},
								"east": {"uv": [47, 11], "uv_size": [1.75, 0.5]},
								"south": {"uv": [22, 50], "uv_size": [1.25, 0.5]},
								"west": {"uv": [47, 21], "uv_size": [1.75, 0.5]},
								"up": {"uv": [20, 24], "uv_size": [1.25, 1.75]},
								"down": {"uv": [26, 1.75], "uv_size": [1.25, -1.75]}
							}
						}
					]
				},
				{
					"name": "group",
					"parent": "grip",
					"pivot": [0.44551, -2.0291, 3.09047],
					"cubes": [
						{
							"origin": [-0.70235, 0.61806, 2.68401],
							"size": [1.3966, 0.27665, 0.27665],
							"pivot": [-0.00405, 0.75638, 2.82233],
							"rotation": [45, 0, 0],
							"uv": {
								"north": {"uv": [54, 6], "uv_size": [1.5, 0.25]},
								"east": {"uv": [71, 38], "uv_size": [0.25, 0.25]},
								"south": {"uv": [54, 10], "uv_size": [1.5, 0.25]},
								"west": {"uv": [71, 40], "uv_size": [0.25, 0.25]},
								"up": {"uv": [13, 54], "uv_size": [1.5, 0.25]},
								"down": {"uv": [54, 15.25], "uv_size": [1.5, -0.25]}
							}
						},
						{
							"origin": [-0.57735, 0.13049, 3.7551],
							"size": [1.14661, 0.21416, 0.21416],
							"pivot": [-0.00405, 0.26882, 3.89343],
							"rotation": [67.5, 0, 0],
							"uv": {
								"north": {"uv": [52, 57], "uv_size": [1.25, 0.25]},
								"east": {"uv": [74, 16], "uv_size": [0.25, 0.25]},
								"south": {"uv": [57, 53], "uv_size": [1.25, 0.25]},
								"west": {"uv": [18, 74], "uv_size": [0.25, 0.25]},
								"up": {"uv": [0, 58], "uv_size": [1.25, 0.25]},
								"down": {"uv": [58, 0.25], "uv_size": [1.25, -0.25]}
							}
						},
						{
							"origin": [-0.70235, 3.81301, 1.48561],
							"size": [1.3966, 0.27665, 0.27665],
							"pivot": [-0.00405, 3.95133, 1.62394],
							"rotation": [45, 0, 0],
							"uv": {
								"north": {"uv": [18, 54], "uv_size": [1.5, 0.25]},
								"east": {"uv": [71, 42], "uv_size": [0.25, 0.25]},
								"south": {"uv": [21, 54], "uv_size": [1.5, 0.25]},
								"west": {"uv": [44, 71], "uv_size": [0.25, 0.25]},
								"up": {"uv": [54, 22], "uv_size": [1.5, 0.25]},
								"down": {"uv": [24, 54.25], "uv_size": [1.5, -0.25]}
							}
						}
					]
				},
				{
					"name": "trigger",
					"parent": "gun",
					"pivot": [-0.00404, 3.78678, 0.02154],
					"cubes": [
						{
							"origin": [-0.14238, 2.85552, -0.0524],
							"size": [0.27666, 1.1412, 0.55332],
							"uv": {
								"north": {"uv": [56, 55], "uv_size": [0.25, 1.25]},
								"east": {"uv": [4, 49], "uv_size": [0.5, 1.25]},
								"west": {"uv": [49, 4], "uv_size": [0.5, 1.25]}
							}
						},
						{
							"origin": [-0.14238, 2.82094, -0.12156],
							"size": [0.27666, 0.44956, 0.20749],
							"inflate": -0.001,
							"pivot": [-0.00404, 3.0803, -0.12156],
							"rotation": [-45, 0, 0],
							"uv": {
								"north": {"uv": [0, 66], "uv_size": [0.25, 0.5]},
								"east": {"uv": [2, 66], "uv_size": [0.25, 0.5]},
								"west": {"uv": [66, 2], "uv_size": [0.25, 0.5]},
								"down": {"uv": [71, 26.25], "uv_size": [0.25, -0.25]}
							}
						},
						{
							"origin": [-0.14238, 2.99978, -0.1764],
							"size": [0.27666, 0.31124, 0.20749],
							"inflate": -0.001,
							"pivot": [-0.00404, 2.98249, -0.07266],
							"rotation": [-22.5, 0, 0],
							"uv": {
								"north": {"uv": [28, 71], "uv_size": [0.25, 0.25]},
								"east": {"uv": [71, 28], "uv_size": [0.25, 0.25]},
								"west": {"uv": [30, 71], "uv_size": [0.25, 0.25]}
							}
						},
						{
							"origin": [-0.14238, 3.47289, 0.04915],
							"size": [0.27666, 0.31124, 0.2075],
							"inflate": -0.001,
							"pivot": [-0.00404, 3.24811, -0.26208],
							"rotation": [22.5, 0, 0],
							"uv": {
								"north": {"uv": [71, 30], "uv_size": [0.25, 0.25]},
								"east": {"uv": [32, 71], "uv_size": [0.25, 0.25]},
								"west": {"uv": [71, 32], "uv_size": [0.25, 0.25]},
								"down": {"uv": [71, 36.25], "uv_size": [0.25, -0.25]}
							}
						},
						{
							"origin": [-0.14238, 3.8147, -0.11678],
							"size": [0.27666, 0.3804, 0.20749],
							"inflate": -0.001,
							"pivot": [-0.00404, 3.84928, 0.02154],
							"rotation": [45, 0, 0],
							"uv": {
								"north": {"uv": [4, 66], "uv_size": [0.25, 0.5]},
								"east": {"uv": [66, 6], "uv_size": [0.25, 0.5]},
								"west": {"uv": [66, 10], "uv_size": [0.25, 0.5]}
							}
						}
					]
				},
				{
					"name": "hammer",
					"parent": "gun",
					"pivot": [0.03125, 4.62732, 2.99076],
					"rotation": [-25, 0, 0],
					"cubes": [
						{
							"origin": [-0.20749, 4.50575, 2.42073],
							"size": [0.41499, 0.37707, 1.05331],
							"pivot": [0, 4.68919, 2.92787],
							"rotation": [45, 0, 0],
							"uv": {
								"north": {"uv": [19, 60], "uv_size": [0.5, 0.5]},
								"east": {"uv": [52, 30], "uv_size": [1, 0.5]},
								"south": {"uv": [60, 20], "uv_size": [0.5, 0.5]},
								"west": {"uv": [32, 52], "uv_size": [1, 0.5]},
								"up": {"uv": [52, 32], "uv_size": [0.5, 1]},
								"down": {"uv": [34, 53], "uv_size": [0.5, -1]}
							}
						},
						{
							"origin": [-0.20749, 4.71981, 3.4223],
							"size": [0.41499, 0.38041, 0.49081],
							"pivot": [0, 4.68919, 2.92787],
							"rotation": [22.5, 0, 0],
							"uv": {
								"north": {"uv": [21, 60], "uv_size": [0.5, 0.5]},
								"east": {"uv": [60, 22], "uv_size": [0.5, 0.5]},
								"south": {"uv": [23, 60], "uv_size": [0.5, 0.5]},
								"west": {"uv": [60, 24], "uv_size": [0.5, 0.5]},
								"up": {"uv": [25, 60], "uv_size": [0.5, 0.5]},
								"down": {"uv": [27, 60.5], "uv_size": [0.5, -0.5]}
							}
						},
						{
							"origin": [-0.20749, 4.69189, 3.47404],
							"size": [0.41498, 0.19093, 0.52136],
							"pivot": [0, 4.68919, 2.92787],
							"rotation": [45, 0, 0],
							"uv": {
								"east": {"uv": [65, 44], "uv_size": [0.5, 0.25]},
								"south": {"uv": [46, 65], "uv_size": [0.5, 0.25]},
								"west": {"uv": [65, 46], "uv_size": [0.5, 0.25]},
								"up": {"uv": [60, 34], "uv_size": [0.5, 0.5]}
							}
						},
						{
							"origin": [-0.20749, 4.93588, 3.39858],
							"size": [0.41499, 0.1651, 0.55331],
							"inflate": 0.001,
							"uv": {
								"east": {"uv": [48, 65], "uv_size": [0.5, 0.25]},
								"west": {"uv": [65, 48], "uv_size": [0.5, 0.25]},
								"up": {"uv": [35, 60], "uv_size": [0.5, 0.5]},
								"down": {"uv": [37, 60.5], "uv_size": [0.5, -0.5]}
							}
						},
						{
							"origin": [-0.27332, 5.30264, 3.71525],
							"size": [0.54664, 0.15478, 0.41499],
							"pivot": [0, 4.68436, 2.93759],
							"rotation": [-22.5, 0, 0],
							"uv": {
								"north": {"uv": [50, 65], "uv_size": [0.5, 0.25]},
								"east": {"uv": [65, 50], "uv_size": [0.5, 0.25]},
								"south": {"uv": [57, 65], "uv_size": [0.5, 0.25]},
								"west": {"uv": [65, 64], "uv_size": [0.5, 0.25]},
								"up": {"uv": [39, 60], "uv_size": [0.5, 0.5]},
								"down": {"uv": [41, 60.5], "uv_size": [0.5, -0.5]}
							}
						}
					]
				},
				{
					"name": "parts",
					"parent": "gun",
					"pivot": [0.71875, 5.64227, 2.44653],
					"cubes": [
						{
							"origin": [-0.59375, 4.20881, 1.14053],
							"size": [1.1875, 0.28062, 0.28061],
							"pivot": [4.36984, 4.50672, -0.68835],
							"rotation": [-45, 0, 0],
							"uv": {
								"north": {"uv": [43, 56], "uv_size": [1.25, 0.25]},
								"east": {"uv": [14, 71], "uv_size": [0.25, 0.25]},
								"south": {"uv": [56, 45], "uv_size": [1.25, 0.25]},
								"west": {"uv": [71, 18], "uv_size": [0.25, 0.25]},
								"up": {"uv": [56, 47], "uv_size": [1.25, 0.25]},
								"down": {"uv": [56, 49.25], "uv_size": [1.25, -0.25]}
							}
						}
					]
				},
				{
					"name": "hold_release",
					"parent": "parts",
					"pivot": [0.77854, 4.48053, -0.69037],
					"cubes": [
						{
							"origin": [0.51468, 4.42396, -0.68835],
							"size": [0.10374, 0.25936, 1.26223],
							"uv": {
								"south": {"uv": [34, 70], "uv_size": [0.25, 0.25]},
								"west": {"uv": [56, 30], "uv_size": [1.25, 0.25]},
								"up": {"uv": [31, 56], "uv_size": [0.25, 1.25]},
								"down": {"uv": [33, 57.25], "uv_size": [0.25, -1.25]}
							}
						},
						{
							"origin": [0.4801, 4.29218, -0.8231],
							"size": [0.13832, 0.3252, 0.3252],
							"pivot": [0.56656, 4.4877, -0.67612],
							"rotation": [-45, 0, 0],
							"uv": {
								"north": {"uv": [70, 34], "uv_size": [0.25, 0.25]},
								"east": {"uv": [36, 70], "uv_size": [0.25, 0.25]},
								"west": {"uv": [38, 70], "uv_size": [0.25, 0.25]},
								"down": {"uv": [40, 70.25], "uv_size": [0.25, -0.25]}
							}
						},
						{
							"origin": [0.51468, 4.22343, -0.68836],
							"size": [0.10374, 0.1802, 1.18228],
							"inflate": 0.001,
							"pivot": [0.61842, 4.22343, -0.68836],
							"rotation": [10, 0, 0],
							"uv": {
								"east": {"uv": [35, 56], "uv_size": [1.25, 0.25]},
								"west": {"uv": [56, 40], "uv_size": [1.25, 0.25]},
								"down": {"uv": [56, 43.25], "uv_size": [0.25, -1.25]}
							}
						},
						{
							"origin": [0.46729, 4.58552, -0.00464],
							"size": [0.32853, 0.10375, 0.57852],
							"pivot": [0.64884, 4.63739, 0.40963],
							"rotation": [0, 0, 22.5],
							"uv": {
								"north": {"uv": [42, 70], "uv_size": [0.25, 0.25]},
								"east": {"uv": [65, 8], "uv_size": [0.5, 0.25]},
								"south": {"uv": [52, 70], "uv_size": [0.25, 0.25]},
								"west": {"uv": [10, 65], "uv_size": [0.5, 0.25]},
								"up": {"uv": [12, 65], "uv_size": [0.25, 0.5]}
							}
						},
						{
							"origin": [0.47595, 4.52532, -0.00464],
							"size": [0.32852, 0.10375, 0.57852],
							"uv": {
								"north": {"uv": [70, 52], "uv_size": [0.25, 0.25]},
								"south": {"uv": [54, 70], "uv_size": [0.25, 0.25]},
								"west": {"uv": [14, 65], "uv_size": [0.5, 0.25]},
								"down": {"uv": [65, 18.5], "uv_size": [0.25, -0.5]}
							}
						},
						{
							"origin": [-0.55736, 4.3926, -0.75393],
							"size": [1.03746, 0.15562, 0.15561],
							"pivot": [0.56656, 4.4877, -0.67612],
							"rotation": [-45, 0, 0],
							"uv": {
								"north": {"uv": [4, 60], "uv_size": [1, 0.25]},
								"east": {"uv": [70, 54], "uv_size": [0.25, 0.25]},
								"south": {"uv": [60, 6], "uv_size": [1, 0.25]},
								"up": {"uv": [60, 10], "uv_size": [1, 0.25]},
								"down": {"uv": [60, 12.25], "uv_size": [1, -0.25]}
							}
						}
					]
				},
				{
					"name": "safety",
					"parent": "parts",
					"pivot": [0.79134, 4.26701, 3.07504],
					"cubes": [
						{
							"origin": [0.51468, 3.69647, 2.76549],
							"size": [0.10374, 0.46685, 0.31123],
							"pivot": [0.79134, 4.05958, 3.14589],
							"rotation": [-22.5, 0, 0],
							"uv": {
								"east": {"uv": [65, 26], "uv_size": [0.25, 0.5]},
								"south": {"uv": [28, 65], "uv_size": [0.25, 0.5]},
								"west": {"uv": [65, 28], "uv_size": [0.25, 0.5]},
								"down": {"uv": [70, 56.25], "uv_size": [0.25, -0.25]}
							}
						},
						{
							"origin": [0.51468, 4.0641, 2.67573],
							"size": [0.10374, 0.40447, 0.21983],
							"pivot": [0.79134, 4.19192, 2.77452],
							"rotation": [22.5, 0, 0],
							"uv": {
								"east": {"uv": [30, 65], "uv_size": [0.25, 0.5]},
								"west": {"uv": [65, 30], "uv_size": [0.25, 0.5]}
							}
						},
						{
							"origin": [0.51468, 3.89948, 2.5358],
							"size": [0.10374, 0.79539, 0.13833],
							"pivot": [0.79134, 4.17614, 2.67413],
							"rotation": [22.5, 0, 0],
							"uv": {
								"north": {"uv": [37, 62], "uv_size": [0.25, 0.75]},
								"east": {"uv": [39, 62], "uv_size": [0.25, 0.75]},
								"south": {"uv": [41, 62], "uv_size": [0.25, 0.75]},
								"west": {"uv": [43, 62], "uv_size": [0.25, 0.75]},
								"up": {"uv": [58, 70], "uv_size": [0.25, 0.25]},
								"down": {"uv": [70, 58.25], "uv_size": [0.25, -0.25]}
							}
						},
						{
							"origin": [0.51468, 4.16332, 2.29863],
							"size": [0.10374, 0.1902, 0.88184],
							"pivot": [0.79134, 4.05958, 3.14589],
							"rotation": [-22.5, 0, 0],
							"uv": {
								"east": {"uv": [60, 14], "uv_size": [1, 0.25]},
								"west": {"uv": [60, 16], "uv_size": [1, 0.25]},
								"up": {"uv": [17, 60], "uv_size": [0.25, 1]}
							}
						},
						{
							"origin": [0.61842, 4.22736, 2.29073],
							"size": [0.27666, 0.08646, 0.43228],
							"pivot": [0.89508, 4.01987, 3.24173],
							"rotation": [-22.5, 0, 0],
							"uv": {
								"north": {"uv": [60, 70], "uv_size": [0.25, 0.25]},
								"east": {"uv": [32, 65], "uv_size": [0.5, 0.25]},
								"south": {"uv": [70, 60], "uv_size": [0.25, 0.25]},
								"west": {"uv": [65, 32], "uv_size": [0.5, 0.25]},
								"up": {"uv": [65, 36], "uv_size": [0.25, 0.5]},
								"down": {"uv": [65, 38.5], "uv_size": [0.25, -0.5]}
							}
						},
						{
							"origin": [0.59717, 4.41008, 2.40962],
							"size": [0.29791, 0.06749, 0.43228],
							"pivot": [0.89508, 4.41008, 2.8419],
							"rotation": [-21.80633, -5.68422, -13.9042],
							"uv": {
								"north": {"uv": [62, 70], "uv_size": [0.25, 0.25]},
								"east": {"uv": [65, 40], "uv_size": [0.5, 0.25]},
								"south": {"uv": [70, 62], "uv_size": [0.25, 0.25]},
								"west": {"uv": [65, 42], "uv_size": [0.5, 0.25]},
								"down": {"uv": [44, 65.5], "uv_size": [0.25, -0.5]}
							}
						},
						{
							"origin": [0.51468, 4.13056, 3.01556],
							"size": [0.10374, 0.15561, 0.31323],
							"pivot": [0.79134, 4.21701, 3.22504],
							"rotation": [22.5, 0, 0],
							"uv": {
								"south": {"uv": [64, 70], "uv_size": [0.25, 0.25]},
								"west": {"uv": [66, 70], "uv_size": [0.25, 0.25]},
								"up": {"uv": [68, 70], "uv_size": [0.25, 0.25]},
								"down": {"uv": [70, 68.25], "uv_size": [0.25, -0.25]}
							}
						}
					]
				},
				{
					"name": "group3",
					"parent": "parts",
					"pivot": [0.54927, 9.0783, -0.17397],
					"cubes": [
						{
							"origin": [0.49196, 4.43997, 0.62141],
							"size": [0.1146, 0.27666, 1.69451],
							"pivot": [0.54927, 4.5783, -0.17397],
							"rotation": [0, 0, 45],
							"uv": {
								"north": {"uv": [70, 70], "uv_size": [0.25, 0.25]},
								"south": {"uv": [71, 0], "uv_size": [0.25, 0.25]},
								"west": {"uv": [53, 20], "uv_size": [1.75, 0.25]},
								"up": {"uv": [53, 38], "uv_size": [0.25, 1.75]}
							}
						},
						{
							"origin": [0.49196, 4.43997, 0.62141],
							"size": [0.1146, 0.27666, 1.69451],
							"uv": {
								"north": {"uv": [71, 4], "uv_size": [0.25, 0.25]},
								"south": {"uv": [6, 71], "uv_size": [0.25, 0.25]},
								"up": {"uv": [43, 53], "uv_size": [0.25, 1.75]},
								"down": {"uv": [45, 54.75], "uv_size": [0.25, -1.75]}
							}
						},
						{
							"origin": [0.41093, 4.52101, 0.62141],
							"size": [0.27666, 0.11459, 1.69451],
							"pivot": [0.54927, 4.5783, -0.17397],
							"rotation": [0, 0, 45],
							"uv": {
								"north": {"uv": [8, 71], "uv_size": [0.25, 0.25]},
								"south": {"uv": [71, 8], "uv_size": [0.25, 0.25]},
								"west": {"uv": [53, 49], "uv_size": [1.75, 0.25]}
							}
						},
						{
							"origin": [0.41093, 4.52101, 0.62141],
							"size": [0.27666, 0.11459, 1.69451],
							"uv": {
								"north": {"uv": [10, 71], "uv_size": [0.25, 0.25]},
								"south": {"uv": [12, 71], "uv_size": [0.25, 0.25]},
								"west": {"uv": [53, 51], "uv_size": [1.75, 0.25]}
							}
						}
					]
				},
				{
					"name": "barrel",
					"parent": "gun",
					"pivot": [0, 4, 0],
					"cubes": [
						{
							"origin": [-0.15445, 5.11432, -6.26038],
							"size": [0.30081, 0.11067, 6.27012],
							"pivot": [-0.00404, 5.47743, -9.16526],
							"rotation": [0, 0, 45],
							"uv": {
								"north": {"uv": [70, 2], "uv_size": [0.25, 0.25]},
								"south": {"uv": [4, 70], "uv_size": [0.25, 0.25]},
								"up": {"uv": [8, 32], "uv_size": [0.25, 6.25]},
								"down": {"uv": [32, 24.25], "uv_size": [0.25, -6.25]}
							}
						},
						{
							"origin": [-0.15445, 5.11432, -6.26038],
							"size": [0.30081, 0.11067, 6.27012],
							"uv": {
								"north": {"uv": [70, 6], "uv_size": [0.25, 0.25]},
								"south": {"uv": [70, 10], "uv_size": [0.25, 0.25]},
								"west": {"uv": [32, 12], "uv_size": [6.25, 0.25]},
								"up": {"uv": [24, 32], "uv_size": [0.25, 6.25]},
								"down": {"uv": [32, 32.25], "uv_size": [0.25, -6.25]}
							}
						},
						{
							"origin": [-0.15445, 5.72988, -6.26038],
							"size": [0.30081, 0.11066, 6.27012],
							"pivot": [-0.00404, 5.47743, -9.16526],
							"rotation": [0, 0, 45],
							"uv": {
								"north": {"uv": [70, 12], "uv_size": [0.25, 0.25]},
								"south": {"uv": [70, 14], "uv_size": [0.25, 0.25]},
								"west": {"uv": [32, 14], "uv_size": [6.25, 0.25]},
								"up": {"uv": [34, 16], "uv_size": [0.25, 6.25]},
								"down": {"uv": [18, 40.25], "uv_size": [0.25, -6.25]}
							}
						},
						{
							"origin": [-0.15445, 5.72988, -6.26038],
							"size": [0.30081, 0.11066, 6.27012],
							"uv": {
								"north": {"uv": [16, 70], "uv_size": [0.25, 0.25]},
								"south": {"uv": [70, 16], "uv_size": [0.25, 0.25]},
								"up": {"uv": [34, 24], "uv_size": [0.25, 6.25]},
								"down": {"uv": [32, 40.25], "uv_size": [0.25, -6.25]}
							}
						},
						{
							"origin": [0.2484, 5.32703, -6.26038],
							"size": [0.11066, 0.30081, 6.27012],
							"pivot": [-0.00404, 5.47743, -9.16526],
							"rotation": [0, 0, 45],
							"uv": {
								"north": {"uv": [18, 70], "uv_size": [0.25, 0.25]},
								"east": {"uv": [34, 32], "uv_size": [6.25, 0.25]},
								"south": {"uv": [20, 70], "uv_size": [0.25, 0.25]},
								"west": {"uv": [34, 34], "uv_size": [6.25, 0.25]}
							}
						},
						{
							"origin": [0.2484, 5.32703, -6.26038],
							"size": [0.11066, 0.30081, 6.27012],
							"uv": {
								"north": {"uv": [70, 20], "uv_size": [0.25, 0.25]},
								"east": {"uv": [35, 8], "uv_size": [6.25, 0.25]},
								"south": {"uv": [22, 70], "uv_size": [0.25, 0.25]},
								"west": {"uv": [35, 10], "uv_size": [6.25, 0.25]}
							}
						},
						{
							"origin": [-0.36716, 5.32703, -6.26038],
							"size": [0.11066, 0.30081, 6.27012],
							"pivot": [-0.00404, 5.47743, -9.16526],
							"rotation": [0, 0, 45],
							"uv": {
								"north": {"uv": [70, 22], "uv_size": [0.25, 0.25]},
								"east": {"uv": [36, 16], "uv_size": [6.25, 0.25]},
								"south": {"uv": [24, 70], "uv_size": [0.25, 0.25]},
								"west": {"uv": [36, 18], "uv_size": [6.25, 0.25]}
							}
						},
						{
							"origin": [-0.36716, 5.32703, -6.26038],
							"size": [0.11066, 0.30081, 6.27012],
							"uv": {
								"north": {"uv": [70, 24], "uv_size": [0.25, 0.25]},
								"east": {"uv": [36, 20], "uv_size": [6.25, 0.25]},
								"south": {"uv": [26, 70], "uv_size": [0.25, 0.25]},
								"west": {"uv": [36, 22], "uv_size": [6.25, 0.25]}
							}
						},
						{
							"origin": [-0.24612, 5.23536, -0.58895],
							"size": [0.48414, 0.48415, 0.5533],
							"uv": {
								"north": {"uv": [59, 48], "uv_size": [0.5, 0.5]},
								"east": {"uv": [50, 59], "uv_size": [0.5, 0.5]},
								"south": {"uv": [59, 50], "uv_size": [0.5, 0.5]},
								"west": {"uv": [52, 59], "uv_size": [0.5, 0.5]},
								"up": {"uv": [58, 59], "uv_size": [0.5, 0.5]},
								"down": {"uv": [0, 60.5], "uv_size": [0.5, -0.5]}
							}
						},
						{
							"origin": [-0.2807, 4.61289, -1.69557],
							"size": [0.55331, 0.55331, 1.60156],
							"uv": {
								"north": {"uv": [2, 60], "uv_size": [0.5, 0.5]},
								"east": {"uv": [28, 47], "uv_size": [1.5, 0.5]},
								"south": {"uv": [60, 2], "uv_size": [0.5, 0.5]},
								"west": {"uv": [47, 34], "uv_size": [1.5, 0.5]},
								"up": {"uv": [47, 36], "uv_size": [0.5, 1.5]},
								"down": {"uv": [47, 40.5], "uv_size": [0.5, -1.5]}
							}
						}
					]
				},
				{
					"name": "muzzle_pos",
					"parent": "barrel",
					"pivot": [0, 5.5, -6.25]
				},
				{
					"name": "lower",
					"parent": "gun",
					"pivot": [-0.00332, 3.71197, 0.28185],
					"cubes": [
						{
							"origin": [-0.51873, 4.4054, -3.90881],
							"size": [0.13833, 0.34581, 7.02012],
							"uv": {
								"north": {"uv": [68, 58], "uv_size": [0.25, 0.25]},
								"east": {"uv": [29, 0], "uv_size": [7, 0.25]},
								"south": {"uv": [60, 68], "uv_size": [0.25, 0.25]},
								"west": {"uv": [30, 2], "uv_size": [7, 0.25]},
								"up": {"uv": [0, 30], "uv_size": [0.25, 7]},
								"down": {"uv": [2, 37], "uv_size": [0.25, -7]}
							}
						},
						{
							"origin": [0.38041, 4.4054, -3.90881],
							"size": [0.13832, 0.34581, 7.02012],
							"uv": {
								"north": {"uv": [68, 60], "uv_size": [0.25, 0.25]},
								"east": {"uv": [30, 4], "uv_size": [7, 0.25]},
								"south": {"uv": [62, 68], "uv_size": [0.25, 0.25]},
								"west": {"uv": [30, 6], "uv_size": [7, 0.25]},
								"up": {"uv": [4, 30], "uv_size": [0.25, 7]},
								"down": {"uv": [30, 25], "uv_size": [0.25, -7]}
							}
						},
						{
							"origin": [-0.51873, 4.1979, -1.31517],
							"size": [1.03746, 0.2075, 4.42648],
							"uv": {
								"north": {"uv": [27, 58], "uv_size": [1, 0.25]},
								"east": {"uv": [42, 24], "uv_size": [4.5, 0.25]},
								"west": {"uv": [42, 28], "uv_size": [4.5, 0.25]},
								"up": {"uv": [8, 9], "uv_size": [1, 4.5]},
								"down": {"uv": [10, 4.5], "uv_size": [1, -4.5]}
							}
						},
						{
							"origin": [-0.51873, 4.19897, 3.10454],
							"size": [1.03746, 0.1902, 0.53602],
							"uv": {
								"east": {"uv": [63, 18], "uv_size": [0.5, 0.25]},
								"south": {"uv": [44, 58], "uv_size": [1, 0.25]},
								"west": {"uv": [63, 26], "uv_size": [0.5, 0.25]},
								"up": {"uv": [12, 51], "uv_size": [1, 0.5]},
								"down": {"uv": [28, 51.5], "uv_size": [1, -0.5]}
							}
						},
						{
							"origin": [-0.51873, 4.32015, 3.0589],
							"size": [1.03746, 0.44956, 0.17291],
							"pivot": [0, 4.45756, 3.21805],
							"rotation": [22.5, 0, 0],
							"uv": {
								"north": {"uv": [51, 38], "uv_size": [1, 0.5]},
								"east": {"uv": [28, 63], "uv_size": [0.25, 0.5]},
								"south": {"uv": [51, 40], "uv_size": [1, 0.5]},
								"west": {"uv": [63, 28], "uv_size": [0.25, 0.5]},
								"up": {"uv": [58, 55], "uv_size": [1, 0.25]}
							}
						},
						{
							"origin": [-0.51873, 4.37803, 3.12374],
							"size": [1.03746, 0.13833, 0.41499],
							"pivot": [0, 4.45756, 3.21805],
							"rotation": [-22.5, 0, 0],
							"uv": {
								"east": {"uv": [30, 63], "uv_size": [0.5, 0.25]},
								"west": {"uv": [63, 30], "uv_size": [0.5, 0.25]},
								"up": {"uv": [43, 51], "uv_size": [1, 0.5]}
							}
						},
						{
							"origin": [-0.24207, 4.12874, -3.90881],
							"size": [0.48414, 0.13499, 3.14695],
							"uv": {
								"north": {"uv": [32, 63], "uv_size": [0.5, 0.25]},
								"up": {"uv": [30, 26], "uv_size": [0.5, 3.25]},
								"down": {"uv": [28, 34.25], "uv_size": [0.5, -3.25]}
							}
						},
						{
							"origin": [0.20542, 4.37564, -3.90881],
							"size": [0.14856, 0.39063, 3.14695],
							"pivot": [0, 4.38727, -0.71863],
							"rotation": [0, 0, 45],
							"uv": {
								"north": {"uv": [63, 32], "uv_size": [0.25, 0.5]},
								"east": {"uv": [30, 8], "uv_size": [3.25, 0.5]},
								"south": {"uv": [63, 36], "uv_size": [0.25, 0.5]},
								"west": {"uv": [30, 10], "uv_size": [3.25, 0.5]},
								"up": {"uv": [14, 47], "uv_size": [0.25, 3.25]}
							}
						},
						{
							"origin": [-0.379, 4.03329, -3.90881],
							"size": [0.39064, 0.14857, 3.14695],
							"pivot": [0, 4.38727, -0.71863],
							"rotation": [0, 0, 45],
							"uv": {
								"north": {"uv": [63, 38], "uv_size": [0.5, 0.25]},
								"east": {"uv": [47, 30], "uv_size": [3.25, 0.25]},
								"south": {"uv": [63, 40], "uv_size": [0.5, 0.25]},
								"west": {"uv": [47, 32], "uv_size": [3.25, 0.25]},
								"up": {"uv": [30, 31], "uv_size": [0.5, 3.25]},
								"down": {"uv": [6, 35.25], "uv_size": [0.5, -3.25]}
							}
						},
						{
							"origin": [-0.33123, 4.0104, -1.31517],
							"size": [0.66246, 0.1875, 1.25736],
							"uv": {
								"east": {"uv": [20, 56], "uv_size": [1.25, 0.25]},
								"west": {"uv": [23, 56], "uv_size": [1.25, 0.25]},
								"down": {"uv": [46, 17.25], "uv_size": [0.75, -1.25]}
							}
						},
						{
							"origin": [0.02667, 4.85309, -1.31517],
							"size": [0.29325, 0.26516, 1.26654],
							"pivot": [0.86493, 3.99972, 0.0681],
							"rotation": [0, 0, -45],
							"uv": {
								"north": {"uv": [68, 62], "uv_size": [0.25, 0.25]},
								"east": {"uv": [26, 56], "uv_size": [1.25, 0.25]},
								"south": {"uv": [64, 68], "uv_size": [0.25, 0.25]},
								"up": {"uv": [29, 56], "uv_size": [0.25, 1.25]}
							}
						},
						{
							"origin": [-0.31992, 4.85309, -1.31517],
							"size": [0.29325, 0.26516, 1.26654],
							"pivot": [-0.86493, 3.99972, 0.0681],
							"rotation": [0, 0, 45],
							"uv": {
								"north": {"uv": [60, 74], "uv_size": [0.25, 0.25]},
								"south": {"uv": [74, 60], "uv_size": [0.25, 0.25]},
								"west": {"uv": [41, 58], "uv_size": [1.25, 0.25]},
								"up": {"uv": [13, 58], "uv_size": [0.25, 1.25]}
							}
						},
						{
							"origin": [-0.33123, 4.05811, -1.93541],
							"size": [0.66246, 0.31124, 0.69164],
							"pivot": [-0.01998, 4.21373, -1.3994],
							"rotation": [-22.5, 0, 0],
							"uv": {
								"north": {"uv": [62, 20], "uv_size": [0.75, 0.25]},
								"east": {"uv": [22, 62], "uv_size": [0.75, 0.25]},
								"west": {"uv": [62, 22], "uv_size": [0.75, 0.25]},
								"up": {"uv": [50, 34], "uv_size": [0.75, 0.75]},
								"down": {"uv": [39, 50.75], "uv_size": [0.75, -0.75]}
							}
						},
						{
							"origin": [-0.51873, 4.3027, -2.09742],
							"size": [1.03746, 0.24874, 0.56664],
							"inflate": -0.001,
							"pivot": [0.16752, 3.70832, -1.68641],
							"rotation": [-22.5, 0, 0],
							"uv": {
								"north": {"uv": [62, 2], "uv_size": [1, 0.25]},
								"east": {"uv": [18, 68], "uv_size": [0.5, 0.25]},
								"west": {"uv": [20, 68], "uv_size": [0.5, 0.25]},
								"up": {"uv": [49, 52], "uv_size": [1, 0.5]},
								"down": {"uv": [51, 52.5], "uv_size": [1, -0.5]}
							}
						},
						{
							"origin": [-0.51873, 0.02103, 1.83586],
							"size": [1.03746, 0.5, 2.05203],
							"inflate": 0.001,
							"pivot": [-0.51872, -0.04147, 3.88789],
							"rotation": [7.5, 0, 0],
							"uv": {
								"north": {"uv": [52, 0], "uv_size": [1, 0.5]},
								"east": {"uv": [44, 22], "uv_size": [2, 0.5]},
								"west": {"uv": [45, 26], "uv_size": [2, 0.5]},
								"down": {"uv": [26, 5], "uv_size": [1, -2]}
							}
						},
						{
							"origin": [-0.33125, -0.15672, 1.69182],
							"size": [0.6625, 0.13216, 0.20098],
							"pivot": [-0.03935, 1.08202, 1.61145],
							"rotation": [-2.5, 0, 0],
							"uv": {
								"east": {"uv": [66, 68], "uv_size": [0.25, 0.25]},
								"west": {"uv": [68, 68], "uv_size": [0.25, 0.25]},
								"down": {"uv": [24, 62.25], "uv_size": [0.75, -0.25]}
							}
						},
						{
							"origin": [-0.51873, -0.13527, 0.96256],
							"size": [1.03746, 4.55608, 0.62247],
							"pivot": [0, 2.29902, 1.27379],
							"rotation": [20, 0, 0],
							"uv": {
								"north": {"uv": [10, 6], "uv_size": [1, 4.5]},
								"east": {"uv": [0, 24], "uv_size": [0.5, 4.5]},
								"south": {"uv": [12, 0], "uv_size": [1, 4.5]},
								"west": {"uv": [24, 0], "uv_size": [0.5, 4.5]},
								"up": {"uv": [45, 51], "uv_size": [1, 0.5]},
								"down": {"uv": [51, 50.5], "uv_size": [1, -0.5]}
							}
						},
						{
							"origin": [-0.33125, -0.26436, 0.85292],
							"size": [0.6625, 4.55608, 0.1875],
							"pivot": [-0.00388, 2.01368, 0.94667],
							"rotation": [20, 0, 0],
							"uv": {
								"north": {"uv": [18, 12], "uv_size": [0.75, 4.5]},
								"east": {"uv": [33, 42], "uv_size": [0.25, 4.5]},
								"west": {"uv": [35, 42], "uv_size": [0.25, 4.5]}
							}
						},
						{
							"origin": [-0.03812, -0.09318, 1.1195],
							"size": [0.26515, 4.55608, 0.19782],
							"pivot": [0.0353, 1.08202, 1.61145],
							"rotation": [27.2363, -41.6411, -18.8817],
							"uv": {
								"north": {"uv": [45, 8], "uv_size": [0.25, 4.5]},
								"east": {"uv": [10, 45], "uv_size": [0.25, 4.5]},
								"south": {"uv": [12, 45], "uv_size": [0.25, 4.5]},
								"west": {"uv": [45, 30], "uv_size": [0.25, 4.5]},
								"up": {"uv": [20, 74], "uv_size": [0.25, 0.25]},
								"down": {"uv": [74, 20.25], "uv_size": [0.25, -0.25]}
							}
						},
						{
							"origin": [-0.22898, -0.09385, 1.12041],
							"size": [0.26515, 4.55608, 0.19507],
							"pivot": [-0.03725, 1.08135, 1.60961],
							"rotation": [27.2363, 41.6411, 18.8817],
							"uv": {
								"north": {"uv": [37, 44], "uv_size": [0.25, 4.5]},
								"east": {"uv": [39, 44], "uv_size": [0.25, 4.5]},
								"south": {"uv": [41, 44], "uv_size": [0.25, 4.5]},
								"west": {"uv": [8, 45], "uv_size": [0.25, 4.5]},
								"up": {"uv": [74, 14], "uv_size": [0.25, 0.25]},
								"down": {"uv": [16, 74.25], "uv_size": [0.25, -0.25]}
							}
						},
						{
							"origin": [-0.51873, 4.03984, -0.10717],
							"size": [1.03746, 0.24208, 0.51603],
							"pivot": [0, 4.05348, 0.21334],
							"rotation": [-30, 0, 0],
							"uv": {
								"east": {"uv": [63, 42], "uv_size": [0.5, 0.25]},
								"south": {"uv": [58, 57], "uv_size": [1, 0.25]},
								"west": {"uv": [63, 44], "uv_size": [0.5, 0.25]},
								"down": {"uv": [2, 52.5], "uv_size": [1, -0.5]}
							}
						},
						{
							"origin": [-0.33123, 3.85234, -0.10717],
							"size": [0.66246, 0.1875, 0.51603],
							"pivot": [0, 4.05348, 0.21334],
							"rotation": [-30, 0, 0],
							"uv": {
								"east": {"uv": [68, 2], "uv_size": [0.5, 0.25]},
								"south": {"uv": [8, 63], "uv_size": [0.75, 0.25]},
								"west": {"uv": [4, 68], "uv_size": [0.5, 0.25]},
								"down": {"uv": [55, 26.5], "uv_size": [0.75, -0.5]}
							}
						},
						{
							"origin": [-0.35715, 3.67704, -0.10717],
							"size": [0.26517, 0.1875, 0.51603],
							"pivot": [0, 4.05348, 0.21334],
							"rotation": [-22.20765, 20.70481, 40.89339],
							"uv": {
								"east": {"uv": [68, 6], "uv_size": [0.5, 0.25]},
								"south": {"uv": [58, 74], "uv_size": [0.25, 0.25]},
								"west": {"uv": [68, 10], "uv_size": [0.5, 0.25]},
								"down": {"uv": [68, 12.5], "uv_size": [0.25, -0.5]}
							}
						},
						{
							"origin": [0.09198, 3.67704, -0.10717],
							"size": [0.26517, 0.1875, 0.51603],
							"pivot": [0, 4.05348, 0.21334],
							"rotation": [-22.20765, -20.70481, -40.89339],
							"uv": {
								"east": {"uv": [68, 14], "uv_size": [0.5, 0.25]},
								"south": {"uv": [74, 58], "uv_size": [0.25, 0.25]},
								"west": {"uv": [16, 68], "uv_size": [0.5, 0.25]},
								"down": {"uv": [68, 16.5], "uv_size": [0.25, -0.5]}
							}
						},
						{
							"origin": [-0.51873, 3.9479, 0.71057],
							"size": [1.03746, 0.25, 2.15074],
							"uv": {
								"east": {"uv": [51, 4], "uv_size": [2.25, 0.25]},
								"west": {"uv": [8, 51], "uv_size": [2.25, 0.25]}
							}
						},
						{
							"origin": [-0.51873, 2.91717, 0.34077],
							"size": [1.03746, 0.56123, 0.29665],
							"inflate": 0.001,
							"pivot": [0, 3.07877, 0.51017],
							"rotation": [-22.5, 0, 0],
							"uv": {
								"north": {"uv": [52, 2], "uv_size": [1, 0.5]},
								"east": {"uv": [45, 63], "uv_size": [0.25, 0.5]},
								"south": {"uv": [4, 52], "uv_size": [1, 0.5]},
								"west": {"uv": [63, 46], "uv_size": [0.25, 0.5]},
								"up": {"uv": [6, 59], "uv_size": [1, 0.25]}
							}
						},
						{
							"origin": [-0.51873, 2.82803, 0.2617],
							"size": [1.03746, 0.27895, 0.38166],
							"pivot": [0, 3.12635, 0.56001],
							"rotation": [22.5, 0, 0],
							"uv": {
								"north": {"uv": [8, 59], "uv_size": [1, 0.25]},
								"east": {"uv": [47, 63], "uv_size": [0.5, 0.25]},
								"west": {"uv": [63, 48], "uv_size": [0.5, 0.25]},
								"down": {"uv": [52, 6.5], "uv_size": [1, -0.5]}
							}
						},
						{
							"origin": [-0.51873, 2.69092, 0.53975],
							"size": [1.03746, 0.2979, 0.55997],
							"pivot": [0, 3.06862, 0.58393],
							"rotation": [-22.5, 0, 0],
							"uv": {
								"east": {"uv": [49, 63], "uv_size": [0.5, 0.25]},
								"west": {"uv": [63, 50], "uv_size": [0.5, 0.25]},
								"up": {"uv": [14, 52], "uv_size": [1, 0.5]},
								"down": {"uv": [52, 15.5], "uv_size": [1, -0.5]}
							}
						},
						{
							"origin": [-0.51873, 3.95305, 3.43536],
							"size": [1.03746, 0.24207, 0.44164],
							"pivot": [0, 3.22091, 3.08875],
							"rotation": [22.5, 0, 0],
							"uv": {
								"east": {"uv": [51, 63], "uv_size": [0.5, 0.25]},
								"west": {"uv": [57, 63], "uv_size": [0.5, 0.25]},
								"down": {"uv": [18, 52.5], "uv_size": [1, -0.5]}
							}
						},
						{
							"origin": [-0.51873, 3.7058, 3.44674],
							"size": [1.03746, 0.42093, 0.3804],
							"pivot": [0, 3.22091, 3.08875],
							"rotation": [45, 0, 0],
							"uv": {
								"east": {"uv": [10, 59], "uv_size": [0.5, 0.5]},
								"south": {"uv": [22, 52], "uv_size": [1, 0.5]},
								"west": {"uv": [15, 59], "uv_size": [0.5, 0.5]},
								"down": {"uv": [52, 22.5], "uv_size": [1, -0.5]}
							}
						},
						{
							"origin": [-0.51873, 3.48071, 2.37461],
							"size": [1.03746, 0.40832, 0.42957],
							"pivot": [0, 3.22091, 3.08875],
							"rotation": [-22.5, 0, 0],
							"uv": {
								"east": {"uv": [29, 59], "uv_size": [0.5, 0.5]},
								"south": {"uv": [24, 52], "uv_size": [1, 0.5]},
								"west": {"uv": [59, 29], "uv_size": [0.5, 0.5]}
							}
						},
						{
							"origin": [-0.51873, 3.31666, 2.70161],
							"size": [1.03746, 0.34582, 0.24208],
							"uv": {
								"east": {"uv": [69, 0], "uv_size": [0.25, 0.25]},
								"south": {"uv": [31, 59], "uv_size": [1, 0.25]},
								"west": {"uv": [69, 4], "uv_size": [0.25, 0.25]}
							}
						},
						{
							"origin": [-0.51873, -0.03881, 2.59648],
							"size": [1.03746, 4.49901, 0.41678],
							"inflate": 0.001,
							"pivot": [0, 3.22091, 3.08875],
							"rotation": [22.5, 0, 0],
							"uv": {
								"north": {"uv": [12, 6], "uv_size": [1, 4.5]},
								"east": {"uv": [2, 24], "uv_size": [0.5, 4.5]},
								"south": {"uv": [10, 12], "uv_size": [1, 4.5]},
								"west": {"uv": [4, 24], "uv_size": [0.5, 4.5]},
								"up": {"uv": [52, 24], "uv_size": [1, 0.5]},
								"down": {"uv": [26, 52.5], "uv_size": [1, -0.5]}
							}
						},
						{
							"origin": [-0.2807, 2.72817, -1.0633],
							"size": [0.55331, 0.13833, 1.99972],
							"uv": {
								"north": {"uv": [0, 64], "uv_size": [0.5, 0.25]},
								"east": {"uv": [52, 26], "uv_size": [2, 0.25]},
								"west": {"uv": [52, 28], "uv_size": [2, 0.25]},
								"up": {"uv": [45, 39], "uv_size": [0.5, 2]},
								"down": {"uv": [45, 44], "uv_size": [0.5, -2]}
							}
						},
						{
							"origin": [-0.2807, 3.24068, -1.5758],
							"size": [0.55331, 0.25451, 0.13833],
							"pivot": [-0.00404, 3.36794, -0.93604],
							"rotation": [45, 0, 0],
							"uv": {
								"north": {"uv": [2, 64], "uv_size": [0.5, 0.25]},
								"east": {"uv": [6, 69], "uv_size": [0.25, 0.25]},
								"south": {"uv": [64, 2], "uv_size": [0.5, 0.25]},
								"west": {"uv": [8, 69], "uv_size": [0.25, 0.25]},
								"up": {"uv": [4, 64], "uv_size": [0.5, 0.25]},
								"down": {"uv": [64, 6.25], "uv_size": [0.5, -0.25]}
							}
						},
						{
							"origin": [-0.2807, 4.16575, -1.03979],
							"size": [0.55331, 0.45399, 0.24938],
							"pivot": [-0.00404, 3.36794, -0.93604],
							"rotation": [45, 0, 0],
							"uv": {
								"north": {"uv": [33, 59], "uv_size": [0.5, 0.5]},
								"east": {"uv": [64, 10], "uv_size": [0.25, 0.5]},
								"west": {"uv": [64, 12], "uv_size": [0.25, 0.5]},
								"up": {"uv": [64, 14], "uv_size": [0.5, 0.25]}
							}
						},
						{
							"origin": [-0.2807, 3.24068, -1.5758],
							"size": [0.55331, 0.25451, 0.13833],
							"pivot": [-0.00404, 3.36794, -0.93604],
							"rotation": [22.5, 0, 0],
							"uv": {
								"north": {"uv": [16, 64], "uv_size": [0.5, 0.25]},
								"east": {"uv": [69, 8], "uv_size": [0.25, 0.25]},
								"south": {"uv": [64, 16], "uv_size": [0.5, 0.25]},
								"west": {"uv": [10, 69], "uv_size": [0.25, 0.25]},
								"up": {"uv": [18, 64], "uv_size": [0.5, 0.25]},
								"down": {"uv": [20, 64.25], "uv_size": [0.5, -0.25]}
							}
						},
						{
							"origin": [-0.2807, 3.24068, -1.5758],
							"size": [0.55331, 0.77324, 0.13833],
							"uv": {
								"north": {"uv": [53, 53], "uv_size": [0.5, 0.75]},
								"east": {"uv": [62, 24], "uv_size": [0.25, 0.75]},
								"south": {"uv": [0, 54], "uv_size": [0.5, 0.75]},
								"west": {"uv": [26, 62], "uv_size": [0.25, 0.75]},
								"down": {"uv": [64, 20.25], "uv_size": [0.5, -0.25]}
							}
						},
						{
							"origin": [-0.2807, 3.34443, -1.5758],
							"size": [0.55331, 0.25451, 0.13833],
							"pivot": [-0.00404, 3.47168, -0.93604],
							"rotation": [-22.5, 0, 0],
							"uv": {
								"east": {"uv": [12, 69], "uv_size": [0.25, 0.25]},
								"south": {"uv": [22, 64], "uv_size": [0.5, 0.25]},
								"west": {"uv": [14, 69], "uv_size": [0.25, 0.25]}
							}
						},
						{
							"origin": [-0.2807, 3.34443, -1.67955],
							"size": [0.55331, 0.37951, 0.24208],
							"pivot": [-0.00404, 3.47168, -0.93604],
							"rotation": [-45, 0, 0],
							"uv": {
								"east": {"uv": [64, 22], "uv_size": [0.25, 0.5]},
								"south": {"uv": [59, 39], "uv_size": [0.5, 0.5]},
								"west": {"uv": [24, 64], "uv_size": [0.25, 0.5]}
							}
						},
						{
							"origin": [-0.2807, 2.72817, -1.0633],
							"size": [0.55331, 0.13833, 0.25452],
							"pivot": [-0.00404, 3.36794, -0.93604],
							"rotation": [-22.5, 0, 0],
							"uv": {
								"north": {"uv": [64, 24], "uv_size": [0.5, 0.25]},
								"east": {"uv": [69, 18], "uv_size": [0.25, 0.25]},
								"south": {"uv": [26, 64], "uv_size": [0.5, 0.25]},
								"west": {"uv": [69, 26], "uv_size": [0.25, 0.25]},
								"up": {"uv": [34, 64], "uv_size": [0.5, 0.25]},
								"down": {"uv": [64, 34.25], "uv_size": [0.5, -0.25]}
							}
						},
						{
							"origin": [-0.2807, 3.99081, -1.04462],
							"size": [0.55331, 0.26333, 0.37952],
							"pivot": [-0.00404, 3.47375, -0.91736],
							"rotation": [22.5, 0, 0],
							"uv": {
								"east": {"uv": [68, 20], "uv_size": [0.5, 0.25]},
								"south": {"uv": [22, 68], "uv_size": [0.5, 0.25]},
								"west": {"uv": [68, 22], "uv_size": [0.5, 0.25]},
								"down": {"uv": [4, 62.5], "uv_size": [0.5, -0.5]}
							}
						},
						{
							"origin": [-0.2807, 2.74421, 0.00674],
							"size": [0.55331, 0.14447, 0.59123],
							"pivot": [-0.14238, 2.76764, 0.04466],
							"rotation": [22.5, 0, 0],
							"uv": {
								"east": {"uv": [36, 64], "uv_size": [0.5, 0.25]},
								"west": {"uv": [38, 64], "uv_size": [0.5, 0.25]},
								"up": {"uv": [59, 44], "uv_size": [0.5, 0.5]},
								"down": {"uv": [46, 59.5], "uv_size": [0.5, -0.5]}
							}
						}
					]
				},
				{
					"name": "parts2",
					"parent": "lower",
					"pivot": [-0.00404, 0.58023, 4.28441],
					"cubes": [
						{
							"origin": [-0.17696, 4.01373, 3.60946],
							"size": [0.34582, 0.17291, 0.55331],
							"uv": {
								"east": {"uv": [40, 64], "uv_size": [0.5, 0.25]},
								"south": {"uv": [28, 69], "uv_size": [0.25, 0.25]},
								"west": {"uv": [42, 64], "uv_size": [0.5, 0.25]},
								"up": {"uv": [64, 52], "uv_size": [0.25, 0.5]},
								"down": {"uv": [53, 64.5], "uv_size": [0.25, -0.5]}
							}
						},
						{
							"origin": [-0.17696, 4.17934, 3.40937],
							"size": [0.34582, 0.23343, 0.41499],
							"uv": {
								"east": {"uv": [64, 54], "uv_size": [0.5, 0.25]},
								"south": {"uv": [69, 28], "uv_size": [0.25, 0.25]},
								"west": {"uv": [55, 64], "uv_size": [0.5, 0.25]},
								"up": {"uv": [64, 56], "uv_size": [0.25, 0.5]}
							}
						},
						{
							"origin": [-0.17696, 4.20096, 3.91824],
							"size": [0.34582, 0.17291, 0.20749],
							"pivot": [-0.00404, 4.23555, 3.91824],
							"rotation": [-45, 0, 0],
							"uv": {
								"north": {"uv": [30, 69], "uv_size": [0.25, 0.25]},
								"east": {"uv": [69, 30], "uv_size": [0.25, 0.25]},
								"west": {"uv": [32, 69], "uv_size": [0.25, 0.25]},
								"up": {"uv": [69, 32], "uv_size": [0.25, 0.25]}
							}
						},
						{
							"origin": [-0.17696, 4.17215, 3.78337],
							"size": [0.34582, 0.20749, 0.20749],
							"pivot": [-0.00404, 4.29319, 3.88711],
							"rotation": [-22.5, 0, 0],
							"uv": {
								"east": {"uv": [69, 36], "uv_size": [0.25, 0.25]},
								"south": {"uv": [69, 38], "uv_size": [0.25, 0.25]},
								"west": {"uv": [69, 40], "uv_size": [0.25, 0.25]},
								"up": {"uv": [69, 42], "uv_size": [0.25, 0.25]},
								"down": {"uv": [44, 69.25], "uv_size": [0.25, -0.25]}
							}
						},
						{
							"origin": [-0.31529, 3.97791, 3.29103],
							"size": [0.62248, 0.1729, 0.27665],
							"pivot": [0.61842, 3.92604, 3.42935],
							"rotation": [22.5, 0, 0],
							"uv": {
								"east": {"uv": [69, 44], "uv_size": [0.25, 0.25]},
								"west": {"uv": [46, 69], "uv_size": [0.25, 0.25]},
								"down": {"uv": [64, 58.25], "uv_size": [0.5, -0.25]}
							}
						},
						{
							"origin": [-0.31529, 4.01373, 3.40863],
							"size": [0.62248, 0.17291, 0.13833],
							"uv": {
								"east": {"uv": [69, 46], "uv_size": [0.25, 0.25]},
								"south": {"uv": [59, 64], "uv_size": [0.5, 0.25]},
								"west": {"uv": [48, 69], "uv_size": [0.25, 0.25]},
								"up": {"uv": [64, 60], "uv_size": [0.5, 0.25]},
								"down": {"uv": [61, 64.25], "uv_size": [0.5, -0.25]}
							}
						},
						{
							"origin": [-0.27304, 4.01373, 3.34714],
							"size": [0.44016, 0.17291, 0.44016],
							"pivot": [-0.00405, 4.10019, 3.61612],
							"rotation": [0, -45, 0],
							"uv": {
								"east": {"uv": [56, 67], "uv_size": [0.5, 0.25]},
								"south": {"uv": [67, 64], "uv_size": [0.5, 0.25]},
								"west": {"uv": [67, 66], "uv_size": [0.5, 0.25]},
								"up": {"uv": [0, 62], "uv_size": [0.5, 0.5]},
								"down": {"uv": [2, 62.5], "uv_size": [0.5, -0.5]}
							}
						},
						{
							"origin": [-0.31529, 3.80795, 3.11686],
							"size": [0.62248, 0.24207, 0.17291],
							"pivot": [0.61842, 3.94628, 3.20331],
							"rotation": [-45, 0, 0],
							"uv": {
								"east": {"uv": [69, 48], "uv_size": [0.25, 0.25]},
								"south": {"uv": [64, 62], "uv_size": [0.5, 0.25]},
								"west": {"uv": [50, 69], "uv_size": [0.25, 0.25]}
							}
						},
						{
							"origin": [-0.31529, 3.61039, 2.98485],
							"size": [0.62248, 0.27665, 0.17291],
							"pivot": [-0.00404, 3.74872, 3.07131],
							"rotation": [-22.5, 0, 0],
							"uv": {
								"east": {"uv": [69, 50], "uv_size": [0.25, 0.25]},
								"south": {"uv": [63, 64], "uv_size": [0.5, 0.25]},
								"west": {"uv": [56, 69], "uv_size": [0.25, 0.25]}
							}
						},
						{
							"origin": [-0.31529, 3.37735, 2.93849],
							"size": [0.62248, 0.27665, 0.17292],
							"inflate": 0.001,
							"uv": {
								"east": {"uv": [69, 64], "uv_size": [0.25, 0.25]},
								"south": {"uv": [65, 0], "uv_size": [0.5, 0.25]},
								"west": {"uv": [69, 66], "uv_size": [0.25, 0.25]}
							}
						},
						{
							"origin": [-0.31529, 2.47899, 3.05469],
							"size": [0.62248, 0.96829, 0.23541],
							"pivot": [-0.00405, 2.96314, 3.20364],
							"rotation": [25, 0, 0],
							"uv": {
								"east": {"uv": [59, 46], "uv_size": [0.25, 1]},
								"south": {"uv": [30, 52], "uv_size": [0.5, 1]},
								"west": {"uv": [48, 59], "uv_size": [0.25, 1]},
								"down": {"uv": [65, 4.25], "uv_size": [0.5, -0.25]}
							}
						},
						{
							"origin": [-0.31529, -0.16696, 2.54113],
							"size": [0.62248, 1.69459, 0.13833],
							"pivot": [-0.00404, 4.16172, 2.48259],
							"rotation": [22.5, 0, 0],
							"uv": {
								"east": {"uv": [53, 17], "uv_size": [0.25, 1.75]},
								"south": {"uv": [47, 8], "uv_size": [0.5, 1.75]},
								"west": {"uv": [28, 53], "uv_size": [0.25, 1.75]},
								"down": {"uv": [6, 65.25], "uv_size": [0.5, -0.25]}
							}
						},
						{
							"origin": [-0.31529, 0.17021, 2.67946],
							"size": [0.62248, 0.84455, 0.13832],
							"pivot": [-0.00404, 4.16172, 2.48259],
							"rotation": [22.5, 0, 0],
							"uv": {
								"east": {"uv": [62, 34], "uv_size": [0.25, 0.75]},
								"south": {"uv": [54, 0], "uv_size": [0.5, 0.75]},
								"west": {"uv": [35, 62], "uv_size": [0.25, 0.75]}
							}
						},
						{
							"origin": [-0.31528, 1.18175, 2.60156],
							"size": [0.62247, 0.20083, 1.39499],
							"pivot": [-0.31529, 1.38258, 3.99655],
							"rotation": [-60, 0, 0],
							"uv": {
								"east": {"uv": [2, 54], "uv_size": [1.5, 0.25]},
								"west": {"uv": [54, 2], "uv_size": [1.5, 0.25]},
								"up": {"uv": [20, 47], "uv_size": [0.5, 1.5]}
							}
						},
						{
							"origin": [-0.31529, 0.23788, 4.18266],
							"size": [0.62248, 0.36311, 0.13833],
							"uv": {
								"east": {"uv": [0, 70], "uv_size": [0.25, 0.25]},
								"south": {"uv": [8, 65], "uv_size": [0.5, 0.25]},
								"west": {"uv": [2, 70], "uv_size": [0.25, 0.25]}
							}
						}
					]
				},
				{
					"name": "camera",
					"pivot": [2.35, 7.275, 13.375]
				},
				{
					"name": "view",
					"pivot": [8, 0, 0]
				},
				{
					"name": "idle_view",
					"parent": "view",
					"pivot": [2.35, 7.275, 13.375]
				},
				{
					"name": "iron_view",
					"parent": "view",
					"pivot": [0, 6.175, 13],
					"rotation": [0, 0, -6]
				},
				{
					"name": "refit_view",
					"parent": "view",
					"pivot": [14.1, 2.725, -1],
					"rotation": [0, 90, 0]
				},
				{
					"name": "refit_muzzle_view",
					"parent": "view",
					"pivot": [5.6, 5.525, -10.35],
					"rotation": [0, 120, 0]
				},
				{
					"name": "refit_scope_view",
					"parent": "view",
					"pivot": [5.7, 6.825, 5.575],
					"rotation": [0, 60, 0]
				},
				{
					"name": "refit_extended_mag_view",
					"parent": "view",
					"pivot": [9.075, -1.325, 2.35],
					"rotation": [0, 90, 0]
				},
				{
					"name": "positioning",
					"pivot": [8, -1, -1]
				},
				{
					"name": "thirdperson_hand",
					"parent": "positioning",
					"pivot": [0, 4.075, -0.15]
				},
				{
					"name": "ground",
					"parent": "positioning",
					"pivot": [0, -3.9, -1.1]
				},
				{
					"name": "fixed",
					"parent": "positioning",
					"pivot": [0.625, 4.9, -0.725],
					"rotation": [0, 90, 0]
				}
			]
		}
	]
}