{
	"format_version": "1.12.0",
	"minecraft:geometry": [
		{
			"description": {
				"identifier": "geometry.m870_cc - Converted",
				"texture_width": 128,
				"texture_height": 128,
				"visible_bounds_width": 4,
				"visible_bounds_height": 3,
				"visible_bounds_offset": [0, 0.5, 0]
			},
			"bones": [
				{
					"name": "root",
					"pivot": [0, 8, 3]
				},
				{
					"name": "bullet_and_lefthand",
					"parent": "root",
					"pivot": [0, 7.625, -1.59375]
				},
				{
					"name": "bullet_shell",
					"parent": "bullet_and_lefthand",
					"pivot": [0, 9.15, -2.56875],
					"cubes": [
						{
							"origin": [-0.15533, 8.775, -3.75],
							"size": [0.31066, 0.75, 2.5],
							"pivot": [0, 9.15, -1.75],
							"rotation": [0, 0, -45],
							"uv": {
								"north": {"uv": [2, 76], "uv_size": [0.5, 1]},
								"up": {"uv": [65, 63], "uv_size": [0.5, 2.5]},
								"down": {"uv": [0, 68.5], "uv_size": [0.5, -2.5]}
							}
						},
						{
							"origin": [-0.15533, 8.775, -3.75],
							"size": [0.31066, 0.75, 2.5],
							"uv": {
								"north": {"uv": [4, 76], "uv_size": [0.5, 1]},
								"up": {"uv": [12, 66], "uv_size": [0.5, 2.5]},
								"down": {"uv": [14, 68.5], "uv_size": [0.5, -2.5]}
							}
						},
						{
							"origin": [-0.375, 8.99467, -3.75],
							"size": [0.75, 0.31066, 2.5],
							"pivot": [0, 9.15, -1.75],
							"rotation": [0, 0, -45],
							"uv": {
								"north": {"uv": [6, 76], "uv_size": [1, 0.5]},
								"east": {"uv": [28, 66], "uv_size": [2.5, 0.5]},
								"west": {"uv": [42, 66], "uv_size": [2.5, 0.5]}
							}
						},
						{
							"origin": [-0.375, 8.99467, -3.75],
							"size": [0.75, 0.31066, 2.5],
							"uv": {
								"north": {"uv": [76, 6], "uv_size": [1, 0.5]},
								"east": {"uv": [46, 66], "uv_size": [2.5, 0.5]},
								"west": {"uv": [66, 48], "uv_size": [2.5, 0.5]}
							}
						},
						{
							"origin": [-0.18122, 8.7125, -1.25],
							"size": [0.36244, 0.875, 0.125],
							"pivot": [0, 9.15, -0.75],
							"rotation": [0, 0, -45],
							"uv": {
								"north": {"uv": [8, 76], "uv_size": [0.5, 1]},
								"south": {"uv": [76, 8], "uv_size": [0.5, 1]},
								"up": {"uv": [62, 84], "uv_size": [0.5, 0.5]},
								"down": {"uv": [84, 68.5], "uv_size": [0.5, -0.5]}
							}
						},
						{
							"origin": [-0.18122, 8.7125, -1.25],
							"size": [0.36244, 0.875, 0.125],
							"uv": {
								"north": {"uv": [10, 76], "uv_size": [0.5, 1]},
								"south": {"uv": [12, 76], "uv_size": [0.5, 1]},
								"up": {"uv": [84, 70], "uv_size": [0.5, 0.5]},
								"down": {"uv": [72, 84.5], "uv_size": [0.5, -0.5]}
							}
						},
						{
							"origin": [-0.4375, 8.96878, -1.25],
							"size": [0.875, 0.36244, 0.125],
							"pivot": [0, 9.15, -0.75],
							"rotation": [0, 0, -45],
							"uv": {
								"north": {"uv": [76, 22], "uv_size": [1, 0.5]},
								"east": {"uv": [84, 72], "uv_size": [0.5, 0.5]},
								"south": {"uv": [24, 76], "uv_size": [1, 0.5]},
								"west": {"uv": [74, 84], "uv_size": [0.5, 0.5]}
							}
						},
						{
							"origin": [-0.4375, 8.96878, -1.25],
							"size": [0.875, 0.36244, 0.125],
							"uv": {
								"north": {"uv": [76, 24], "uv_size": [1, 0.5]},
								"east": {"uv": [84, 74], "uv_size": [0.5, 0.5]},
								"south": {"uv": [76, 26], "uv_size": [1, 0.5]},
								"west": {"uv": [76, 84], "uv_size": [0.5, 0.5]}
							}
						}
					]
				},
				{
					"name": "bullet_in_barrel",
					"parent": "bullet_and_lefthand",
					"pivot": [0, 9.15, -1.99375],
					"cubes": [
						{
							"origin": [-0.15533, 8.775, -3.9],
							"size": [0.31066, 0.75, 2.5],
							"pivot": [0, 9.15, -1.9],
							"rotation": [0, 0, -45],
							"uv": {
								"north": {"uv": [2, 76], "uv_size": [0.5, 1]},
								"up": {"uv": [65, 63], "uv_size": [0.5, 2.5]},
								"down": {"uv": [0, 68.5], "uv_size": [0.5, -2.5]}
							}
						},
						{
							"origin": [-0.15533, 8.775, -3.9],
							"size": [0.31066, 0.75, 2.5],
							"uv": {
								"north": {"uv": [4, 76], "uv_size": [0.5, 1]},
								"up": {"uv": [12, 66], "uv_size": [0.5, 2.5]},
								"down": {"uv": [14, 68.5], "uv_size": [0.5, -2.5]}
							}
						},
						{
							"origin": [-0.375, 8.99467, -3.9],
							"size": [0.75, 0.31066, 2.5],
							"pivot": [0, 9.15, -1.9],
							"rotation": [0, 0, -45],
							"uv": {
								"north": {"uv": [6, 76], "uv_size": [1, 0.5]},
								"east": {"uv": [28, 66], "uv_size": [2.5, 0.5]},
								"west": {"uv": [42, 66], "uv_size": [2.5, 0.5]}
							}
						},
						{
							"origin": [-0.375, 8.99467, -3.9],
							"size": [0.75, 0.31066, 2.5],
							"uv": {
								"north": {"uv": [76, 6], "uv_size": [1, 0.5]},
								"east": {"uv": [46, 66], "uv_size": [2.5, 0.5]},
								"west": {"uv": [66, 48], "uv_size": [2.5, 0.5]}
							}
						},
						{
							"origin": [-0.18122, 8.7125, -1.4],
							"size": [0.36244, 0.875, 0.125],
							"pivot": [0, 9.15, -0.9],
							"rotation": [0, 0, -45],
							"uv": {
								"north": {"uv": [8, 76], "uv_size": [0.5, 1]},
								"south": {"uv": [76, 8], "uv_size": [0.5, 1]},
								"up": {"uv": [62, 84], "uv_size": [0.5, 0.5]},
								"down": {"uv": [84, 68.5], "uv_size": [0.5, -0.5]}
							}
						},
						{
							"origin": [-0.18122, 8.7125, -1.4],
							"size": [0.36244, 0.875, 0.125],
							"uv": {
								"north": {"uv": [10, 76], "uv_size": [0.5, 1]},
								"south": {"uv": [12, 76], "uv_size": [0.5, 1]},
								"up": {"uv": [84, 70], "uv_size": [0.5, 0.5]},
								"down": {"uv": [72, 84.5], "uv_size": [0.5, -0.5]}
							}
						},
						{
							"origin": [-0.4375, 8.96878, -1.4],
							"size": [0.875, 0.36244, 0.125],
							"pivot": [0, 9.15, -0.9],
							"rotation": [0, 0, -45],
							"uv": {
								"north": {"uv": [76, 22], "uv_size": [1, 0.5]},
								"east": {"uv": [84, 72], "uv_size": [0.5, 0.5]},
								"south": {"uv": [24, 76], "uv_size": [1, 0.5]},
								"west": {"uv": [74, 84], "uv_size": [0.5, 0.5]}
							}
						},
						{
							"origin": [-0.4375, 8.96878, -1.4],
							"size": [0.875, 0.36244, 0.125],
							"uv": {
								"north": {"uv": [76, 24], "uv_size": [1, 0.5]},
								"east": {"uv": [84, 74], "uv_size": [0.5, 0.5]},
								"south": {"uv": [76, 26], "uv_size": [1, 0.5]},
								"west": {"uv": [76, 84], "uv_size": [0.5, 0.5]}
							}
						}
					]
				},
				{
					"name": "bullet_in_mag",
					"parent": "bullet_and_lefthand",
					"pivot": [0, 7.625, -1.59375],
					"cubes": [
						{
							"origin": [-0.15533, 7.25, -3.5],
							"size": [0.31066, 0.75, 2.5],
							"pivot": [0, 7.625, -1.5],
							"rotation": [0, 0, -45],
							"uv": {
								"north": {"uv": [2, 76], "uv_size": [0.5, 1]},
								"up": {"uv": [65, 63], "uv_size": [0.5, 2.5]},
								"down": {"uv": [0, 68.5], "uv_size": [0.5, -2.5]}
							}
						},
						{
							"origin": [-0.15533, 7.25, -3.5],
							"size": [0.31066, 0.75, 2.5],
							"uv": {
								"north": {"uv": [4, 76], "uv_size": [0.5, 1]},
								"up": {"uv": [12, 66], "uv_size": [0.5, 2.5]},
								"down": {"uv": [14, 68.5], "uv_size": [0.5, -2.5]}
							}
						},
						{
							"origin": [-0.375, 7.46967, -3.5],
							"size": [0.75, 0.31066, 2.5],
							"pivot": [0, 7.625, -1.5],
							"rotation": [0, 0, -45],
							"uv": {
								"north": {"uv": [6, 76], "uv_size": [1, 0.5]},
								"east": {"uv": [28, 66], "uv_size": [2.5, 0.5]},
								"west": {"uv": [42, 66], "uv_size": [2.5, 0.5]}
							}
						},
						{
							"origin": [-0.375, 7.46967, -3.5],
							"size": [0.75, 0.31066, 2.5],
							"uv": {
								"north": {"uv": [76, 6], "uv_size": [1, 0.5]},
								"east": {"uv": [46, 66], "uv_size": [2.5, 0.5]},
								"west": {"uv": [66, 48], "uv_size": [2.5, 0.5]}
							}
						},
						{
							"origin": [-0.18122, 7.1875, -1],
							"size": [0.36244, 0.875, 0.125],
							"pivot": [0, 7.625, -0.5],
							"rotation": [0, 0, -45],
							"uv": {
								"north": {"uv": [8, 76], "uv_size": [0.5, 1]},
								"south": {"uv": [76, 8], "uv_size": [0.5, 1]},
								"up": {"uv": [62, 84], "uv_size": [0.5, 0.5]},
								"down": {"uv": [84, 68.5], "uv_size": [0.5, -0.5]}
							}
						},
						{
							"origin": [-0.18122, 7.1875, -1],
							"size": [0.36244, 0.875, 0.125],
							"uv": {
								"north": {"uv": [10, 76], "uv_size": [0.5, 1]},
								"south": {"uv": [12, 76], "uv_size": [0.5, 1]},
								"up": {"uv": [84, 70], "uv_size": [0.5, 0.5]},
								"down": {"uv": [72, 84.5], "uv_size": [0.5, -0.5]}
							}
						},
						{
							"origin": [-0.4375, 7.44378, -1],
							"size": [0.875, 0.36244, 0.125],
							"pivot": [0, 7.625, -0.5],
							"rotation": [0, 0, -45],
							"uv": {
								"north": {"uv": [76, 22], "uv_size": [1, 0.5]},
								"east": {"uv": [84, 72], "uv_size": [0.5, 0.5]},
								"south": {"uv": [24, 76], "uv_size": [1, 0.5]},
								"west": {"uv": [74, 84], "uv_size": [0.5, 0.5]}
							}
						},
						{
							"origin": [-0.4375, 7.44378, -1],
							"size": [0.875, 0.36244, 0.125],
							"uv": {
								"north": {"uv": [76, 24], "uv_size": [1, 0.5]},
								"east": {"uv": [84, 74], "uv_size": [0.5, 0.5]},
								"south": {"uv": [76, 26], "uv_size": [1, 0.5]},
								"west": {"uv": [76, 84], "uv_size": [0.5, 0.5]}
							}
						}
					]
				},
				{
					"name": "bullet",
					"parent": "bullet_and_lefthand",
					"pivot": [0, 7.625, -1.59375],
					"cubes": [
						{
							"origin": [-0.15533, 7.25, -3.5],
							"size": [0.31066, 0.75, 2.5],
							"pivot": [0, 7.625, -1.5],
							"rotation": [0, 0, -45],
							"uv": {
								"north": {"uv": [2, 76], "uv_size": [0.5, 1]},
								"up": {"uv": [65, 63], "uv_size": [0.5, 2.5]},
								"down": {"uv": [0, 68.5], "uv_size": [0.5, -2.5]}
							}
						},
						{
							"origin": [-0.15533, 7.25, -3.5],
							"size": [0.31066, 0.75, 2.5],
							"uv": {
								"north": {"uv": [4, 76], "uv_size": [0.5, 1]},
								"up": {"uv": [12, 66], "uv_size": [0.5, 2.5]},
								"down": {"uv": [14, 68.5], "uv_size": [0.5, -2.5]}
							}
						},
						{
							"origin": [-0.375, 7.46967, -3.5],
							"size": [0.75, 0.31066, 2.5],
							"pivot": [0, 7.625, -1.5],
							"rotation": [0, 0, -45],
							"uv": {
								"north": {"uv": [6, 76], "uv_size": [1, 0.5]},
								"east": {"uv": [28, 66], "uv_size": [2.5, 0.5]},
								"west": {"uv": [42, 66], "uv_size": [2.5, 0.5]}
							}
						},
						{
							"origin": [-0.375, 7.46967, -3.5],
							"size": [0.75, 0.31066, 2.5],
							"uv": {
								"north": {"uv": [76, 6], "uv_size": [1, 0.5]},
								"east": {"uv": [46, 66], "uv_size": [2.5, 0.5]},
								"west": {"uv": [66, 48], "uv_size": [2.5, 0.5]}
							}
						},
						{
							"origin": [-0.18122, 7.1875, -1],
							"size": [0.36244, 0.875, 0.125],
							"pivot": [0, 7.625, -0.5],
							"rotation": [0, 0, -45],
							"uv": {
								"north": {"uv": [8, 76], "uv_size": [0.5, 1]},
								"south": {"uv": [76, 8], "uv_size": [0.5, 1]},
								"up": {"uv": [62, 84], "uv_size": [0.5, 0.5]},
								"down": {"uv": [84, 68.5], "uv_size": [0.5, -0.5]}
							}
						},
						{
							"origin": [-0.18122, 7.1875, -1],
							"size": [0.36244, 0.875, 0.125],
							"uv": {
								"north": {"uv": [10, 76], "uv_size": [0.5, 1]},
								"south": {"uv": [12, 76], "uv_size": [0.5, 1]},
								"up": {"uv": [84, 70], "uv_size": [0.5, 0.5]},
								"down": {"uv": [72, 84.5], "uv_size": [0.5, -0.5]}
							}
						},
						{
							"origin": [-0.4375, 7.44378, -1],
							"size": [0.875, 0.36244, 0.125],
							"pivot": [0, 7.625, -0.5],
							"rotation": [0, 0, -45],
							"uv": {
								"north": {"uv": [76, 22], "uv_size": [1, 0.5]},
								"east": {"uv": [84, 72], "uv_size": [0.5, 0.5]},
								"south": {"uv": [24, 76], "uv_size": [1, 0.5]},
								"west": {"uv": [74, 84], "uv_size": [0.5, 0.5]}
							}
						},
						{
							"origin": [-0.4375, 7.44378, -1],
							"size": [0.875, 0.36244, 0.125],
							"uv": {
								"north": {"uv": [76, 24], "uv_size": [1, 0.5]},
								"east": {"uv": [84, 74], "uv_size": [0.5, 0.5]},
								"south": {"uv": [76, 26], "uv_size": [1, 0.5]},
								"west": {"uv": [76, 84], "uv_size": [0.5, 0.5]}
							}
						}
					]
				},
				{
					"name": "lefthand",
					"parent": "bullet_and_lefthand",
					"pivot": [-6, 19, 0]
				},
				{
					"name": "lefthand_pos",
					"parent": "lefthand",
					"pivot": [0, 8, 0]
				},
				{
					"name": "gun_and_righthand",
					"parent": "root",
					"pivot": [0, 7, 8]
				},
				{
					"name": "constraint",
					"parent": "gun_and_righthand",
					"pivot": [-0.225, 10.325, -8.825]
				},
				{
					"name": "muzzle_flash",
					"parent": "gun_and_righthand",
					"pivot": [0.0125, 9.125, -23.5]
				},
				{
					"name": "shell",
					"parent": "gun_and_righthand",
					"pivot": [0, 9, 0.7]
				},
				{
					"name": "m870",
					"parent": "gun_and_righthand",
					"pivot": [0, 7, 8]
				},
				{
					"name": "m870_classic",
					"parent": "m870",
					"pivot": [-21.1875, 8, 0]
				},
				{
					"name": "barrel",
					"parent": "m870_classic",
					"pivot": [0, 9.125, -7.25516],
					"cubes": [
						{
							"origin": [-0.233, 9.5625, -23.25],
							"size": [0.466, 0.125, 16.5],
							"uv": {
								"north": {"uv": [42, 76], "uv_size": [0.5, 0.5]},
								"up": {"uv": [17, 24], "uv_size": [0.5, 16.5]},
								"down": {"uv": [25, 40.5], "uv_size": [0.5, -16.5]}
							}
						},
						{
							"origin": [-0.5625, 8.892, -23.25],
							"size": [0.125, 0.466, 16.5],
							"pivot": [0, 9.125, -2.75],
							"rotation": [0, 0, 45],
							"uv": {
								"north": {"uv": [76, 40], "uv_size": [0.5, 0.5]},
								"east": {"uv": [25, 20], "uv_size": [16.5, 0.5]},
								"west": {"uv": [25, 22], "uv_size": [16.5, 0.5]}
							}
						},
						{
							"origin": [0.4375, 8.892, -23.25],
							"size": [0.125, 0.466, 16.5],
							"uv": {
								"north": {"uv": [76, 38], "uv_size": [0.5, 0.5]},
								"east": {"uv": [25, 11], "uv_size": [16.5, 0.5]},
								"west": {"uv": [25, 18], "uv_size": [16.5, 0.5]}
							}
						},
						{
							"origin": [-0.5625, 8.892, -23.25],
							"size": [0.125, 0.466, 16.5],
							"uv": {
								"north": {"uv": [76, 36], "uv_size": [0.5, 0.5]},
								"east": {"uv": [21, 7], "uv_size": [16.5, 0.5]},
								"west": {"uv": [21, 9], "uv_size": [16.5, 0.5]}
							}
						},
						{
							"origin": [0.4375, 8.892, -23.25],
							"size": [0.125, 0.466, 16.5],
							"pivot": [0, 9.125, -2.75],
							"rotation": [0, 0, 45],
							"uv": {
								"north": {"uv": [34, 76], "uv_size": [0.5, 0.5]},
								"east": {"uv": [21, 3], "uv_size": [16.5, 0.5]},
								"south": {"uv": [76, 34], "uv_size": [0.5, 0.5]},
								"west": {"uv": [21, 5], "uv_size": [16.5, 0.5]}
							}
						},
						{
							"origin": [-0.233, 8.5625, -23.25],
							"size": [0.466, 0.125, 16.5],
							"uv": {
								"north": {"uv": [76, 32], "uv_size": [0.5, 0.5]},
								"up": {"uv": [23, 18], "uv_size": [0.5, 16.5]},
								"down": {"uv": [15, 40.5], "uv_size": [0.5, -16.5]}
							}
						},
						{
							"origin": [-0.233, 9.5625, -23.25],
							"size": [0.466, 0.125, 16.5],
							"pivot": [0, 9.125, -2.75],
							"rotation": [0, 0, 45],
							"uv": {
								"north": {"uv": [76, 30], "uv_size": [0.5, 0.5]},
								"up": {"uv": [19, 18], "uv_size": [0.5, 16.5]},
								"down": {"uv": [21, 34.5], "uv_size": [0.5, -16.5]}
							}
						},
						{
							"origin": [-0.233, 8.5625, -23.25],
							"size": [0.466, 0.125, 16.5],
							"pivot": [0, 9.125, -2.75],
							"rotation": [0, 0, 45],
							"uv": {
								"north": {"uv": [76, 28], "uv_size": [0.5, 0.5]},
								"up": {"uv": [11, 19], "uv_size": [0.5, 16.5]},
								"down": {"uv": [13, 35.5], "uv_size": [0.5, -16.5]}
							}
						},
						{
							"origin": [-0.28125, 8.35221, -2.84046],
							"size": [0.28125, 4.34375, 0.28125],
							"pivot": [0, 8.44596, -2.84046],
							"rotation": [88.3785, -0.6712, 0.019],
							"uv": {
								"north": {"uv": [58, 51], "uv_size": [0.5, 4.5]},
								"east": {"uv": [54, 58], "uv_size": [0.5, 4.5]},
								"south": {"uv": [56, 58], "uv_size": [0.5, 4.5]},
								"west": {"uv": [58, 57], "uv_size": [0.5, 4.5]},
								"up": {"uv": [10, 84], "uv_size": [0.5, 0.5]},
								"down": {"uv": [12, 84.5], "uv_size": [0.5, -0.5]}
							}
						},
						{
							"origin": [0, 8.35221, -2.84046],
							"size": [0.28125, 4.34375, 0.28125],
							"pivot": [0, 8.44596, -2.84046],
							"rotation": [88.3785, 0.6712, -0.019],
							"uv": {
								"north": {"uv": [45, 58], "uv_size": [0.5, 4.5]},
								"east": {"uv": [58, 45], "uv_size": [0.5, 4.5]},
								"south": {"uv": [47, 58], "uv_size": [0.5, 4.5]},
								"west": {"uv": [49, 58], "uv_size": [0.5, 4.5]},
								"up": {"uv": [8, 84], "uv_size": [0.5, 0.5]},
								"down": {"uv": [84, 8.5], "uv_size": [0.5, -0.5]}
							}
						},
						{
							"origin": [0.19891, 8.55109, -2.84046],
							"size": [0.28125, 4.34375, 0.28125],
							"pivot": [0.48016, 8.64484, -2.84046],
							"rotation": [88.3785, -0.6712, -44.981],
							"uv": {
								"north": {"uv": [29, 58], "uv_size": [0.5, 4.5]},
								"east": {"uv": [31, 58], "uv_size": [0.5, 4.5]},
								"south": {"uv": [58, 39], "uv_size": [0.5, 4.5]},
								"west": {"uv": [43, 58], "uv_size": [0.5, 4.5]},
								"up": {"uv": [6, 84], "uv_size": [0.5, 0.5]},
								"down": {"uv": [84, 6.5], "uv_size": [0.5, -0.5]}
							}
						},
						{
							"origin": [0.48016, 8.55109, -2.84046],
							"size": [0.28125, 4.34375, 0.28125],
							"pivot": [0.48016, 8.64484, -2.84046],
							"rotation": [88.3785, 0.6712, -45.019],
							"uv": {
								"north": {"uv": [38, 57], "uv_size": [0.5, 4.5]},
								"east": {"uv": [58, 12], "uv_size": [0.5, 4.5]},
								"south": {"uv": [18, 58], "uv_size": [0.5, 4.5]},
								"west": {"uv": [58, 26], "uv_size": [0.5, 4.5]},
								"up": {"uv": [2, 84], "uv_size": [0.5, 0.5]},
								"down": {"uv": [4, 84.5], "uv_size": [0.5, -0.5]}
							}
						},
						{
							"origin": [0.39779, 9.03125, -2.84046],
							"size": [0.28125, 4.34375, 0.28125],
							"pivot": [0.67904, 9.125, -2.84046],
							"rotation": [88.3785, -0.6712, -89.981],
							"uv": {
								"north": {"uv": [20, 57], "uv_size": [0.5, 4.5]},
								"east": {"uv": [57, 20], "uv_size": [0.5, 4.5]},
								"south": {"uv": [25, 57], "uv_size": [0.5, 4.5]},
								"west": {"uv": [57, 33], "uv_size": [0.5, 4.5]},
								"up": {"uv": [83, 78], "uv_size": [0.5, 0.5]},
								"down": {"uv": [83, 80.5], "uv_size": [0.5, -0.5]}
							}
						},
						{
							"origin": [0.67904, 9.03125, -2.84046],
							"size": [0.28125, 4.34375, 0.28125],
							"pivot": [0.67904, 9.125, -2.84046],
							"rotation": [88.3785, 0.6712, -90.019],
							"uv": {
								"north": {"uv": [57, 6], "uv_size": [0.5, 4.5]},
								"east": {"uv": [12, 57], "uv_size": [0.5, 4.5]},
								"south": {"uv": [14, 57], "uv_size": [0.5, 4.5]},
								"west": {"uv": [16, 57], "uv_size": [0.5, 4.5]},
								"up": {"uv": [70, 83], "uv_size": [0.5, 0.5]},
								"down": {"uv": [83, 76.5], "uv_size": [0.5, -0.5]}
							}
						},
						{
							"origin": [0.19891, 9.51141, -2.84046],
							"size": [0.28125, 4.34375, 0.28125],
							"pivot": [0.48016, 9.60516, -2.84046],
							"rotation": [88.3785, -0.6712, -134.981],
							"uv": {
								"north": {"uv": [56, 52], "uv_size": [0.5, 4.5]},
								"east": {"uv": [57, 0], "uv_size": [0.5, 4.5]},
								"south": {"uv": [4, 57], "uv_size": [0.5, 4.5]},
								"west": {"uv": [6, 57], "uv_size": [0.5, 4.5]},
								"up": {"uv": [83, 66], "uv_size": [0.5, 0.5]},
								"down": {"uv": [68, 83.5], "uv_size": [0.5, -0.5]}
							}
						},
						{
							"origin": [0.48016, 9.51141, -2.84046],
							"size": [0.28125, 4.34375, 0.28125],
							"pivot": [0.48016, 9.60516, -2.84046],
							"rotation": [88.3785, 0.6712, -135.019],
							"uv": {
								"north": {"uv": [34, 56], "uv_size": [0.5, 4.5]},
								"east": {"uv": [56, 40], "uv_size": [0.5, 4.5]},
								"south": {"uv": [41, 56], "uv_size": [0.5, 4.5]},
								"west": {"uv": [56, 46], "uv_size": [0.5, 4.5]},
								"up": {"uv": [83, 64], "uv_size": [0.5, 0.5]},
								"down": {"uv": [66, 83.5], "uv_size": [0.5, -0.5]}
							}
						},
						{
							"origin": [-0.28125, 9.71029, -2.84046],
							"size": [0.28125, 4.34375, 0.28125],
							"pivot": [0, 9.80404, -2.84046],
							"rotation": [88.3785, -0.6712, -179.981],
							"uv": {
								"north": {"uv": [55, 8], "uv_size": [0.5, 4.5]},
								"east": {"uv": [52, 55], "uv_size": [0.5, 4.5]},
								"south": {"uv": [56, 14], "uv_size": [0.5, 4.5]},
								"west": {"uv": [56, 27], "uv_size": [0.5, 4.5]},
								"up": {"uv": [83, 62], "uv_size": [0.5, 0.5]},
								"down": {"uv": [64, 83.5], "uv_size": [0.5, -0.5]}
							}
						},
						{
							"origin": [0, 9.71029, -2.84046],
							"size": [0.28125, 4.34375, 0.28125],
							"pivot": [0, 9.80404, -2.84046],
							"rotation": [88.3785, 0.6712, 179.981],
							"uv": {
								"north": {"uv": [54, 46], "uv_size": [0.5, 4.5]},
								"south": {"uv": [54, 52], "uv_size": [0.5, 4.5]},
								"west": {"uv": [0, 55], "uv_size": [0.5, 4.5]},
								"up": {"uv": [83, 58], "uv_size": [0.5, 0.5]},
								"down": {"uv": [83, 60.5], "uv_size": [0.5, -0.5]}
							}
						},
						{
							"origin": [-0.76141, 9.51141, -2.84046],
							"size": [0.28125, 4.34375, 0.28125],
							"pivot": [-0.48016, 9.60516, -2.84046],
							"rotation": [88.3785, -0.6712, 135.019],
							"uv": {
								"north": {"uv": [54, 27], "uv_size": [0.5, 4.5]},
								"east": {"uv": [36, 54], "uv_size": [0.5, 4.5]},
								"south": {"uv": [54, 40], "uv_size": [0.5, 4.5]},
								"up": {"uv": [83, 56], "uv_size": [0.5, 0.5]},
								"down": {"uv": [58, 83.5], "uv_size": [0.5, -0.5]}
							}
						},
						{
							"origin": [-0.48016, 9.51141, -2.84046],
							"size": [0.28125, 4.34375, 0.28125],
							"pivot": [-0.48016, 9.60516, -2.84046],
							"rotation": [88.3785, 0.6712, 134.981],
							"uv": {
								"north": {"uv": [27, 53], "uv_size": [0.5, 4.5]},
								"south": {"uv": [54, 16], "uv_size": [0.5, 4.5]},
								"west": {"uv": [23, 54], "uv_size": [0.5, 4.5]},
								"up": {"uv": [83, 52], "uv_size": [0.5, 0.5]},
								"down": {"uv": [83, 54.5], "uv_size": [0.5, -0.5]}
							}
						},
						{
							"origin": [-0.96029, 9.03125, -2.84046],
							"size": [0.28125, 4.34375, 0.28125],
							"pivot": [-0.67904, 9.125, -2.84046],
							"rotation": [88.3785, -0.6712, 90.019],
							"uv": {
								"north": {"uv": [8, 53], "uv_size": [0.5, 4.5]},
								"east": {"uv": [10, 53], "uv_size": [0.5, 4.5]},
								"south": {"uv": [53, 10], "uv_size": [0.5, 4.5]},
								"up": {"uv": [50, 83], "uv_size": [0.5, 0.5]},
								"down": {"uv": [83, 50.5], "uv_size": [0.5, -0.5]}
							}
						},
						{
							"origin": [-0.67904, 9.03125, -2.84046],
							"size": [0.28125, 4.34375, 0.28125],
							"pivot": [-0.67904, 9.125, -2.84046],
							"rotation": [88.3785, 0.6712, 89.981],
							"uv": {
								"north": {"uv": [48, 52], "uv_size": [0.5, 4.5]},
								"east": {"uv": [52, 49], "uv_size": [0.5, 4.5]},
								"south": {"uv": [50, 52], "uv_size": [0.5, 4.5]},
								"west": {"uv": [2, 53], "uv_size": [0.5, 4.5]},
								"up": {"uv": [48, 83], "uv_size": [0.5, 0.5]},
								"down": {"uv": [83, 48.5], "uv_size": [0.5, -0.5]}
							}
						},
						{
							"origin": [-0.76141, 8.55109, -2.84046],
							"size": [0.28125, 4.34375, 0.28125],
							"pivot": [-0.48016, 8.64484, -2.84046],
							"rotation": [88.3785, -0.6712, 45.019],
							"uv": {
								"north": {"uv": [32, 52], "uv_size": [0.5, 4.5]},
								"east": {"uv": [52, 43], "uv_size": [0.5, 4.5]},
								"south": {"uv": [44, 52], "uv_size": [0.5, 4.5]},
								"west": {"uv": [46, 52], "uv_size": [0.5, 4.5]},
								"up": {"uv": [83, 44], "uv_size": [0.5, 0.5]},
								"down": {"uv": [83, 46.5], "uv_size": [0.5, -0.5]}
							}
						},
						{
							"origin": [-0.48016, 8.55109, -2.84046],
							"size": [0.28125, 4.34375, 0.28125],
							"pivot": [-0.48016, 8.64484, -2.84046],
							"rotation": [88.3785, 0.6712, 44.981],
							"uv": {
								"north": {"uv": [25, 51], "uv_size": [0.5, 4.5]},
								"east": {"uv": [52, 16], "uv_size": [0.5, 4.5]},
								"south": {"uv": [18, 52], "uv_size": [0.5, 4.5]},
								"west": {"uv": [30, 52], "uv_size": [0.5, 4.5]},
								"up": {"uv": [40, 83], "uv_size": [0.5, 0.5]},
								"down": {"uv": [83, 42.5], "uv_size": [0.5, -0.5]}
							}
						},
						{
							"origin": [-0.6875, 8.84023, -2.75],
							"size": [1.375, 0.56954, 1],
							"uv": {
								"north": {"uv": [70, 4], "uv_size": [1.5, 0.5]},
								"east": {"uv": [28, 75], "uv_size": [1, 0.5]},
								"south": {"uv": [11, 70], "uv_size": [1.5, 0.5]},
								"west": {"uv": [30, 75], "uv_size": [1, 0.5]}
							}
						},
						{
							"origin": [-0.6875, 8.84023, -2.75],
							"size": [1.375, 0.56954, 1],
							"pivot": [0, 9.125, -2.5],
							"rotation": [0, 0, 45],
							"uv": {
								"north": {"uv": [70, 0], "uv_size": [1.5, 0.5]},
								"east": {"uv": [22, 75], "uv_size": [1, 0.5]},
								"south": {"uv": [70, 2], "uv_size": [1.5, 0.5]},
								"west": {"uv": [26, 75], "uv_size": [1, 0.5]}
							}
						},
						{
							"origin": [-0.28477, 8.4375, -2.75],
							"size": [0.56954, 1.375, 1],
							"uv": {
								"north": {"uv": [64, 69], "uv_size": [0.5, 1.5]},
								"south": {"uv": [69, 67], "uv_size": [0.5, 1.5]},
								"up": {"uv": [20, 75], "uv_size": [0.5, 1]},
								"down": {"uv": [75, 21], "uv_size": [0.5, -1]}
							}
						},
						{
							"origin": [-0.28477, 8.4375, -2.75],
							"size": [0.56954, 1.375, 1],
							"pivot": [0, 9.125, -2.5],
							"rotation": [0, 0, 45],
							"uv": {
								"north": {"uv": [69, 60], "uv_size": [0.5, 1.5]},
								"south": {"uv": [62, 69], "uv_size": [0.5, 1.5]},
								"up": {"uv": [18, 75], "uv_size": [0.5, 1]},
								"down": {"uv": [75, 19], "uv_size": [0.5, -1]}
							}
						}
					]
				},
				{
					"name": "magazine",
					"parent": "m870_classic",
					"pivot": [-20.45006, 6.9375, -12.258],
					"cubes": [
						{
							"origin": [-0.25, 8.0625, -14.9375],
							"size": [0.5, 0.5625, 13.1875],
							"uv": {
								"north": {"uv": [44, 76], "uv_size": [0.5, 0.5]},
								"east": {"uv": [27, 34], "uv_size": [13, 0.5]},
								"west": {"uv": [35, 0], "uv_size": [13, 0.5]}
							}
						}
					]
				},
				{
					"name": "mag",
					"parent": "magazine",
					"pivot": [0, 8.12571, -19.05357],
					"cubes": [
						{
							"origin": [-0.5625, 8.3125, -19.125],
							"size": [1.125, 0.25, 0.25],
							"pivot": [0, 8.4375, -19],
							"rotation": [45, 0, 0],
							"uv": {
								"north": {"uv": [18, 73], "uv_size": [1, 0.5]},
								"east": {"uv": [26, 81], "uv_size": [0.5, 0.5]},
								"south": {"uv": [73, 18], "uv_size": [1, 0.5]},
								"west": {"uv": [28, 81], "uv_size": [0.5, 0.5]},
								"up": {"uv": [20, 73], "uv_size": [1, 0.5]},
								"down": {"uv": [73, 20.5], "uv_size": [1, -0.5]}
							}
						},
						{
							"origin": [-0.6875, 8.84023, -19.5],
							"size": [0.25, 0.375, 1],
							"uv": {
								"north": {"uv": [30, 81], "uv_size": [0.5, 0.5]},
								"east": {"uv": [22, 73], "uv_size": [1, 0.5]},
								"south": {"uv": [32, 81], "uv_size": [0.5, 0.5]},
								"west": {"uv": [26, 73], "uv_size": [1, 0.5]},
								"up": {"uv": [28, 73], "uv_size": [0.5, 1]}
							}
						},
						{
							"origin": [0.4375, 8.84023, -19.5],
							"size": [0.25, 0.375, 1],
							"uv": {
								"north": {"uv": [36, 81], "uv_size": [0.5, 0.5]},
								"east": {"uv": [30, 73], "uv_size": [1, 0.5]},
								"south": {"uv": [38, 81], "uv_size": [0.5, 0.5]},
								"west": {"uv": [32, 73], "uv_size": [1, 0.5]},
								"up": {"uv": [37, 73], "uv_size": [0.5, 1]}
							}
						},
						{
							"origin": [0.4375, 8.84023, -19.5],
							"size": [0.25, 0.56954, 1],
							"pivot": [0, 9.125, -19],
							"rotation": [0, 0, 45],
							"uv": {
								"north": {"uv": [40, 81], "uv_size": [0.5, 0.5]},
								"east": {"uv": [39, 73], "uv_size": [1, 0.5]},
								"south": {"uv": [81, 42], "uv_size": [0.5, 0.5]},
								"west": {"uv": [41, 73], "uv_size": [1, 0.5]}
							}
						},
						{
							"origin": [-0.47227, 8.1875, -19.5],
							"size": [0.94454, 0.5, 1],
							"uv": {
								"north": {"uv": [73, 42], "uv_size": [1, 0.5]},
								"east": {"uv": [73, 44], "uv_size": [1, 0.5]},
								"south": {"uv": [73, 46], "uv_size": [1, 0.5]},
								"west": {"uv": [73, 48], "uv_size": [1, 0.5]},
								"up": {"uv": [66, 54], "uv_size": [1, 1]}
							}
						},
						{
							"origin": [-0.28477, 8.4375, -19.5],
							"size": [0.56954, 0.25, 1],
							"pivot": [0, 9.125, -19],
							"rotation": [0, 0, 45],
							"uv": {
								"north": {"uv": [81, 44], "uv_size": [0.5, 0.5]},
								"south": {"uv": [81, 46], "uv_size": [0.5, 0.5]},
								"up": {"uv": [49, 73], "uv_size": [0.5, 1]},
								"down": {"uv": [73, 51], "uv_size": [0.5, -1]}
							}
						},
						{
							"origin": [-0.6875, 7.40273, -19.5],
							"size": [1.375, 0.56954, 1],
							"uv": {
								"north": {"uv": [2, 69], "uv_size": [1.5, 0.5]},
								"east": {"uv": [51, 73], "uv_size": [1, 0.5]},
								"south": {"uv": [5, 69], "uv_size": [1.5, 0.5]},
								"west": {"uv": [73, 52], "uv_size": [1, 0.5]}
							}
						},
						{
							"origin": [-0.6875, 7.40273, -19.5],
							"size": [1.375, 0.56954, 1],
							"pivot": [0, 7.6875, -19],
							"rotation": [0, 0, 45],
							"uv": {
								"north": {"uv": [8, 69], "uv_size": [1.5, 0.5]},
								"east": {"uv": [73, 54], "uv_size": [1, 0.5]},
								"south": {"uv": [69, 8], "uv_size": [1.5, 0.5]},
								"west": {"uv": [73, 56], "uv_size": [1, 0.5]}
							}
						},
						{
							"origin": [-0.28477, 6.75, -19.5],
							"size": [0.56954, 1.625, 1],
							"uv": {
								"north": {"uv": [37, 68], "uv_size": [0.5, 1.5]},
								"east": {"uv": [14, 63], "uv_size": [1, 1.5]},
								"south": {"uv": [60, 68], "uv_size": [0.5, 1.5]},
								"west": {"uv": [16, 63], "uv_size": [1, 1.5]},
								"down": {"uv": [73, 59], "uv_size": [0.5, -1]}
							}
						},
						{
							"origin": [-0.28477, 7, -19.5],
							"size": [0.56954, 1.375, 1],
							"pivot": [0, 7.6875, -19],
							"rotation": [0, 0, 45],
							"uv": {
								"north": {"uv": [69, 10], "uv_size": [0.5, 1.5]},
								"south": {"uv": [69, 13], "uv_size": [0.5, 1.5]},
								"up": {"uv": [59, 73], "uv_size": [0.5, 1]},
								"down": {"uv": [73, 61], "uv_size": [0.5, -1]}
							}
						},
						{
							"origin": [-0.233, 7.125, -20],
							"size": [0.466, 1.125, 18.325],
							"pivot": [0, 7.6875, -15.1875],
							"rotation": [0, 0, 45],
							"uv": {
								"north": {"uv": [0, 7], "uv_size": [0.5, 1]},
								"south": {"uv": [1, 7], "uv_size": [0.5, 1]},
								"up": {"uv": [2, 7], "uv_size": [0.5, 5]},
								"down": {"uv": [5, 12], "uv_size": [0.5, -5]}
							}
						},
						{
							"origin": [-0.5625, 7.4545, -20],
							"size": [1.125, 0.466, 18.325],
							"pivot": [0, 7.6875, -15.1875],
							"rotation": [0, 0, 45],
							"uv": {
								"north": {"uv": [3, 7], "uv_size": [1, 0.5]},
								"east": {"uv": [0, 3], "uv_size": [5, 0.5]},
								"south": {"uv": [4, 7], "uv_size": [1, 0.5]},
								"west": {"uv": [5, 3], "uv_size": [5, 0.5]}
							}
						},
						{
							"origin": [-0.233, 7.125, -20],
							"size": [0.466, 1.125, 18.325],
							"uv": {
								"north": {"uv": [9, 0], "uv_size": [0.5, 1]},
								"south": {"uv": [9, 1], "uv_size": [0.5, 1]},
								"up": {"uv": [2, 12], "uv_size": [0.5, 5]},
								"down": {"uv": [5, 17], "uv_size": [0.5, -5]}
							}
						},
						{
							"origin": [-0.5625, 7.4545, -20],
							"size": [1.125, 0.466, 18.325],
							"uv": {
								"north": {"uv": [9, 2], "uv_size": [1, 0.5]},
								"east": {"uv": [6, 7], "uv_size": [5, 0.5]},
								"south": {"uv": [9, 4], "uv_size": [1, 0.5]},
								"west": {"uv": [9, 6], "uv_size": [5, 0.5]}
							}
						}
					]
				},
				{
					"name": "panel",
					"parent": "m870_classic",
					"pivot": [0, 7.28051, 2.48405],
					"cubes": [
						{
							"origin": [-0.4375, 7.31158, 1.74948],
							"size": [0.875, 0.125, 0.8125],
							"pivot": [0, 7.24908, 2.06198],
							"rotation": [-22.5, 0, 0],
							"uv": {
								"east": {"uv": [49, 71], "uv_size": [1, 0.5]},
								"south": {"uv": [71, 49], "uv_size": [1, 0.5]},
								"west": {"uv": [51, 71], "uv_size": [1, 0.5]},
								"up": {"uv": [16, 66], "uv_size": [1, 1]},
								"down": {"uv": [20, 67], "uv_size": [1, -1]}
							}
						},
						{
							"origin": [-0.4375, 7.4169, 1.40752],
							"size": [0.875, 0.125, 0.4375],
							"uv": {
								"north": {"uv": [71, 51], "uv_size": [1, 0.5]},
								"east": {"uv": [77, 54], "uv_size": [0.5, 0.5]},
								"west": {"uv": [77, 56], "uv_size": [0.5, 0.5]},
								"up": {"uv": [71, 53], "uv_size": [1, 0.5]},
								"down": {"uv": [71, 55.5], "uv_size": [1, -0.5]}
							}
						},
						{
							"origin": [-0.1875, 7.4794, -0.77998],
							"size": [0.375, 0.0625, 0.25],
							"uv": {
								"north": {"uv": [77, 58], "uv_size": [0.5, 0.5]},
								"south": {"uv": [59, 77], "uv_size": [0.5, 0.5]},
								"up": {"uv": [77, 60], "uv_size": [0.5, 0.5]},
								"down": {"uv": [77, 62.5], "uv_size": [0.5, -0.5]}
							}
						},
						{
							"origin": [-0.4375, 7.4169, -0.90498],
							"size": [0.25, 0.125, 2.3125],
							"uv": {
								"north": {"uv": [77, 64], "uv_size": [0.5, 0.5]},
								"east": {"uv": [46, 64], "uv_size": [2.5, 0.5]},
								"west": {"uv": [64, 46], "uv_size": [2.5, 0.5]},
								"up": {"uv": [64, 48], "uv_size": [0.5, 2.5]},
								"down": {"uv": [64, 54.5], "uv_size": [0.5, -2.5]}
							}
						},
						{
							"origin": [0.1875, 7.4169, -0.90498],
							"size": [0.25, 0.125, 2.3125],
							"uv": {
								"north": {"uv": [65, 77], "uv_size": [0.5, 0.5]},
								"east": {"uv": [54, 64], "uv_size": [2.5, 0.5]},
								"west": {"uv": [64, 56], "uv_size": [2.5, 0.5]},
								"up": {"uv": [2, 65], "uv_size": [0.5, 2.5]},
								"down": {"uv": [65, 14.5], "uv_size": [0.5, -2.5]}
							}
						}
					]
				},
				{
					"name": "trigger",
					"parent": "m870_classic",
					"pivot": [-21.1875, 5.43361, 12.23514],
					"cubes": [
						{
							"origin": [-0.125, 6.40236, 6.57889],
							"size": [0.25, 0.8125, 0.1875],
							"uv": {
								"north": {"uv": [71, 57], "uv_size": [0.5, 1]},
								"east": {"uv": [71, 59], "uv_size": [0.5, 1]},
								"south": {"uv": [60, 71], "uv_size": [0.5, 1]},
								"west": {"uv": [71, 61], "uv_size": [0.5, 1]}
							}
						},
						{
							"origin": [-0.125, 6.13763, 6.52624],
							"size": [0.25, 0.3125, 0.125],
							"pivot": [0, 6.29388, 6.61999],
							"rotation": [-22.5, 0, 0],
							"uv": {
								"north": {"uv": [77, 66], "uv_size": [0.5, 0.5]},
								"east": {"uv": [67, 77], "uv_size": [0.5, 0.5]},
								"south": {"uv": [69, 77], "uv_size": [0.5, 0.5]},
								"west": {"uv": [71, 77], "uv_size": [0.5, 0.5]},
								"down": {"uv": [77, 76.5], "uv_size": [0.5, -0.5]}
							}
						},
						{
							"origin": [-0.125, 6.40236, 6.45389],
							"size": [0.25, 0.125, 0.3125],
							"pivot": [0.125, 6.40236, 6.76639],
							"rotation": [56, 0, 0],
							"uv": {
								"east": {"uv": [2, 78], "uv_size": [0.5, 0.5]},
								"west": {"uv": [4, 78], "uv_size": [0.5, 0.5]},
								"down": {"uv": [6, 78.5], "uv_size": [0.5, -0.5]}
							}
						},
						{
							"origin": [-0.125, 5.82506, 6.46406],
							"size": [0.25, 0.3125, 0.125],
							"pivot": [-0.125, 6.13756, 6.58907],
							"rotation": [-45, 0, 0],
							"uv": {
								"north": {"uv": [78, 6], "uv_size": [0.5, 0.5]},
								"east": {"uv": [8, 78], "uv_size": [0.5, 0.5]},
								"south": {"uv": [78, 8], "uv_size": [0.5, 0.5]},
								"west": {"uv": [10, 78], "uv_size": [0.5, 0.5]},
								"up": {"uv": [12, 78], "uv_size": [0.5, 0.5]},
								"down": {"uv": [78, 22.5], "uv_size": [0.5, -0.5]}
							}
						},
						{
							"origin": [-0.125, 6.46486, 6.45389],
							"size": [0.25, 0.75, 0.375],
							"pivot": [0, 6.80861, 6.42264],
							"rotation": [22.5, 0, 0],
							"uv": {
								"north": {"uv": [71, 67], "uv_size": [0.5, 1]},
								"east": {"uv": [72, 8], "uv_size": [0.5, 1]},
								"west": {"uv": [10, 72], "uv_size": [0.5, 1]}
							}
						}
					]
				},
				{
					"name": "safety2",
					"parent": "m870_classic",
					"pivot": [0.375, 5.24077, 1.88205],
					"cubes": [
						{
							"origin": [0.3125, 6.82348, 3.56469],
							"size": [0.0625, 0.4375, 0.5625],
							"inflate": 0.001,
							"pivot": [0.375, 6.91723, 3.43969],
							"rotation": [-45, 0, 0],
							"uv": {
								"north": {"uv": [24, 78], "uv_size": [0.5, 0.5]},
								"east": {"uv": [78, 24], "uv_size": [0.5, 0.5]},
								"south": {"uv": [78, 26], "uv_size": [0.5, 0.5]},
								"west": {"uv": [78, 28], "uv_size": [0.5, 0.5]},
								"down": {"uv": [78, 30.5], "uv_size": [0.5, -0.5]}
							}
						},
						{
							"origin": [0.3125, 7.26098, 4.00219],
							"size": [0.0625, 0.1875, 0.125],
							"pivot": [0.375, 6.91723, 3.43969],
							"rotation": [-45, 0, 0],
							"uv": {
								"east": {"uv": [78, 32], "uv_size": [0.5, 0.5]},
								"south": {"uv": [34, 78], "uv_size": [0.5, 0.5]},
								"west": {"uv": [78, 34], "uv_size": [0.5, 0.5]}
							}
						},
						{
							"origin": [0.3125, 6.82352, 4.21711],
							"size": [0.0625, 0.25, 0.125],
							"pivot": [0.34375, 6.91727, 4.27961],
							"rotation": [-22.5, 0, 0],
							"uv": {
								"east": {"uv": [78, 36], "uv_size": [0.5, 0.5]},
								"south": {"uv": [78, 38], "uv_size": [0.5, 0.5]},
								"west": {"uv": [78, 40], "uv_size": [0.5, 0.5]}
							}
						},
						{
							"origin": [0.3125, 6.80327, 3.6633],
							"size": [0.0625, 0.375, 0.5],
							"pivot": [0.375, 6.74077, 3.88205],
							"rotation": [-22.5, 0, 0],
							"uv": {
								"east": {"uv": [42, 78], "uv_size": [0.5, 0.5]},
								"west": {"uv": [44, 78], "uv_size": [0.5, 0.5]}
							}
						}
					]
				},
				{
					"name": "body",
					"parent": "m870_classic",
					"pivot": [-21.79688, 7.5625, 13.5],
					"cubes": [
						{
							"origin": [-0.375, 7, -1.75],
							"size": [0.75, 3, 0.75],
							"inflate": -0.001,
							"uv": {
								"north": {"uv": [15, 44], "uv_size": [1, 3]},
								"east": {"uv": [44, 48], "uv_size": [1, 3]},
								"south": {"uv": [46, 48], "uv_size": [1, 3]},
								"west": {"uv": [48, 48], "uv_size": [1, 3]},
								"up": {"uv": [37, 66], "uv_size": [1, 1]},
								"down": {"uv": [66, 51], "uv_size": [1, -1]}
							}
						},
						{
							"origin": [-0.75, 7.375, -1.75],
							"size": [1.5, 2.25, 0.75],
							"uv": {
								"north": {"uv": [12, 44], "uv_size": [1.5, 2.5]},
								"east": {"uv": [50, 48], "uv_size": [1, 2.5]},
								"south": {"uv": [31, 44], "uv_size": [1.5, 2.5]},
								"west": {"uv": [0, 51], "uv_size": [1, 2.5]},
								"up": {"uv": [62, 61], "uv_size": [1.5, 1]}
							}
						},
						{
							"origin": [0.5, 7.375, -1],
							"size": [0.25, 2.25, 6.5],
							"uv": {
								"east": {"uv": [6, 8], "uv_size": [6.5, 2.5]},
								"west": {"uv": [10, 0], "uv_size": [6.5, 2.5]},
								"down": {"uv": [23.5, 11.5], "uv_size": [-6.5, -0.5]}
							}
						},
						{
							"origin": [-0.75, 7.375, -1],
							"size": [0.25, 1.25, 6.5],
							"uv": {
								"east": {"uv": [17, 11], "uv_size": [6.5, 1.5]},
								"west": {"uv": [18, 0], "uv_size": [6.5, 1.5]},
								"up": {"uv": [19, 44], "uv_size": [0.5, 6.5]},
								"down": {"uv": [23.5, 11.5], "uv_size": [-6.5, -0.5]}
							}
						},
						{
							"origin": [-0.75, 8.625, 2.5],
							"size": [0.25, 1, 3],
							"uv": {
								"north": {"uv": [12, 72], "uv_size": [0.5, 1]},
								"east": {"uv": [49, 0], "uv_size": [3, 1]},
								"west": {"uv": [50, 8], "uv_size": [3, 1]}
							}
						},
						{
							"origin": [0.17678, 9.52145, -1.75],
							"size": [0.53033, 0.25, 0.75],
							"pivot": [0.55178, 9.64645, -1.375],
							"rotation": [0, 0, 45],
							"uv": {
								"north": {"uv": [46, 78], "uv_size": [0.5, 0.5]},
								"south": {"uv": [52, 78], "uv_size": [0.5, 0.5]},
								"up": {"uv": [72, 22], "uv_size": [0.5, 1]},
								"down": {"uv": [24, 73], "uv_size": [0.5, -1]}
							}
						},
						{
							"origin": [-0.70711, 9.52145, -1.75],
							"size": [0.53033, 0.25, 0.75],
							"pivot": [-0.55178, 9.64645, -1.375],
							"rotation": [0, 0, -45],
							"uv": {
								"north": {"uv": [54, 78], "uv_size": [0.5, 0.5]},
								"south": {"uv": [56, 78], "uv_size": [0.5, 0.5]},
								"up": {"uv": [72, 24], "uv_size": [0.5, 1]},
								"down": {"uv": [72, 27], "uv_size": [0.5, -1]}
							}
						},
						{
							"origin": [0.07008, 6.81564, -1.75],
							"size": [0.53033, 0.3125, 0.75],
							"pivot": [0, 7.27589, -1.375],
							"rotation": [0, 0, -45],
							"uv": {
								"north": {"uv": [61, 78], "uv_size": [0.5, 0.5]},
								"south": {"uv": [63, 78], "uv_size": [0.5, 0.5]},
								"down": {"uv": [72, 29], "uv_size": [0.5, -1]}
							}
						},
						{
							"origin": [-0.46025, 7.34597, -1.75],
							"size": [0.3125, 0.53033, 0.75],
							"pivot": [0, 7.27589, -1.375],
							"rotation": [0, 0, -45],
							"uv": {
								"north": {"uv": [78, 68], "uv_size": [0.5, 0.5]},
								"east": {"uv": [72, 30], "uv_size": [1, 0.5]},
								"south": {"uv": [78, 70], "uv_size": [0.5, 0.5]}
							}
						},
						{
							"origin": [-0.70711, 9.64645, 2.5],
							"size": [0.53033, 0.125, 2.75],
							"pivot": [-0.55178, 9.64645, -0.625],
							"rotation": [0, 0, -45],
							"uv": {
								"north": {"uv": [78, 72], "uv_size": [0.5, 0.5]},
								"up": {"uv": [4, 63], "uv_size": [0.5, 3]},
								"down": {"uv": [6, 66], "uv_size": [0.5, -3]}
							}
						},
						{
							"origin": [0.17678, 9.58395, -1],
							"size": [0.53033, 0.1875, 6.25],
							"pivot": [0.55178, 9.64645, -0.625],
							"rotation": [0, 0, 45],
							"uv": {
								"up": {"uv": [34, 48], "uv_size": [0.5, 6.5]},
								"down": {"uv": [42, 54.5], "uv_size": [0.5, -6.5]}
							}
						},
						{
							"origin": [0.17678, 9.45895, 5.25],
							"size": [0.53033, 0.3125, 0.25],
							"pivot": [0.55178, 9.64645, -0.375],
							"rotation": [0, 0, 45],
							"uv": {
								"north": {"uv": [73, 78], "uv_size": [0.5, 0.5]},
								"east": {"uv": [78, 74], "uv_size": [0.5, 0.5]},
								"south": {"uv": [75, 78], "uv_size": [0.5, 0.5]},
								"west": {"uv": [77, 78], "uv_size": [0.5, 0.5]},
								"up": {"uv": [0, 79], "uv_size": [0.5, 0.5]},
								"down": {"uv": [79, 0.5], "uv_size": [0.5, -0.5]}
							}
						},
						{
							"origin": [-0.70711, 9.45895, 5.25],
							"size": [0.53033, 0.3125, 0.25],
							"pivot": [-0.55178, 9.64645, -0.375],
							"rotation": [0, 0, -45],
							"uv": {
								"north": {"uv": [79, 2], "uv_size": [0.5, 0.5]},
								"east": {"uv": [79, 4], "uv_size": [0.5, 0.5]},
								"south": {"uv": [79, 10], "uv_size": [0.5, 0.5]},
								"west": {"uv": [79, 12], "uv_size": [0.5, 0.5]},
								"up": {"uv": [14, 79], "uv_size": [0.5, 0.5]},
								"down": {"uv": [79, 14.5], "uv_size": [0.5, -0.5]}
							}
						},
						{
							"origin": [-0.46025, 7.53347, -1],
							"size": [0.125, 0.34283, 3.5],
							"pivot": [0, 7.27589, -0.625],
							"rotation": [0, 0, -45],
							"uv": {
								"east": {"uv": [62, 31], "uv_size": [3.5, 0.5]},
								"west": {"uv": [62, 33], "uv_size": [3.5, 0.5]},
								"down": {"uv": [8, 65.5], "uv_size": [0.5, -3.5]}
							}
						},
						{
							"origin": [0.25758, 6.81564, -1],
							"size": [0.34283, 0.125, 3.5],
							"pivot": [0, 7.27589, -0.625],
							"rotation": [0, 0, -45],
							"uv": {
								"east": {"uv": [62, 35], "uv_size": [3.5, 0.5]},
								"up": {"uv": [10, 62], "uv_size": [0.5, 3.5]},
								"down": {"uv": [33, 65.5], "uv_size": [0.5, -3.5]}
							}
						},
						{
							"origin": [0.07008, 6.81564, 2.5],
							"size": [0.53033, 0.3125, 5],
							"pivot": [0, 7.27589, 2.875],
							"rotation": [0, 0, -45],
							"uv": {
								"north": {"uv": [16, 79], "uv_size": [0.5, 0.5]},
								"south": {"uv": [79, 16], "uv_size": [0.5, 0.5]},
								"west": {"uv": [51, 2], "uv_size": [5, 0.5]},
								"up": {"uv": [4, 51], "uv_size": [0.5, 5]},
								"down": {"uv": [6, 56], "uv_size": [0.5, -5]}
							}
						},
						{
							"origin": [-0.46025, 7.34597, 2.5],
							"size": [0.3125, 0.53033, 5],
							"pivot": [0, 7.27589, 2.875],
							"rotation": [0, 0, -45],
							"uv": {
								"north": {"uv": [18, 79], "uv_size": [0.5, 0.5]},
								"east": {"uv": [51, 4], "uv_size": [5, 0.5]},
								"south": {"uv": [79, 18], "uv_size": [0.5, 0.5]},
								"west": {"uv": [51, 6], "uv_size": [5, 0.5]},
								"up": {"uv": [12, 51], "uv_size": [0.5, 5]},
								"down": {"uv": [14, 56], "uv_size": [0.5, -5]}
							}
						},
						{
							"origin": [0.5, 7.375, 5.5],
							"size": [0.25, 0.875, 2],
							"uv": {
								"north": {"uv": [72, 32], "uv_size": [0.5, 1]},
								"east": {"uv": [53, 0], "uv_size": [2, 1]},
								"west": {"uv": [59, 32], "uv_size": [2, 1]}
							}
						},
						{
							"origin": [-0.4375, 7.46709, 7.20204],
							"size": [0.875, 0.3135, 0.7916],
							"pivot": [-0.625, 8.82065, 6.73032],
							"rotation": [-22.5, 0, 0],
							"uv": {
								"north": {"uv": [72, 34], "uv_size": [1, 0.5]},
								"east": {"uv": [35, 72], "uv_size": [1, 0.5]},
								"west": {"uv": [72, 36], "uv_size": [1, 0.5]},
								"down": {"uv": [66, 53], "uv_size": [1, -1]}
							}
						},
						{
							"origin": [-0.75, 7.77244, 5.28522],
							"size": [1.5, 1.31136, 2.7068],
							"inflate": 0.001,
							"pivot": [-0.624, 8.8125, 6.75],
							"rotation": [-22.5, 0, 0],
							"uv": {
								"north": {"uv": [51, 27], "uv_size": [1.5, 1.5]},
								"east": {"uv": [47, 26], "uv_size": [2.5, 1.5]},
								"south": {"uv": [51, 30], "uv_size": [1.5, 1.5]},
								"west": {"uv": [12, 48], "uv_size": [2.5, 1.5]},
								"up": {"uv": [34, 44], "uv_size": [1.5, 2.5]},
								"down": {"uv": [31, 50.5], "uv_size": [1.5, -2.5]}
							}
						},
						{
							"origin": [-0.75, 7.375, 5.5],
							"size": [0.25, 0.875, 2],
							"uv": {
								"north": {"uv": [72, 38], "uv_size": [0.5, 1]},
								"east": {"uv": [59, 34], "uv_size": [2, 1]},
								"west": {"uv": [59, 36], "uv_size": [2, 1]}
							}
						},
						{
							"origin": [-0.375, 9.8125, -1],
							"size": [0.75, 0.1875, 6.5],
							"uv": {
								"up": {"uv": [9, 29], "uv_size": [1, 6.5]},
								"down": {"uv": [19, 42.5], "uv_size": [1, -6.5]}
							}
						},
						{
							"origin": [-0.375, 9.0838, 5.28448],
							"size": [0.75, 0.37933, 2.70854],
							"pivot": [-0.625, 8.8125, 6.75],
							"rotation": [-22.5, 0, 0],
							"uv": {
								"north": {"uv": [20, 79], "uv_size": [0.5, 0.5]},
								"east": {"uv": [65, 16], "uv_size": [2.5, 0.5]},
								"south": {"uv": [79, 20], "uv_size": [0.5, 0.5]},
								"west": {"uv": [65, 20], "uv_size": [2.5, 0.5]},
								"up": {"uv": [22, 65], "uv_size": [0.5, 2.5]},
								"down": {"uv": [65, 24.5], "uv_size": [0.5, -2.5]}
							}
						},
						{
							"origin": [0.37159, 9.22107, 5.49717],
							"size": [0.37912, 0.75, 0.14726],
							"pivot": [0.375, 9.97107, 5.64443],
							"rotation": [0, 10, 90],
							"uv": {
								"north": {"uv": [26, 83], "uv_size": [0.5, 0.5]},
								"east": {"uv": [28, 83], "uv_size": [0.5, 0.5]},
								"south": {"uv": [30, 83], "uv_size": [0.5, 0.5]},
								"west": {"uv": [32, 83], "uv_size": [0.5, 0.5]},
								"up": {"uv": [36, 83], "uv_size": [0.5, 0.5]},
								"down": {"uv": [38, 83.5], "uv_size": [0.5, -0.5]}
							}
						},
						{
							"origin": [0.14645, 8.99101, 5.42368],
							"size": [0.50306, 0.53339, 2.70854],
							"pivot": [0.39645, 9.24101, 6.42442],
							"rotation": [-16.3249, -15.6999, -42.7342],
							"uv": {
								"north": {"uv": [83, 20], "uv_size": [0.5, 0.5]},
								"east": {"uv": [65, 39], "uv_size": [2.5, 0.5]},
								"south": {"uv": [22, 83], "uv_size": [0.5, 0.5]},
								"west": {"uv": [65, 61], "uv_size": [2.5, 0.5]},
								"up": {"uv": [52, 65], "uv_size": [0.5, 2.5]},
								"down": {"uv": [62, 67.5], "uv_size": [0.5, -2.5]}
							}
						},
						{
							"origin": [-0.64951, 8.99101, 5.42368],
							"size": [0.50306, 0.53339, 2.70854],
							"pivot": [-0.39645, 9.24101, 6.42442],
							"rotation": [-16.3249, 15.6999, 42.7342],
							"uv": {
								"north": {"uv": [83, 18], "uv_size": [0.5, 0.5]},
								"east": {"uv": [24, 65], "uv_size": [2.5, 0.5]},
								"south": {"uv": [20, 83], "uv_size": [0.5, 0.5]},
								"west": {"uv": [65, 37], "uv_size": [2.5, 0.5]},
								"up": {"uv": [35, 65], "uv_size": [0.5, 2.5]},
								"down": {"uv": [50, 67.5], "uv_size": [0.5, -2.5]}
							}
						},
						{
							"origin": [-0.375, 7, 2.5],
							"size": [0.75, 0.375, 5],
							"uv": {
								"north": {"uv": [0, 73], "uv_size": [1, 0.5]},
								"south": {"uv": [73, 0], "uv_size": [1, 0.5]},
								"up": {"uv": [38, 36], "uv_size": [1, 5]},
								"down": {"uv": [39, 7], "uv_size": [1, -5]}
							}
						},
						{
							"origin": [-0.75, 8.5, -1.0625],
							"size": [0.25, 0.25, 0.36428],
							"inflate": -0.001,
							"pivot": [-0.625, 8.75, -0.875],
							"rotation": [-45, 0, 0],
							"uv": {
								"east": {"uv": [79, 62], "uv_size": [0.5, 0.5]},
								"west": {"uv": [79, 64], "uv_size": [0.5, 0.5]},
								"up": {"uv": [65, 79], "uv_size": [0.5, 0.5]}
							}
						},
						{
							"origin": [-0.75, 8.53661, 2.28975],
							"size": [0.25, 0.25758, 0.37186],
							"inflate": -0.001,
							"pivot": [-0.625, 8.66161, 2.47411],
							"rotation": [45, 0, 0],
							"uv": {
								"east": {"uv": [79, 66], "uv_size": [0.5, 0.5]},
								"west": {"uv": [67, 79], "uv_size": [0.5, 0.5]},
								"up": {"uv": [69, 79], "uv_size": [0.5, 0.5]}
							}
						},
						{
							"origin": [-0.51961, 9.58395, -1],
							"size": [0.34283, 0.1875, 3.5],
							"pivot": [-0.55178, 9.64645, -0.625],
							"rotation": [0, 0, -45],
							"uv": {
								"east": {"uv": [62, 42], "uv_size": [3.5, 0.5]},
								"up": {"uv": [40, 62], "uv_size": [0.5, 3.5]},
								"down": {"uv": [62, 47.5], "uv_size": [0.5, -3.5]}
							}
						},
						{
							"origin": [-0.72131, 9.53381, 2.41558],
							"size": [0.312, 0.1875, 0.1875],
							"inflate": -0.001,
							"pivot": [-0.62781, 9.65881, 2.47808],
							"rotation": [0, 45, -45],
							"uv": {
								"north": {"uv": [71, 79], "uv_size": [0.5, 0.5]},
								"east": {"uv": [79, 76], "uv_size": [0.5, 0.5]},
								"up": {"uv": [79, 78], "uv_size": [0.5, 0.5]},
								"down": {"uv": [2, 80.5], "uv_size": [0.5, -0.5]}
							}
						},
						{
							"origin": [-0.72131, 9.53381, -1.10308],
							"size": [0.312, 0.1875, 0.1875],
							"inflate": -0.001,
							"pivot": [-0.62781, 9.65881, -0.97808],
							"rotation": [0, -45, -45],
							"uv": {
								"east": {"uv": [4, 80], "uv_size": [0.5, 0.5]},
								"south": {"uv": [6, 80], "uv_size": [0.5, 0.5]},
								"up": {"uv": [80, 6], "uv_size": [0.5, 0.5]},
								"down": {"uv": [8, 80.5], "uv_size": [0.5, -0.5]}
							}
						},
						{
							"origin": [-0.0625, 9.3348, 7.51571],
							"size": [0.125, 0.12771, 0.125],
							"pivot": [-0.60938, 8.8125, 6.75],
							"rotation": [-22.5, 0, 0],
							"uv": {
								"north": {"uv": [80, 8], "uv_size": [0.5, 0.5]},
								"east": {"uv": [10, 80], "uv_size": [0.5, 0.5]},
								"south": {"uv": [12, 80], "uv_size": [0.5, 0.5]},
								"west": {"uv": [80, 22], "uv_size": [0.5, 0.5]},
								"up": {"uv": [24, 80], "uv_size": [0.5, 0.5]}
							}
						}
					]
				},
				{
					"name": "group25",
					"parent": "body",
					"pivot": [-21.1875, 6.4375, 5.53569],
					"cubes": [
						{
							"origin": [-0.25, 6.5, 4.25],
							"size": [0.5, 0.1875, 0.6875],
							"pivot": [0, 6.1875, 4.1875],
							"rotation": [-45, 0, 0],
							"uv": {
								"east": {"uv": [22, 79], "uv_size": [0.5, 0.5]},
								"west": {"uv": [26, 79], "uv_size": [0.5, 0.5]},
								"up": {"uv": [28, 79], "uv_size": [0.5, 0.5]},
								"down": {"uv": [30, 79.5], "uv_size": [0.5, -0.5]}
							}
						},
						{
							"origin": [-0.25, 5.60553, 4.9343],
							"size": [0.5, 0.1875, 0.625],
							"pivot": [0, 5.73053, 5.6218],
							"rotation": [-22.5, 0, 0],
							"uv": {
								"east": {"uv": [32, 79], "uv_size": [0.5, 0.5]},
								"south": {"uv": [36, 79], "uv_size": [0.5, 0.5]},
								"west": {"uv": [38, 79], "uv_size": [0.5, 0.5]},
								"up": {"uv": [40, 79], "uv_size": [0.5, 0.5]},
								"down": {"uv": [79, 42.5], "uv_size": [0.5, -0.5]}
							}
						},
						{
							"origin": [-0.25, 5.63896, 5.51623],
							"size": [0.5, 0.1875, 1.125],
							"uv": {
								"north": {"uv": [79, 44], "uv_size": [0.5, 0.5]},
								"east": {"uv": [72, 40], "uv_size": [1, 0.5]},
								"west": {"uv": [43, 72], "uv_size": [1, 0.5]},
								"up": {"uv": [45, 72], "uv_size": [0.5, 1]},
								"down": {"uv": [47, 73], "uv_size": [0.5, -1]}
							}
						},
						{
							"origin": [-0.25, 5.74904, 6.5696],
							"size": [0.5, 0.1875, 0.4375],
							"pivot": [0, 5.87404, 6.8821],
							"rotation": [22.5, 0, 0],
							"uv": {
								"east": {"uv": [79, 46], "uv_size": [0.5, 0.5]},
								"west": {"uv": [48, 79], "uv_size": [0.5, 0.5]},
								"up": {"uv": [79, 48], "uv_size": [0.5, 0.5]},
								"down": {"uv": [50, 79.5], "uv_size": [0.5, -0.5]}
							}
						},
						{
							"origin": [-0.25, 5.92446, 6.89296],
							"size": [0.5, 0.1875, 0.3125],
							"pivot": [0, 6.04946, 7.11171],
							"rotation": [45, 0, 0],
							"uv": {
								"east": {"uv": [79, 50], "uv_size": [0.5, 0.5]},
								"west": {"uv": [79, 52], "uv_size": [0.5, 0.5]},
								"up": {"uv": [79, 54], "uv_size": [0.5, 0.5]},
								"down": {"uv": [79, 56.5], "uv_size": [0.5, -0.5]}
							}
						},
						{
							"origin": [-0.25, 6.02736, 7.07889],
							"size": [0.5, 0.8125, 0.1875],
							"uv": {
								"north": {"uv": [53, 72], "uv_size": [0.5, 1]},
								"east": {"uv": [55, 72], "uv_size": [0.5, 1]},
								"south": {"uv": [57, 72], "uv_size": [0.5, 1]},
								"west": {"uv": [62, 72], "uv_size": [0.5, 1]}
							}
						},
						{
							"origin": [-0.25, 6.8125, 6.625],
							"size": [0.5, 1.25, 1.125],
							"pivot": [0, 7.375, 6.9375],
							"rotation": [-45, 0, 0],
							"uv": {
								"north": {"uv": [20, 68], "uv_size": [0.5, 1.5]},
								"east": {"uv": [12, 63], "uv_size": [1, 1.5]},
								"south": {"uv": [30, 68], "uv_size": [0.5, 1.5]},
								"west": {"uv": [63, 12], "uv_size": [1, 1.5]},
								"down": {"uv": [64, 73], "uv_size": [0.5, -1]}
							}
						},
						{
							"origin": [-0.25, 6.1875, 4.62944],
							"size": [0.5, 0.625, 0.1875],
							"uv": {
								"east": {"uv": [58, 79], "uv_size": [0.5, 0.5]},
								"south": {"uv": [79, 58], "uv_size": [0.5, 0.5]},
								"west": {"uv": [79, 60], "uv_size": [0.5, 0.5]}
							}
						},
						{
							"origin": [-0.25, 6.69662, 3.07573],
							"size": [0.5, 0.8125, 1.9375],
							"pivot": [0, 7.38412, 3.70073],
							"rotation": [-22.5, 0, 0],
							"uv": {
								"north": {"uv": [72, 69], "uv_size": [0.5, 1]},
								"east": {"uv": [60, 12], "uv_size": [2, 1]},
								"south": {"uv": [72, 71], "uv_size": [0.5, 1]},
								"west": {"uv": [60, 14], "uv_size": [2, 1]},
								"up": {"uv": [54, 66], "uv_size": [0.5, 2]},
								"down": {"uv": [56, 68], "uv_size": [0.5, -2]}
							}
						}
					]
				},
				{
					"name": "safety",
					"parent": "m870_classic",
					"pivot": [-7.03125, 8, 0],
					"cubes": [
						{
							"origin": [-0.375, 6.68787, 6.975],
							"size": [0.75, 0.12426, 0.3],
							"uv": {
								"north": {"uv": [73, 2], "uv_size": [1, 0.5]},
								"east": {"uv": [80, 24], "uv_size": [0.5, 0.5]},
								"south": {"uv": [73, 4], "uv_size": [1, 0.5]},
								"west": {"uv": [80, 26], "uv_size": [0.5, 0.5]}
							}
						},
						{
							"origin": [-0.375, 6.68787, 6.975],
							"size": [0.75, 0.12426, 0.3],
							"pivot": [0, 6.75, 7.125],
							"rotation": [45, 0, 0],
							"uv": {
								"north": {"uv": [73, 10], "uv_size": [1, 0.5]},
								"east": {"uv": [80, 28], "uv_size": [0.5, 0.5]},
								"south": {"uv": [73, 12], "uv_size": [1, 0.5]},
								"west": {"uv": [80, 30], "uv_size": [0.5, 0.5]}
							}
						},
						{
							"origin": [-0.375, 6.6, 7.06287],
							"size": [0.75, 0.3, 0.12426],
							"uv": {
								"east": {"uv": [80, 32], "uv_size": [0.5, 0.5]},
								"west": {"uv": [34, 80], "uv_size": [0.5, 0.5]},
								"up": {"uv": [14, 73], "uv_size": [1, 0.5]},
								"down": {"uv": [73, 14.5], "uv_size": [1, -0.5]}
							}
						},
						{
							"origin": [-0.375, 6.6, 7.06287],
							"size": [0.75, 0.3, 0.12426],
							"pivot": [0, 6.75, 7.125],
							"rotation": [45, 0, 0],
							"uv": {
								"east": {"uv": [80, 34], "uv_size": [0.5, 0.5]},
								"west": {"uv": [80, 36], "uv_size": [0.5, 0.5]},
								"up": {"uv": [16, 73], "uv_size": [1, 0.5]},
								"down": {"uv": [73, 16.5], "uv_size": [1, -0.5]}
							}
						}
					]
				},
				{
					"name": "sight",
					"parent": "m870_classic",
					"pivot": [-13.1875, 0, -8],
					"cubes": [
						{
							"origin": [-0.09375, 10.0625, -22.65625],
							"size": [0.1875, 0.20313, 0.1875],
							"pivot": [0, 10.16407, -22.5625],
							"rotation": [0, -45, 0],
							"uv": {
								"north": {"uv": [73, 80], "uv_size": [0.5, 0.5]},
								"east": {"uv": [80, 74], "uv_size": [0.5, 0.5]},
								"south": {"uv": [75, 80], "uv_size": [0.5, 0.5]},
								"west": {"uv": [77, 80], "uv_size": [0.5, 0.5]},
								"up": {"uv": [79, 80], "uv_size": [0.5, 0.5]},
								"down": {"uv": [0, 81.5], "uv_size": [0.5, -0.5]}
							}
						},
						{
							"origin": [-0.0625, 9.875, -22.625],
							"size": [0.125, 0.25, 0.125],
							"pivot": [0, 10.09766, -22.5625],
							"rotation": [0, -45, 0],
							"uv": {
								"north": {"uv": [81, 0], "uv_size": [0.5, 0.5]},
								"east": {"uv": [81, 2], "uv_size": [0.5, 0.5]},
								"south": {"uv": [81, 4], "uv_size": [0.5, 0.5]},
								"west": {"uv": [81, 10], "uv_size": [0.5, 0.5]},
								"up": {"uv": [81, 12], "uv_size": [0.5, 0.5]}
							}
						}
					]
				},
				{
					"name": "group",
					"parent": "sight",
					"pivot": [-0.03125, 8.03884, -23.00437],
					"cubes": [
						{
							"origin": [-0.09375, 9.6205, -23.14931],
							"size": [0.1875, 0.1875, 0.5],
							"pivot": [-0.03125, 9.7455, -22.83681],
							"rotation": [22.5, 0, 0],
							"uv": {
								"north": {"uv": [80, 38], "uv_size": [0.5, 0.5]},
								"east": {"uv": [80, 40], "uv_size": [0.5, 0.5]},
								"west": {"uv": [42, 80], "uv_size": [0.5, 0.5]},
								"up": {"uv": [44, 80], "uv_size": [0.5, 0.5]},
								"down": {"uv": [46, 80.5], "uv_size": [0.5, -0.5]}
							}
						},
						{
							"origin": [-0.09375, 9.6875, -22.6875],
							"size": [0.1875, 0.1875, 0.25],
							"uv": {
								"east": {"uv": [52, 80], "uv_size": [0.5, 0.5]},
								"west": {"uv": [54, 80], "uv_size": [0.5, 0.5]},
								"up": {"uv": [56, 80], "uv_size": [0.5, 0.5]}
							}
						},
						{
							"origin": [-0.09375, 9.60134, -22.50437],
							"size": [0.1875, 0.1875, 0.5],
							"pivot": [-0.03125, 9.66384, -22.25437],
							"rotation": [-22.5, 0, 0],
							"uv": {
								"east": {"uv": [60, 80], "uv_size": [0.5, 0.5]},
								"south": {"uv": [62, 80], "uv_size": [0.5, 0.5]},
								"west": {"uv": [80, 68], "uv_size": [0.5, 0.5]},
								"up": {"uv": [80, 70], "uv_size": [0.5, 0.5]},
								"down": {"uv": [80, 72.5], "uv_size": [0.5, -0.5]}
							}
						}
					]
				},
				{
					"name": "screw",
					"parent": "m870_classic",
					"pivot": [-21.1875, 8.875, 7.375],
					"cubes": [
						{
							"origin": [-0.8125, 7.4375, 6.5],
							"size": [1.625, 0.25, 0.25],
							"pivot": [0, 7.875, 6.625],
							"rotation": [45, 0, 0],
							"uv": {
								"north": {"uv": [44, 68], "uv_size": [1.5, 0.5]},
								"east": {"uv": [14, 81], "uv_size": [0.5, 0.5]},
								"south": {"uv": [68, 45], "uv_size": [1.5, 0.5]},
								"west": {"uv": [81, 14], "uv_size": [0.5, 0.5]},
								"up": {"uv": [47, 68], "uv_size": [1.5, 0.5]},
								"down": {"uv": [68, 50.5], "uv_size": [1.5, -0.5]}
							}
						},
						{
							"origin": [-0.8125, 7.4375, 4.125],
							"size": [1.625, 0.25, 0.25],
							"pivot": [0, 7.875, 4.25],
							"rotation": [45, 0, 0],
							"uv": {
								"north": {"uv": [68, 52], "uv_size": [1.5, 0.5]},
								"east": {"uv": [16, 81], "uv_size": [0.5, 0.5]},
								"south": {"uv": [68, 54], "uv_size": [1.5, 0.5]},
								"west": {"uv": [81, 16], "uv_size": [0.5, 0.5]},
								"up": {"uv": [68, 56], "uv_size": [1.5, 0.5]},
								"down": {"uv": [68, 58.5], "uv_size": [1.5, -0.5]}
							}
						},
						{
							"origin": [-0.09375, 7.60539, -15.8125],
							"size": [0.1875, 0.1875, 0.1875],
							"pivot": [0, 7.69914, -15.84375],
							"rotation": [0, 0, 45],
							"uv": {
								"north": {"uv": [18, 81], "uv_size": [0.5, 0.5]},
								"east": {"uv": [81, 18], "uv_size": [0.5, 0.5]},
								"west": {"uv": [20, 81], "uv_size": [0.5, 0.5]},
								"up": {"uv": [81, 20], "uv_size": [0.5, 0.5]},
								"down": {"uv": [22, 81.5], "uv_size": [0.5, -0.5]}
							}
						}
					]
				},
				{
					"name": "slide2",
					"parent": "m870_classic",
					"pivot": [-4.28921, 8.21079, -6.1875]
				},
				{
					"name": "group9",
					"parent": "slide2",
					"pivot": [1.02329, 8.21079, -6.1875],
					"cubes": [
						{
							"origin": [-0.5003, 8.08579, -6.3125],
							"size": [0.1878, 0.375, 4.5625],
							"uv": {
								"north": {"uv": [28, 77], "uv_size": [0.5, 0.5]},
								"east": {"uv": [51, 23], "uv_size": [4.5, 0.5]},
								"west": {"uv": [51, 25], "uv_size": [4.5, 0.5]},
								"up": {"uv": [16, 51], "uv_size": [0.5, 4.5]},
								"down": {"uv": [21, 55.5], "uv_size": [0.5, -4.5]}
							}
						},
						{
							"origin": [-0.5003, 7.77329, -2.625],
							"size": [0.1878, 0.3125, 0.875],
							"uv": {
								"east": {"uv": [33, 71], "uv_size": [1, 0.5]}
							}
						},
						{
							"origin": [-0.5003, 7.92882, -3.3444],
							"size": [0.1878, 0.3125, 0.8125],
							"pivot": [-0.4064, 8.08507, -2.9694],
							"rotation": [-22.5, 0, 0],
							"uv": {
								"north": {"uv": [30, 77], "uv_size": [0.5, 0.5]},
								"east": {"uv": [37, 71], "uv_size": [1, 0.5]},
								"west": {"uv": [71, 43], "uv_size": [1, 0.5]},
								"down": {"uv": [71, 46], "uv_size": [0.5, -1]}
							}
						},
						{
							"origin": [0.3125, 8.08579, -6.3125],
							"size": [0.1878, 0.375, 4.5625],
							"uv": {
								"north": {"uv": [60, 84], "uv_size": [0.5, 0.5]},
								"east": {"uv": [59, 21], "uv_size": [4.5, 0.5]},
								"west": {"uv": [59, 23], "uv_size": [4.5, 0.5]},
								"up": {"uv": [2, 59], "uv_size": [0.5, 4.5]},
								"down": {"uv": [27, 63.5], "uv_size": [0.5, -4.5]}
							}
						},
						{
							"origin": [0.3125, 7.92882, -3.3444],
							"size": [0.1878, 0.3125, 0.8125],
							"pivot": [0.4064, 8.08507, -2.9694],
							"rotation": [-22.5, 0, 0],
							"uv": {
								"north": {"uv": [56, 84], "uv_size": [0.5, 0.5]},
								"east": {"uv": [67, 75], "uv_size": [1, 0.5]},
								"west": {"uv": [69, 75], "uv_size": [1, 0.5]},
								"down": {"uv": [71, 76], "uv_size": [0.5, -1]}
							}
						},
						{
							"origin": [0.3125, 7.77329, -2.625],
							"size": [0.1878, 0.3125, 0.875],
							"uv": {
								"west": {"uv": [75, 66], "uv_size": [1, 0.5]}
							}
						}
					]
				},
				{
					"name": "slide3",
					"parent": "slide2",
					"pivot": [-26.76137, 8.1471, -3.75],
					"cubes": [
						{
							"origin": [0.5, 7.33579, -14.375],
							"size": [0.375, 0.3753, 8.5],
							"uv": {
								"north": {"uv": [84, 28], "uv_size": [0.5, 0.5]},
								"east": {"uv": [41, 6], "uv_size": [8.5, 0.5]},
								"west": {"uv": [41, 24], "uv_size": [8.5, 0.5]},
								"up": {"uv": [21, 41], "uv_size": [0.5, 8.5]}
							}
						},
						{
							"origin": [-1, 7.71079, -14.625],
							"size": [0.4375, 0.32842, 7.9375],
							"uv": {
								"north": {"uv": [84, 32], "uv_size": [0.5, 0.5]},
								"east": {"uv": [43, 10], "uv_size": [8, 0.5]},
								"west": {"uv": [43, 17], "uv_size": [8, 0.5]},
								"down": {"uv": [2, 52], "uv_size": [0.5, -8]}
							}
						},
						{
							"origin": [0.59467, 7.28401, -14.625],
							"size": [0.375, 0.85355, 8.7375],
							"pivot": [0.07323, 7.69822, -12.375],
							"rotation": [0, 0, -45],
							"uv": {
								"north": {"uv": [9, 5], "uv_size": [0.5, 1]},
								"east": {"uv": [10, 3], "uv_size": [8.5, 1]},
								"south": {"uv": [11, 7], "uv_size": [0.5, 1]},
								"west": {"uv": [6, 11], "uv_size": [8.5, 1]},
								"up": {"uv": [8, 14], "uv_size": [0.5, 8.5]}
							}
						},
						{
							"origin": [-0.96967, 7.28401, -14.625],
							"size": [0.375, 0.85355, 8.7375],
							"pivot": [-0.07323, 7.69822, -12.375],
							"rotation": [0, 0, 45],
							"uv": {
								"north": {"uv": [15, 11], "uv_size": [0.5, 1]},
								"east": {"uv": [16, 15], "uv_size": [8.5, 1]},
								"south": {"uv": [16, 11], "uv_size": [0.5, 1]},
								"west": {"uv": [17, 2], "uv_size": [8.5, 1]},
								"up": {"uv": [0, 17], "uv_size": [0.5, 8.5]}
							}
						},
						{
							"origin": [-0.41421, 6.625, -14.625],
							"size": [0.82842, 0.625, 8.75],
							"uv": {
								"north": {"uv": [75, 58], "uv_size": [1, 0.5]},
								"south": {"uv": [59, 75], "uv_size": [1, 0.5]},
								"down": {"uv": [9, 28], "uv_size": [1, -9]}
							}
						},
						{
							"origin": [0.5625, 7.21079, -14.625],
							"size": [0.4375, 0.82842, 8.75],
							"pivot": [0, 7.625, -5.125],
							"rotation": [0, 0, 45],
							"uv": {
								"north": {"uv": [75, 60], "uv_size": [0.5, 1]},
								"south": {"uv": [75, 62], "uv_size": [0.5, 1]},
								"west": {"uv": [19, 14], "uv_size": [9, 1]}
							}
						},
						{
							"origin": [-1, 7.21079, -14.625],
							"size": [0.4375, 0.82842, 8.75],
							"pivot": [0, 7.625, -5.125],
							"rotation": [0, 0, -45],
							"uv": {
								"north": {"uv": [75, 64], "uv_size": [0.5, 1]},
								"east": {"uv": [19, 16], "uv_size": [9, 1]},
								"south": {"uv": [65, 75], "uv_size": [0.5, 1]}
							}
						},
						{
							"origin": [-1.0003, 7.21079, -14.625],
							"size": [2.0003, 0.8, 8.75],
							"uv": {
								"north": {"uv": [32, 67], "uv_size": [2, 0.5]},
								"east": {"uv": [40, 36], "uv_size": [9, 0.5]},
								"south": {"uv": [67, 32], "uv_size": [2, 0.5]},
								"west": {"uv": [40, 38], "uv_size": [9, 0.5]},
								"up": {"uv": [0, 8], "uv_size": [2, 9]},
								"down": {"uv": [3, 17], "uv_size": [2, -9]}
							}
						}
					]
				},
				{
					"name": "group2",
					"parent": "slide3",
					"pivot": [0.58579, 7.46079, -8.625]
				},
				{
					"name": "group3",
					"parent": "slide3",
					"pivot": [0.58579, 7.46079, -8.625]
				},
				{
					"name": "group4",
					"parent": "slide3",
					"pivot": [0.58579, 7.46079, -8.625]
				},
				{
					"name": "group24",
					"parent": "slide3",
					"pivot": [0.58579, 7.46079, -8.625]
				},
				{
					"name": "group26",
					"parent": "slide3",
					"pivot": [0.58579, 7.46079, -8.625]
				},
				{
					"name": "group27",
					"parent": "slide3",
					"pivot": [0.58579, 7.46079, -8.625]
				},
				{
					"name": "group28",
					"parent": "slide3",
					"pivot": [0.58579, 7.46079, -8.625]
				},
				{
					"name": "group29",
					"parent": "slide3",
					"pivot": [0.58579, 7.46079, -8.625]
				},
				{
					"name": "group30",
					"parent": "slide3",
					"pivot": [0.58579, 7.46079, -8.625]
				},
				{
					"name": "group31",
					"parent": "slide3",
					"pivot": [0.58579, 7.46079, -8.625]
				},
				{
					"name": "group32",
					"parent": "slide3",
					"pivot": [0.58579, 7.46079, -8.625]
				},
				{
					"name": "bolt",
					"parent": "slide2",
					"pivot": [-21.73928, 8.14645, 7.5]
				},
				{
					"name": "octagon",
					"parent": "bolt",
					"pivot": [-7, 8, 0],
					"cubes": [
						{
							"origin": [-0.26924, 8.4125, -1.0625],
							"size": [0.53848, 1.3, 3.5625],
							"pivot": [0, 9.0625, -0.5],
							"rotation": [0, 0, 45],
							"uv": {
								"north": {"uv": [68, 0], "uv_size": [0.5, 1.5]},
								"south": {"uv": [68, 3], "uv_size": [0.5, 1.5]},
								"up": {"uv": [0, 61], "uv_size": [0.5, 3.5]},
								"down": {"uv": [60, 64.5], "uv_size": [0.5, -3.5]}
							}
						},
						{
							"origin": [-0.26924, 8.4125, -1.0625],
							"size": [0.53848, 1.3, 3.5625],
							"uv": {
								"north": {"uv": [16, 68], "uv_size": [0.5, 1.5]},
								"south": {"uv": [18, 68], "uv_size": [0.5, 1.5]},
								"up": {"uv": [62, 0], "uv_size": [0.5, 3.5]},
								"down": {"uv": [62, 8.5], "uv_size": [0.5, -3.5]}
							}
						},
						{
							"origin": [-0.65, 8.79326, -1.0625],
							"size": [1.3, 0.53848, 3.5625],
							"pivot": [0, 9.0625, -0.5],
							"rotation": [0, 0, 45],
							"uv": {
								"north": {"uv": [68, 6], "uv_size": [1.5, 0.5]},
								"east": {"uv": [62, 10], "uv_size": [3.5, 0.5]},
								"south": {"uv": [27, 68], "uv_size": [1.5, 0.5]},
								"west": {"uv": [62, 18], "uv_size": [3.5, 0.5]}
							}
						},
						{
							"origin": [-0.65, 8.79326, -1.0625],
							"size": [1.3, 0.53848, 3.5625],
							"uv": {
								"north": {"uv": [41, 68], "uv_size": [1.5, 0.5]},
								"east": {"uv": [62, 27], "uv_size": [3.5, 0.5]},
								"south": {"uv": [68, 43], "uv_size": [1.5, 0.5]},
								"west": {"uv": [62, 29], "uv_size": [3.5, 0.5]}
							}
						},
						{
							"origin": [-0.79063, 8.99639, -1.125],
							"size": [0.42501, 0.16348, 0.5],
							"pivot": [-0.04063, 8.98391, -0.72143],
							"rotation": [0, 0, 22.5],
							"uv": {
								"north": {"uv": [32, 77], "uv_size": [0.5, 0.5]},
								"east": {"uv": [36, 77], "uv_size": [0.5, 0.5]},
								"south": {"uv": [38, 77], "uv_size": [0.5, 0.5]},
								"west": {"uv": [40, 77], "uv_size": [0.5, 0.5]},
								"up": {"uv": [77, 42], "uv_size": [0.5, 0.5]},
								"down": {"uv": [77, 44.5], "uv_size": [0.5, -0.5]}
							}
						},
						{
							"origin": [-0.76563, 8.78503, -0.70313],
							"size": [0.15001, 0.3125, 0.3125],
							"pivot": [-0.04063, 8.98391, -0.72143],
							"rotation": [45, 0, 22.5],
							"uv": {
								"north": {"uv": [77, 46], "uv_size": [0.5, 0.5]},
								"east": {"uv": [48, 77], "uv_size": [0.5, 0.5]},
								"south": {"uv": [77, 48], "uv_size": [0.5, 0.5]},
								"west": {"uv": [50, 77], "uv_size": [0.5, 0.5]},
								"up": {"uv": [77, 50], "uv_size": [0.5, 0.5]},
								"down": {"uv": [77, 52.5], "uv_size": [0.5, -0.5]}
							}
						}
					]
				},
				{
					"name": "stock",
					"parent": "m870_classic",
					"pivot": [-0.625, 7.3125, 4.75]
				},
				{
					"name": "group21",
					"parent": "stock",
					"pivot": [0.09375, 1.53833, 12.63015],
					"cubes": [
						{
							"origin": [-0.84375, 5.81958, 22.19265],
							"size": [1.6875, 1.125, 0.6875],
							"uv": {
								"north": {"uv": [63, 59], "uv_size": [1.5, 1]},
								"east": {"uv": [57, 74], "uv_size": [0.5, 1]},
								"south": {"uv": [62, 63], "uv_size": [1.5, 1]},
								"west": {"uv": [61, 74], "uv_size": [0.5, 1]},
								"up": {"uv": [69, 36], "uv_size": [1.5, 0.5]}
							}
						},
						{
							"origin": [-0.40625, 6.94458, 22.19265],
							"size": [0.8125, 0.4375, 0.6875],
							"uv": {
								"north": {"uv": [63, 74], "uv_size": [1, 0.5]},
								"south": {"uv": [74, 68], "uv_size": [1, 0.5]},
								"up": {"uv": [74, 70], "uv_size": [1, 0.5]}
							}
						},
						{
							"origin": [-0.75128, 6.84639, 22.19265],
							"size": [0.6187, 0.3125, 0.6875],
							"pivot": [-0.53883, 6.94014, 22.5364],
							"rotation": [0, 0, -45],
							"uv": {
								"north": {"uv": [81, 64], "uv_size": [0.5, 0.5]},
								"east": {"uv": [66, 81], "uv_size": [0.5, 0.5]},
								"south": {"uv": [81, 66], "uv_size": [0.5, 0.5]},
								"up": {"uv": [68, 81], "uv_size": [0.5, 0.5]}
							}
						},
						{
							"origin": [0.13258, 6.84639, 22.19265],
							"size": [0.6187, 0.3125, 0.6875],
							"pivot": [0.53883, 6.94014, 22.5364],
							"rotation": [0, 0, 45],
							"uv": {
								"north": {"uv": [70, 81], "uv_size": [0.5, 0.5]},
								"south": {"uv": [81, 76], "uv_size": [0.5, 0.5]},
								"west": {"uv": [81, 78], "uv_size": [0.5, 0.5]},
								"up": {"uv": [81, 80], "uv_size": [0.5, 0.5]}
							}
						},
						{
							"origin": [-0.84375, 2.06958, 21.63015],
							"size": [1.6875, 0.625, 0.6875],
							"uv": {
								"north": {"uv": [69, 38], "uv_size": [1.5, 0.5]},
								"east": {"uv": [2, 82], "uv_size": [0.5, 0.5]},
								"south": {"uv": [50, 69], "uv_size": [1.5, 0.5]},
								"west": {"uv": [4, 82], "uv_size": [0.5, 0.5]}
							}
						},
						{
							"origin": [-0.34375, 1.56958, 21.63015],
							"size": [0.6875, 0.5, 0.6875],
							"uv": {
								"north": {"uv": [6, 82], "uv_size": [0.5, 0.5]},
								"south": {"uv": [82, 6], "uv_size": [0.5, 0.5]},
								"down": {"uv": [8, 82.5], "uv_size": [0.5, -0.5]}
							}
						},
						{
							"origin": [-0.7734, 1.73943, 21.63015],
							"size": [0.7071, 0.375, 0.6875],
							"pivot": [-0.41005, 1.98943, 21.9739],
							"rotation": [0, 0, 45],
							"uv": {
								"north": {"uv": [82, 8], "uv_size": [0.5, 0.5]},
								"south": {"uv": [10, 82], "uv_size": [0.5, 0.5]},
								"down": {"uv": [12, 82.5], "uv_size": [0.5, -0.5]}
							}
						},
						{
							"origin": [0.0663, 1.73943, 21.63015],
							"size": [0.7071, 0.375, 0.6875],
							"pivot": [0.41005, 1.98943, 21.9739],
							"rotation": [0, 0, -45],
							"uv": {
								"north": {"uv": [82, 22], "uv_size": [0.5, 0.5]},
								"south": {"uv": [24, 82], "uv_size": [0.5, 0.5]},
								"down": {"uv": [82, 24.5], "uv_size": [0.5, -0.5]}
							}
						},
						{
							"origin": [-0.84375, 2.57294, 22.12733],
							"size": [1.6875, 3.3125, 0.6875],
							"pivot": [0, 5.47919, 22.47108],
							"rotation": [-10, 0, 0],
							"uv": {
								"north": {"uv": [9, 37], "uv_size": [1.5, 3.5]},
								"east": {"uv": [62, 49], "uv_size": [0.5, 3.5]},
								"south": {"uv": [12, 37], "uv_size": [1.5, 3.5]},
								"west": {"uv": [62, 54], "uv_size": [0.5, 3.5]}
							}
						}
					]
				},
				{
					"name": "group22",
					"parent": "stock",
					"pivot": [8, 8.84108, -5.56184],
					"cubes": [
						{
							"origin": [-0.09373, 2.29094, 19.31832],
							"size": [0.1875, 0.1875, 0.265],
							"pivot": [0.00002, 2.13469, 19.38144],
							"rotation": [22.5, 0, 0],
							"uv": {
								"east": {"uv": [82, 26], "uv_size": [0.5, 0.5]},
								"west": {"uv": [82, 28], "uv_size": [0.5, 0.5]},
								"up": {"uv": [82, 30], "uv_size": [0.5, 0.5]},
								"down": {"uv": [82, 32.5], "uv_size": [0.5, -0.5]}
							}
						},
						{
							"origin": [-0.53123, 2.29094, 18.77332],
							"size": [1.0625, 0.1875, 0.0775],
							"pivot": [0.00002, 2.13469, 19.38144],
							"rotation": [22.5, 0, 0],
							"uv": {
								"north": {"uv": [74, 72], "uv_size": [1, 0.5]},
								"east": {"uv": [34, 82], "uv_size": [0.5, 0.5]},
								"south": {"uv": [74, 74], "uv_size": [1, 0.5]},
								"west": {"uv": [82, 34], "uv_size": [0.5, 0.5]},
								"up": {"uv": [0, 75], "uv_size": [1, 0.5]},
								"down": {"uv": [75, 0.5], "uv_size": [1, -0.5]}
							}
						},
						{
							"origin": [0.53127, 2.29094, 18.77269],
							"size": [0.0625, 0.1875, 0.54626],
							"pivot": [0.00002, 2.13469, 19.38144],
							"rotation": [22.5, 0, 0],
							"uv": {
								"north": {"uv": [82, 36], "uv_size": [0.5, 0.5]},
								"east": {"uv": [82, 38], "uv_size": [0.5, 0.5]},
								"south": {"uv": [82, 40], "uv_size": [0.5, 0.5]},
								"west": {"uv": [42, 82], "uv_size": [0.5, 0.5]},
								"up": {"uv": [44, 82], "uv_size": [0.5, 0.5]},
								"down": {"uv": [46, 82.5], "uv_size": [0.5, -0.5]}
							}
						},
						{
							"origin": [-0.59373, 2.29094, 18.77269],
							"size": [0.0625, 0.1875, 0.54626],
							"pivot": [0.00002, 2.13469, 19.38144],
							"rotation": [22.5, 0, 0],
							"uv": {
								"north": {"uv": [52, 82], "uv_size": [0.5, 0.5]},
								"east": {"uv": [54, 82], "uv_size": [0.5, 0.5]},
								"south": {"uv": [56, 82], "uv_size": [0.5, 0.5]},
								"west": {"uv": [60, 82], "uv_size": [0.5, 0.5]},
								"up": {"uv": [62, 82], "uv_size": [0.5, 0.5]},
								"down": {"uv": [82, 68.5], "uv_size": [0.5, -0.5]}
							}
						},
						{
							"origin": [-0.53123, 2.29094, 19.24082],
							"size": [1.0625, 0.1875, 0.0775],
							"pivot": [0.00002, 2.13469, 19.38144],
							"rotation": [22.5, 0, 0],
							"uv": {
								"north": {"uv": [75, 2], "uv_size": [1, 0.5]},
								"east": {"uv": [82, 70], "uv_size": [0.5, 0.5]},
								"south": {"uv": [75, 4], "uv_size": [1, 0.5]},
								"west": {"uv": [72, 82], "uv_size": [0.5, 0.5]},
								"up": {"uv": [75, 10], "uv_size": [1, 0.5]},
								"down": {"uv": [75, 12.5], "uv_size": [1, -0.5]}
							}
						}
					]
				},
				{
					"name": "group23",
					"parent": "stock",
					"pivot": [-0.625, 7.3125, 4.75],
					"cubes": [
						{
							"origin": [-0.75, 2.09669, 21.29953],
							"size": [1.5, 0.97289, 0.5],
							"uv": {
								"east": {"uv": [14, 75], "uv_size": [0.5, 1]},
								"west": {"uv": [75, 14], "uv_size": [0.5, 1]}
							}
						},
						{
							"origin": [-0.67965, 1.76654, 21.29953],
							"size": [0.7071, 0.375, 0.5],
							"pivot": [-0.3163, 2.01654, 21.64328],
							"rotation": [0, 0, 45],
							"uv": {
								"north": {"uv": [82, 72], "uv_size": [0.5, 0.5]},
								"south": {"uv": [74, 82], "uv_size": [0.5, 0.5]},
								"down": {"uv": [82, 74.5], "uv_size": [0.5, -0.5]}
							}
						},
						{
							"origin": [-0.375, 9.08394, 7.99302],
							"size": [0.75, 0.37586, 5.5],
							"pivot": [-1, 8.8125, 6.75],
							"rotation": [-22.5, 0, 0],
							"uv": {
								"east": {"uv": [50, 36], "uv_size": [5.5, 0.5]},
								"west": {"uv": [50, 38], "uv_size": [5.5, 0.5]},
								"up": {"uv": [39, 50], "uv_size": [0.5, 5.5]}
							}
						},
						{
							"origin": [-0.02745, 1.76654, 21.29953],
							"size": [0.7071, 0.375, 0.5],
							"pivot": [0.3163, 2.01654, 21.64328],
							"rotation": [0, 0, -45],
							"uv": {
								"north": {"uv": [76, 82], "uv_size": [0.5, 0.5]},
								"east": {"uv": [78, 82], "uv_size": [0.5, 0.5]},
								"south": {"uv": [80, 82], "uv_size": [0.5, 0.5]},
								"down": {"uv": [82, 82.5], "uv_size": [0.5, -0.5]}
							}
						},
						{
							"origin": [-0.75, 7.77144, 7.99302],
							"size": [1.5, 1.31336, 3.9375],
							"pivot": [-0.625, 8.8125, 6.75],
							"rotation": [-22.5, 0, 0],
							"uv": {
								"east": {"uv": [36, 24], "uv_size": [4, 1.5]},
								"west": {"uv": [27, 36], "uv_size": [4, 1.5]},
								"down": {"uv": [21, 40], "uv_size": [1.5, -4]}
							}
						},
						{
							"origin": [-0.4375, 7.45894, 7.99302],
							"size": [0.875, 0.375, 2.75],
							"pivot": [-0.625, 8.8125, 6.75],
							"rotation": [-22.5, 0, 0],
							"uv": {
								"east": {"uv": [64, 0], "uv_size": [3, 0.5]},
								"west": {"uv": [64, 2], "uv_size": [3, 0.5]},
								"down": {"uv": [23, 53], "uv_size": [1, -3]}
							}
						},
						{
							"origin": [-0.66291, 6.55209, 7.37814],
							"size": [0.44194, 0.33081, 2.75],
							"pivot": [-0.61428, 6.6954, 9.31564],
							"rotation": [-16.32495, 15.69986, 42.73421],
							"uv": {
								"east": {"uv": [64, 4], "uv_size": [3, 0.5]},
								"west": {"uv": [64, 6], "uv_size": [3, 0.5]},
								"down": {"uv": [58, 66], "uv_size": [0.5, -3]}
							}
						},
						{
							"origin": [-0.75, 5.3464, 11.35001],
							"size": [1.5, 3.07476, 1.75],
							"inflate": 0.002,
							"pivot": [0.001, 5.23898, 15.02607],
							"rotation": [22.5, 0, 0],
							"uv": {
								"north": {"uv": [31, 40], "uv_size": [1.5, 3]},
								"east": {"uv": [32, 36], "uv_size": [2, 3]},
								"south": {"uv": [34, 40], "uv_size": [1.5, 3]},
								"west": {"uv": [35, 36], "uv_size": [2, 3]},
								"up": {"uv": [27, 50], "uv_size": [1.5, 2]},
								"down": {"uv": [50, 35], "uv_size": [1.5, -2]}
							}
						},
						{
							"origin": [-0.6212, 4.53301, 12.11225],
							"size": [1.05925, 1.7974, 1.05925],
							"pivot": [-0.31095, 5.43171, 12.86225],
							"rotation": [30.36119, -40.78947, -20.94102],
							"uv": {
								"north": {"uv": [60, 47], "uv_size": [1, 2]},
								"east": {"uv": [60, 50], "uv_size": [1, 2]},
								"south": {"uv": [60, 53], "uv_size": [1, 2]},
								"west": {"uv": [60, 56], "uv_size": [1, 2]},
								"up": {"uv": [10, 67], "uv_size": [1, 1]},
								"down": {"uv": [67, 11], "uv_size": [1, -1]}
							}
						},
						{
							"origin": [-0.749, 5.6589, 13.10001],
							"size": [1.498, 1.4849, 1.5625],
							"pivot": [0, 5.23898, 15.02607],
							"rotation": [22.5, 0, 0],
							"uv": {
								"north": {"uv": [59, 0], "uv_size": [1.5, 1.5]},
								"east": {"uv": [59, 3], "uv_size": [1.5, 1.5]},
								"south": {"uv": [59, 6], "uv_size": [1.5, 1.5]},
								"west": {"uv": [8, 59], "uv_size": [1.5, 1.5]},
								"up": {"uv": [59, 9], "uv_size": [1.5, 1.5]},
								"down": {"uv": [59, 19.5], "uv_size": [1.5, -1.5]}
							}
						},
						{
							"origin": [-0.749, 4.96986, 13.41888],
							"size": [1.498, 0.2974, 1],
							"uv": {
								"north": {"uv": [43, 70], "uv_size": [1.5, 0.5]},
								"east": {"uv": [32, 75], "uv_size": [1, 0.5]},
								"south": {"uv": [46, 70], "uv_size": [1.5, 0.5]},
								"west": {"uv": [36, 75], "uv_size": [1, 0.5]},
								"up": {"uv": [64, 8], "uv_size": [1.5, 1]},
								"down": {"uv": [29, 65], "uv_size": [1.5, -1]}
							}
						},
						{
							"origin": [-0.749, 4.74352, 13.04924],
							"size": [1.498, 0.29741, 0.625],
							"pivot": [0, 4.86098, 13.29924],
							"rotation": [45, 0, 0],
							"uv": {
								"north": {"uv": [70, 47], "uv_size": [1.5, 0.5]},
								"east": {"uv": [24, 84], "uv_size": [0.5, 0.5]},
								"south": {"uv": [57, 70], "uv_size": [1.5, 0.5]},
								"west": {"uv": [84, 24], "uv_size": [0.5, 0.5]},
								"up": {"uv": [70, 63], "uv_size": [1.5, 0.5]},
								"down": {"uv": [70, 65.5], "uv_size": [1.5, -0.5]}
							}
						},
						{
							"origin": [-0.4365, 3.89315, 11.02317],
							"size": [0.873, 1.625, 0.3125],
							"pivot": [0, 4.5484, 11.36592],
							"rotation": [22.5, 0, 0],
							"uv": {
								"north": {"uv": [20, 63], "uv_size": [1, 1.5]},
								"east": {"uv": [25, 69], "uv_size": [0.5, 1.5]},
								"west": {"uv": [35, 69], "uv_size": [0.5, 1.5]},
								"up": {"uv": [16, 75], "uv_size": [1, 0.5]},
								"down": {"uv": [75, 16.5], "uv_size": [1, -0.5]}
							}
						},
						{
							"origin": [-0.61801, 3.87613, 10.99435],
							"size": [0.44194, 1.625, 0.375],
							"pivot": [-0.61257, 5.25013, 11.18185],
							"rotation": [30.36119, 40.78947, 20.94102],
							"uv": {
								"north": {"uv": [70, 30], "uv_size": [0.5, 1.5]},
								"east": {"uv": [39, 70], "uv_size": [0.5, 1.5]},
								"south": {"uv": [70, 40], "uv_size": [0.5, 1.5]},
								"west": {"uv": [41, 70], "uv_size": [0.5, 1.5]},
								"down": {"uv": [84, 22.5], "uv_size": [0.5, -0.5]}
							}
						},
						{
							"origin": [-0.4365, 5.54444, 10.90707],
							"size": [0.873, 1.498, 0.375],
							"pivot": [0, 5.23094, 11.43732],
							"rotation": [45, 0, 0],
							"uv": {
								"north": {"uv": [38, 63], "uv_size": [1, 1.5]},
								"east": {"uv": [53, 69], "uv_size": [0.5, 1.5]},
								"west": {"uv": [55, 69], "uv_size": [0.5, 1.5]}
							}
						},
						{
							"origin": [-0.66221, 5.08949, 10.34719],
							"size": [0.44195, 1.498, 0.3308],
							"pivot": [-0.61257, 5.96349, 10.49049],
							"rotation": [54.73561, 30, 35.26439],
							"uv": {
								"north": {"uv": [70, 24], "uv_size": [0.5, 1.5]},
								"east": {"uv": [27, 70], "uv_size": [0.5, 1.5]},
								"west": {"uv": [70, 27], "uv_size": [0.5, 1.5]}
							}
						},
						{
							"origin": [0.17607, 3.87613, 10.99435],
							"size": [0.44194, 1.625, 0.375],
							"pivot": [0.61257, 5.25013, 11.18185],
							"rotation": [30.36119, -40.78947, -20.94102],
							"uv": {
								"north": {"uv": [2, 71], "uv_size": [0.5, 1.5]},
								"east": {"uv": [4, 71], "uv_size": [0.5, 1.5]},
								"south": {"uv": [6, 71], "uv_size": [0.5, 1.5]},
								"west": {"uv": [8, 71], "uv_size": [0.5, 1.5]},
								"down": {"uv": [84, 26.5], "uv_size": [0.5, -0.5]}
							}
						},
						{
							"origin": [0.22026, 5.08949, 10.34719],
							"size": [0.44195, 1.498, 0.3308],
							"pivot": [0.61257, 5.96349, 10.49049],
							"rotation": [54.73561, -30, -35.26439],
							"uv": {
								"north": {"uv": [66, 70], "uv_size": [0.5, 1.5]},
								"east": {"uv": [68, 70], "uv_size": [0.5, 1.5]},
								"west": {"uv": [70, 70], "uv_size": [0.5, 1.5]}
							}
						},
						{
							"origin": [0.22097, 6.55209, 7.37814],
							"size": [0.44194, 0.33081, 2.75],
							"pivot": [0.61428, 6.6954, 9.31564],
							"rotation": [-16.32495, -15.69986, -42.73421],
							"uv": {
								"east": {"uv": [42, 64], "uv_size": [3, 0.5]},
								"west": {"uv": [64, 44], "uv_size": [3, 0.5]},
								"down": {"uv": [18, 67], "uv_size": [0.5, -3]}
							}
						},
						{
							"origin": [-0.749, 5.54444, 11.21957],
							"size": [1.498, 1.748, 0.373],
							"pivot": [0, 5.23094, 11.43732],
							"rotation": [45, 0, 0],
							"uv": {
								"north": {"uv": [53, 33], "uv_size": [1.5, 1.5]},
								"east": {"uv": [0, 70], "uv_size": [0.5, 1.5]},
								"west": {"uv": [14, 70], "uv_size": [0.5, 1.5]}
							}
						},
						{
							"origin": [-0.24999, 1.5967, 21.29953],
							"size": [0.5, 0.50087, 0.5],
							"uv": {
								"east": {"uv": [0, 83], "uv_size": [0.5, 0.5]},
								"west": {"uv": [83, 0], "uv_size": [0.5, 0.5]},
								"down": {"uv": [83, 2.5], "uv_size": [0.5, -0.5]}
							}
						},
						{
							"origin": [-0.25, 1.59669, 21.0982],
							"size": [0.5, 0.50087, 0.24254],
							"pivot": [-0.25, 1.59669, 21.34074],
							"rotation": [-10, 0, 0],
							"uv": {
								"east": {"uv": [83, 4], "uv_size": [0.5, 0.5]},
								"west": {"uv": [83, 10], "uv_size": [0.5, 0.5]},
								"down": {"uv": [83, 12.5], "uv_size": [0.5, -0.5]}
							}
						},
						{
							"origin": [-0.04702, 1.63374, 12.73251],
							"size": [0.7071, 0.375, 8.51812],
							"pivot": [0, 2.03432, 20.97063],
							"rotation": [-16.32495, -15.69986, -42.73421],
							"uv": {
								"north": {"uv": [14, 83], "uv_size": [0.5, 0.5]},
								"down": {"uv": [40, 48.5], "uv_size": [0.5, -8.5]}
							}
						},
						{
							"origin": [-0.66008, 1.63374, 12.73251],
							"size": [0.7071, 0.375, 8.51812],
							"pivot": [0, 2.03432, 20.97063],
							"rotation": [-16.32495, 15.69986, 42.73421],
							"uv": {
								"north": {"uv": [83, 14], "uv_size": [0.5, 0.5]},
								"down": {"uv": [4, 49.5], "uv_size": [0.5, -8.5]}
							}
						},
						{
							"origin": [-0.24999, 1.72665, 12.75239],
							"size": [0.5, 0.50087, 8.5],
							"pivot": [0.00001, 2.04316, 20.9493],
							"rotation": [-22.5, 0, 0],
							"uv": {
								"east": {"uv": [41, 2], "uv_size": [8.5, 0.5]},
								"west": {"uv": [41, 4], "uv_size": [8.5, 0.5]},
								"down": {"uv": [6, 49.5], "uv_size": [0.5, -8.5]}
							}
						},
						{
							"origin": [-0.57197, 6.17755, 12.59378],
							"size": [0.5303, 0.375, 9.75],
							"pivot": [0.74798, 5.76008, 22.44165],
							"rotation": [-3.54, 3.5333, 44.8908],
							"uv": {
								"north": {"uv": [16, 83], "uv_size": [0.5, 0.5]},
								"west": {"uv": [36, 27], "uv_size": [9.5, 0.5]},
								"up": {"uv": [27, 39], "uv_size": [0.5, 9.5]}
							}
						},
						{
							"origin": [-0.375, 6.87879, 12.59378],
							"size": [0.75, 0.375, 9.75],
							"pivot": [0.74798, 5.76008, 22.44165],
							"rotation": [-5, 0, 0],
							"uv": {
								"up": {"uv": [3, 18], "uv_size": [1, 9.5]}
							}
						},
						{
							"origin": [0.47982, 7.23535, 12.59378],
							"size": [0.5303, 0.375, 9.75],
							"pivot": [0.74798, 5.76008, 22.44165],
							"rotation": [-3.54, -3.5333, -44.8908],
							"uv": {
								"north": {"uv": [83, 16], "uv_size": [0.5, 0.5]},
								"east": {"uv": [39, 8], "uv_size": [9.5, 0.5]},
								"south": {"uv": [18, 83], "uv_size": [0.5, 0.5]},
								"up": {"uv": [29, 39], "uv_size": [0.5, 9.5]}
							}
						},
						{
							"origin": [-0.75, 5.62881, 12.59378],
							"size": [1.5, 1.25, 9.75],
							"inflate": -0.002,
							"pivot": [0.748, 5.76008, 22.44165],
							"rotation": [-5, 0, 0],
							"uv": {
								"east": {"uv": [10, 4], "uv_size": [10, 1.5]},
								"west": {"uv": [6, 12], "uv_size": [10, 1.5]},
								"up": {"uv": [6, 15], "uv_size": [1.5, 10]}
							}
						},
						{
							"origin": [0.124, 7.11266, 10.96256],
							"size": [0.53033, 0.5, 0.875],
							"pivot": [0.374, 7.36266, 11.40006],
							"rotation": [0, 0, 45],
							"uv": {
								"north": {"uv": [81, 62], "uv_size": [0.5, 0.5]},
								"south": {"uv": [64, 81], "uv_size": [0.5, 0.5]},
								"west": {"uv": [47, 74], "uv_size": [1, 0.5]},
								"up": {"uv": [53, 74], "uv_size": [0.5, 1]},
								"down": {"uv": [55, 75], "uv_size": [0.5, -1]}
							}
						},
						{
							"origin": [-0.65433, 7.11266, 10.96256],
							"size": [0.53033, 0.5, 0.875],
							"pivot": [-0.374, 7.36266, 11.40006],
							"rotation": [0, 0, -45],
							"uv": {
								"north": {"uv": [81, 58], "uv_size": [0.5, 0.5]},
								"east": {"uv": [74, 40], "uv_size": [1, 0.5]},
								"south": {"uv": [81, 60], "uv_size": [0.5, 0.5]},
								"up": {"uv": [43, 74], "uv_size": [0.5, 1]},
								"down": {"uv": [45, 75], "uv_size": [0.5, -1]}
							}
						},
						{
							"origin": [-0.75, 7.15371, 10.96256],
							"size": [1.5, 0.1875, 0.875],
							"inflate": -0.001,
							"uv": {
								"north": {"uv": [32, 69], "uv_size": [1.5, 0.5]},
								"east": {"uv": [74, 36], "uv_size": [1, 0.5]},
								"south": {"uv": [69, 34], "uv_size": [1.5, 0.5]},
								"west": {"uv": [74, 38], "uv_size": [1, 0.5]},
								"up": {"uv": [24, 63], "uv_size": [1.5, 1]},
								"down": {"uv": [51, 64], "uv_size": [1.5, -1]}
							}
						},
						{
							"origin": [-0.374, 6.59121, 10.96256],
							"size": [0.75, 1.125, 0.875],
							"uv": {
								"north": {"uv": [60, 66], "uv_size": [1, 1]},
								"east": {"uv": [4, 67], "uv_size": [1, 1]},
								"south": {"uv": [6, 67], "uv_size": [1, 1]},
								"west": {"uv": [8, 67], "uv_size": [1, 1]},
								"up": {"uv": [67, 8], "uv_size": [1, 1]}
							}
						},
						{
							"origin": [-0.75, 6.13378, 12.13282],
							"size": [1.5, 1.27936, 0.74882],
							"inflate": -0.002,
							"pivot": [-0.001, 7.16314, 12.00664],
							"rotation": [22.5, 0, 0],
							"uv": {
								"north": {"uv": [36, 51], "uv_size": [1.5, 1.5]},
								"east": {"uv": [69, 16], "uv_size": [0.5, 1.5]},
								"south": {"uv": [51, 40], "uv_size": [1.5, 1.5]},
								"west": {"uv": [69, 19], "uv_size": [0.5, 1.5]},
								"up": {"uv": [22, 69], "uv_size": [1.5, 0.5]},
								"down": {"uv": [69, 22.5], "uv_size": [1.5, -0.5]}
							}
						},
						{
							"origin": [0.03913, 8.42007, 7.95702],
							"size": [0.53033, 0.375, 3.75],
							"pivot": [0.001, 8.30428, 8.83202],
							"rotation": [-16.3249, 15.6999, 42.7342],
							"uv": {
								"east": {"uv": [60, 16], "uv_size": [4, 0.5]},
								"south": {"uv": [81, 56], "uv_size": [0.5, 0.5]},
								"west": {"uv": [60, 25], "uv_size": [4, 0.5]},
								"up": {"uv": [22, 60], "uv_size": [0.5, 4]},
								"down": {"uv": [60, 31], "uv_size": [0.5, -4]}
							}
						},
						{
							"origin": [-0.56746, 8.42007, 7.95702],
							"size": [0.53033, 0.375, 3.75],
							"pivot": [0.001, 8.30428, 8.83202],
							"rotation": [-16.3249, -15.6999, -42.7342],
							"uv": {
								"east": {"uv": [60, 38], "uv_size": [4, 0.5]},
								"south": {"uv": [58, 81], "uv_size": [0.5, 0.5]},
								"west": {"uv": [60, 40], "uv_size": [4, 0.5]},
								"up": {"uv": [36, 60], "uv_size": [0.5, 4]},
								"down": {"uv": [60, 46], "uv_size": [0.5, -4]}
							}
						},
						{
							"origin": [-0.17753, 7.49843, 11.89103],
							"size": [0.53033, 0.375, 1],
							"pivot": [-0.00005, 7.16703, 12.01603],
							"rotation": [16.3249, -15.6999, 42.7342],
							"uv": {
								"north": {"uv": [50, 81], "uv_size": [0.5, 0.5]},
								"east": {"uv": [24, 74], "uv_size": [1, 0.5]},
								"south": {"uv": [81, 50], "uv_size": [0.5, 0.5]},
								"west": {"uv": [74, 24], "uv_size": [1, 0.5]},
								"up": {"uv": [74, 26], "uv_size": [0.5, 1]},
								"down": {"uv": [74, 29], "uv_size": [0.5, -1]}
							}
						},
						{
							"origin": [-0.3529, 7.49843, 11.89103],
							"size": [0.53033, 0.375, 1],
							"pivot": [-0.00005, 7.16703, 12.01603],
							"rotation": [16.3249, 15.6999, -42.7342],
							"uv": {
								"north": {"uv": [48, 81], "uv_size": [0.5, 0.5]},
								"east": {"uv": [74, 8], "uv_size": [1, 0.5]},
								"south": {"uv": [81, 48], "uv_size": [0.5, 0.5]},
								"west": {"uv": [10, 74], "uv_size": [1, 0.5]},
								"up": {"uv": [12, 74], "uv_size": [0.5, 1]},
								"down": {"uv": [74, 23], "uv_size": [0.5, -1]}
							}
						},
						{
							"origin": [-0.37405, 7.7043, 12.58525],
							"size": [0.75002, 0.37421, 0.17825],
							"pivot": [0.37595, 8.0793, 12.58525],
							"rotation": [9, 0, 0],
							"uv": {
								"north": {"uv": [74, 30], "uv_size": [1, 0.5]},
								"east": {"uv": [81, 52], "uv_size": [0.5, 0.5]},
								"south": {"uv": [74, 32], "uv_size": [1, 0.5]},
								"west": {"uv": [81, 54], "uv_size": [0.5, 0.5]},
								"up": {"uv": [34, 74], "uv_size": [1, 0.5]},
								"down": {"uv": [74, 34.5], "uv_size": [1, -0.5]}
							}
						},
						{
							"origin": [-0.37405, 7.41703, 11.89103],
							"size": [0.75, 0.375, 1],
							"pivot": [-0.00005, 7.16703, 12.01603],
							"rotation": [22.5, 0, 0],
							"uv": {
								"north": {"uv": [4, 74], "uv_size": [1, 0.5]},
								"east": {"uv": [6, 74], "uv_size": [1, 0.5]},
								"south": {"uv": [74, 6], "uv_size": [1, 0.5]},
								"west": {"uv": [8, 74], "uv_size": [1, 0.5]},
								"up": {"uv": [66, 58], "uv_size": [1, 1]}
							}
						},
						{
							"origin": [-0.75, 2.64243, 13.55592],
							"size": [1.5, 2.5, 8.25],
							"inflate": 0.001,
							"pivot": [0, 3.64243, 20.18092],
							"rotation": [-22.5, 0, 0],
							"uv": {
								"east": {"uv": [0, 0], "uv_size": [8.5, 2.5]},
								"west": {"uv": [0, 4], "uv_size": [8.5, 2.5]}
							}
						},
						{
							"origin": [-0.75, 4.3821, 16.19265],
							"size": [1.5, 2.5, 6],
							"uv": {
								"east": {"uv": [14, 7], "uv_size": [6, 2.5]},
								"west": {"uv": [9, 15], "uv_size": [6, 2.5]}
							}
						}
					]
				},
				{
					"name": "righthand",
					"parent": "gun_and_righthand",
					"pivot": [6, 19, 0]
				},
				{
					"name": "righthand_pos",
					"parent": "righthand",
					"pivot": [0, 8, 0]
				},
				{
					"name": "positioning2",
					"parent": "gun_and_righthand",
					"pivot": [0, 0, 0]
				},
				{
					"name": "muzzle_pos",
					"parent": "positioning2",
					"pivot": [0, 9.125, -23.25]
				},
				{
					"name": "camera",
					"pivot": [2.5, 11, 10]
				},
				{
					"name": "views",
					"pivot": [2, 12, 12]
				},
				{
					"name": "idle_view",
					"parent": "views",
					"pivot": [2.5, 11, 10]
				},
				{
					"name": "iron_view",
					"parent": "views",
					"pivot": [0, 10.25, 10]
				},
				{
					"name": "refit_view",
					"parent": "views",
					"pivot": [20, 9, -2],
					"rotation": [0, 90, 0]
				},
				{
					"name": "refit_muzzle_view",
					"parent": "views",
					"pivot": [12, 9, -26],
					"rotation": [0, 120, 0]
				},
				{
					"name": "refit_stock_view",
					"parent": "views",
					"pivot": [12, 9, 12],
					"rotation": [0, 90, 0]
				},
				{
					"name": "refit_scope_view",
					"parent": "views",
					"pivot": [10, 12, 9],
					"rotation": [0, 50, 0]
				},
				{
					"name": "refit_extended_mag_view",
					"parent": "views",
					"pivot": [12, 2.275, -25],
					"rotation": [170, 60, 180]
				},
				{
					"name": "positioning",
					"pivot": [0, 0, 0]
				},
				{
					"name": "fixed",
					"parent": "positioning",
					"pivot": [1.35, 8.275, -0.05],
					"rotation": [0, 90, 0]
				},
				{
					"name": "ground",
					"parent": "positioning",
					"pivot": [0, -4, 2]
				},
				{
					"name": "thirdperson_hand",
					"parent": "positioning",
					"pivot": [0, 6.825, 5.425]
				}
			]
		}
	]
}