{
	"format_version": "1.12.0",
	"minecraft:geometry": [
		{
			"description": {
				"identifier": "geometry.unknown",
				"texture_width": 64,
				"texture_height": 64,
				"visible_bounds_width": 5,
				"visible_bounds_height": 2.5,
				"visible_bounds_offset": [0, 0.75, 0]
			},
			"bones": [
				{
					"name": "root",
					"pivot": [0, 7.59586, 4.2814]
				},
				{
					"name": "mag_and_left_hand",
					"parent": "root",
					"pivot": [4, 7, -8]
				},
				{
					"name": "lefthand",
					"parent": "mag_and_left_hand",
					"pivot": [-6, 19, 0]
				},
				{
					"name": "lefthand_pos",
					"parent": "lefthand",
					"pivot": [0, 8, 0],
					"cubes": [
						{
							"origin": [-8, 7, -2],
							"size": [4, 12, 4],
							"uv": {
								"north": {"uv": [0, 0], "uv_size": [4, 12]},
								"east": {"uv": [4, 0], "uv_size": [4, 12]},
								"south": {"uv": [8, 0], "uv_size": [4, 12]},
								"west": {"uv": [0, 12], "uv_size": [4, 12]},
								"up": {"uv": [4, 24], "uv_size": [4, 4]},
								"down": {"uv": [8, 28], "uv_size": [4, -4]}
							}
						}
					]
				},
				{
					"name": "mag_and_bullet",
					"parent": "mag_and_left_hand",
					"pivot": [1.19395, 10.4375, -8.77845],
					"rotation": [0, 0, -45]
				},
				{
					"name": "bullet_in_mag",
					"parent": "mag_and_bullet",
					"pivot": [-2.0875, 8.828, 0.15417],
					"rotation": [90, 0, 0],
					"cubes": [
						{
							"origin": [-2.302, 8.26117, -0.06033],
							"size": [0.43, 0.801, 0.43],
							"uv": {
								"north": {"uv": [48, 14], "uv_size": [0.5, 1]},
								"east": {"uv": [15, 48], "uv_size": [0.5, 1]},
								"south": {"uv": [48, 15], "uv_size": [0.5, 1]},
								"west": {"uv": [16, 48], "uv_size": [0.5, 1]},
								"up": {"uv": [7, 49], "uv_size": [0.5, 0.5]},
								"down": {"uv": [49, 7.5], "uv_size": [0.5, -0.5]}
							}
						},
						{
							"origin": [-2.302, 8.12517, -0.06033],
							"size": [0.43, 0.059, 0.43],
							"uv": {
								"north": {"uv": [49, 8], "uv_size": [0.5, 0.5]},
								"east": {"uv": [49, 9], "uv_size": [0.5, 0.5]},
								"south": {"uv": [10, 49], "uv_size": [0.5, 0.5]},
								"west": {"uv": [11, 49], "uv_size": [0.5, 0.5]},
								"up": {"uv": [12, 49], "uv_size": [0.5, 0.5]},
								"down": {"uv": [49, 12.5], "uv_size": [0.5, -0.5]}
							}
						},
						{
							"origin": [-2.244, 8.18317, -0.00233],
							"size": [0.312, 0.078, 0.312],
							"uv": {
								"north": {"uv": [13, 49], "uv_size": [0.5, 0.5]},
								"east": {"uv": [49, 13], "uv_size": [0.5, 0.5]},
								"south": {"uv": [49, 14], "uv_size": [0.5, 0.5]},
								"west": {"uv": [15, 49], "uv_size": [0.5, 0.5]},
								"up": {"uv": [49, 15], "uv_size": [0.5, 0.5]},
								"down": {"uv": [16, 49.5], "uv_size": [0.5, -0.5]}
							}
						},
						{
							"origin": [-2.25, 9.25717, -0.00833],
							"size": [0.324, 0.156, 0.324],
							"uv": {
								"north": {"uv": [49, 16], "uv_size": [0.5, 0.5]},
								"east": {"uv": [17, 49], "uv_size": [0.5, 0.5]},
								"south": {"uv": [49, 17], "uv_size": [0.5, 0.5]},
								"west": {"uv": [18, 49], "uv_size": [0.5, 0.5]},
								"up": {"uv": [49, 18], "uv_size": [0.5, 0.5]},
								"down": {"uv": [19, 49.5], "uv_size": [0.5, -0.5]}
							}
						},
						{
							"origin": [-2.273, 9.04317, -0.03133],
							"size": [0.371, 0.215, 0.371],
							"uv": {
								"north": {"uv": [49, 19], "uv_size": [0.5, 0.5]},
								"east": {"uv": [20, 49], "uv_size": [0.5, 0.5]},
								"south": {"uv": [49, 20], "uv_size": [0.5, 0.5]},
								"west": {"uv": [21, 49], "uv_size": [0.5, 0.5]},
								"up": {"uv": [49, 21], "uv_size": [0.5, 0.5]},
								"down": {"uv": [22, 49.5], "uv_size": [0.5, -0.5]}
							}
						},
						{
							"origin": [-2.195, 9.37517, 0.04667],
							"size": [0.215, 0.137, 0.215],
							"uv": {
								"north": {"uv": [49, 22], "uv_size": [0.5, 0.5]},
								"east": {"uv": [23, 49], "uv_size": [0.5, 0.5]},
								"south": {"uv": [49, 23], "uv_size": [0.5, 0.5]},
								"west": {"uv": [24, 49], "uv_size": [0.5, 0.5]},
								"up": {"uv": [49, 24], "uv_size": [0.5, 0.5]},
								"down": {"uv": [25, 49.5], "uv_size": [0.5, -0.5]}
							}
						}
					]
				},
				{
					"name": "mag_standard",
					"parent": "mag_and_bullet",
					"pivot": [0.85, 11.10001, -8.5625],
					"rotation": [0, 0, -45],
					"cubes": [
						{
							"origin": [-3.2, 11.65312, -0.65],
							"size": [0.4, 0.2, 1.5],
							"pivot": [-2.5, 11.45312, 1.95],
							"rotation": [0, 0, 10],
							"uv": {
								"north": {"uv": [49, 25], "uv_size": [0.5, 0.5]},
								"east": {"uv": [14, 47], "uv_size": [1.5, 0.5]},
								"south": {"uv": [26, 49], "uv_size": [0.5, 0.5]},
								"west": {"uv": [47, 16], "uv_size": [1.5, 0.5]},
								"up": {"uv": [47, 17], "uv_size": [0.5, 1.5]},
								"down": {"uv": [18, 48.5], "uv_size": [0.5, -1.5]}
							}
						},
						{
							"origin": [-11, 11.25312, -0.35],
							"size": [7.9, 0.6, 1.5],
							"uv": {
								"north": {"uv": [35, 8], "uv_size": [8, 0.5]},
								"east": {"uv": [47, 19], "uv_size": [1.5, 0.5]},
								"south": {"uv": [36, 23], "uv_size": [8, 0.5]},
								"west": {"uv": [47, 20], "uv_size": [1.5, 0.5]},
								"up": {"uv": [25, 9], "uv_size": [8, 1.5]},
								"down": {"uv": [26, 21.5], "uv_size": [8, -1.5]}
							}
						},
						{
							"origin": [-11, 11.15312, -0.65],
							"size": [7.9, 0.8, 1.5],
							"uv": {
								"north": {"uv": [25, 11], "uv_size": [8, 1]},
								"east": {"uv": [44, 15], "uv_size": [1.5, 1]},
								"south": {"uv": [27, 8], "uv_size": [8, 1]},
								"west": {"uv": [44, 20], "uv_size": [1.5, 1]},
								"up": {"uv": [26, 22], "uv_size": [8, 1.5]},
								"down": {"uv": [26, 25.5], "uv_size": [8, -1.5]}
							}
						},
						{
							"origin": [-3.1, 11.10312, -0.65],
							"size": [0.4, 0.2, 1.5],
							"pivot": [-3.4, 10.90312, 1.95],
							"rotation": [0, 0, -10],
							"uv": {
								"north": {"uv": [49, 26], "uv_size": [0.5, 0.5]},
								"east": {"uv": [47, 21], "uv_size": [1.5, 0.5]},
								"south": {"uv": [27, 49], "uv_size": [0.5, 0.5]},
								"west": {"uv": [47, 23], "uv_size": [1.5, 0.5]},
								"up": {"uv": [47, 24], "uv_size": [0.5, 1.5]},
								"down": {"uv": [47, 27.5], "uv_size": [0.5, -1.5]}
							}
						},
						{
							"origin": [-11.2, 11.10312, -0.75],
							"size": [0.2, 0.9, 2],
							"uv": {
								"north": {"uv": [17, 48], "uv_size": [0.5, 1]},
								"east": {"uv": [42, 33], "uv_size": [2, 1]},
								"south": {"uv": [48, 17], "uv_size": [0.5, 1]},
								"west": {"uv": [8, 43], "uv_size": [2, 1]},
								"up": {"uv": [45, 10], "uv_size": [0.5, 2]},
								"down": {"uv": [45, 23], "uv_size": [0.5, -2]}
							}
						}
					]
				},
				{
					"name": "gun_and_righthand",
					"parent": "root",
					"pivot": [6, 19, 0]
				},
				{
					"name": "mp28",
					"parent": "gun_and_righthand",
					"pivot": [0, 7.59586, 4.2814]
				},
				{
					"name": "upper",
					"parent": "mp28",
					"pivot": [0, 7.45313, 3.3125]
				},
				{
					"name": "rearsight",
					"parent": "upper",
					"pivot": [0, 7.45313, 3.3125],
					"cubes": [
						{
							"origin": [-0.2, 7.85313, 3.9125],
							"size": [0.4, 0.1, 1.6],
							"uv": {
								"north": {"uv": [49, 27], "uv_size": [0.5, 0.5]},
								"east": {"uv": [47, 28], "uv_size": [1.5, 0.5]},
								"south": {"uv": [28, 49], "uv_size": [0.5, 0.5]},
								"west": {"uv": [47, 30], "uv_size": [1.5, 0.5]},
								"up": {"uv": [47, 31], "uv_size": [0.5, 1.5]},
								"down": {"uv": [47, 35.5], "uv_size": [0.5, -1.5]}
							}
						},
						{
							"origin": [-0.2, 7.95313, 5.1125],
							"size": [0.05, 0.05, 0.1],
							"uv": {
								"north": {"uv": [49, 28], "uv_size": [0.5, 0.5]},
								"east": {"uv": [29, 49], "uv_size": [0.5, 0.5]},
								"south": {"uv": [49, 29], "uv_size": [0.5, 0.5]},
								"west": {"uv": [30, 49], "uv_size": [0.5, 0.5]},
								"up": {"uv": [49, 30], "uv_size": [0.5, 0.5]},
								"down": {"uv": [31, 49.5], "uv_size": [0.5, -0.5]}
							}
						},
						{
							"origin": [-0.2, 7.95313, 4.9125],
							"size": [0.05, 0.05, 0.1],
							"uv": {
								"north": {"uv": [49, 31], "uv_size": [0.5, 0.5]},
								"east": {"uv": [32, 49], "uv_size": [0.5, 0.5]},
								"south": {"uv": [49, 32], "uv_size": [0.5, 0.5]},
								"west": {"uv": [33, 49], "uv_size": [0.5, 0.5]},
								"up": {"uv": [49, 33], "uv_size": [0.5, 0.5]},
								"down": {"uv": [34, 49.5], "uv_size": [0.5, -0.5]}
							}
						},
						{
							"origin": [-0.2, 7.95313, 4.7125],
							"size": [0.05, 0.05, 0.1],
							"uv": {
								"north": {"uv": [49, 34], "uv_size": [0.5, 0.5]},
								"east": {"uv": [35, 49], "uv_size": [0.5, 0.5]},
								"south": {"uv": [49, 35], "uv_size": [0.5, 0.5]},
								"west": {"uv": [36, 49], "uv_size": [0.5, 0.5]},
								"up": {"uv": [49, 36], "uv_size": [0.5, 0.5]},
								"down": {"uv": [37, 49.5], "uv_size": [0.5, -0.5]}
							}
						},
						{
							"origin": [-0.05, 8.10313, 4.2125],
							"size": [0.05, 0.1, 0.2],
							"pivot": [-0.2, 7.70313, 3.4125],
							"rotation": [0, 0, 37.5],
							"uv": {
								"north": {"uv": [49, 37], "uv_size": [0.5, 0.5]},
								"east": {"uv": [38, 49], "uv_size": [0.5, 0.5]},
								"south": {"uv": [49, 38], "uv_size": [0.5, 0.5]},
								"west": {"uv": [39, 49], "uv_size": [0.5, 0.5]},
								"up": {"uv": [49, 39], "uv_size": [0.5, 0.5]},
								"down": {"uv": [40, 49.5], "uv_size": [0.5, -0.5]}
							}
						},
						{
							"origin": [0, 8.10313, 4.2125],
							"size": [0.05, 0.1, 0.2],
							"pivot": [0.2, 7.70313, 3.4125],
							"rotation": [0, 0, -37.5],
							"uv": {
								"north": {"uv": [49, 40], "uv_size": [0.5, 0.5]},
								"east": {"uv": [41, 49], "uv_size": [0.5, 0.5]},
								"south": {"uv": [49, 41], "uv_size": [0.5, 0.5]},
								"west": {"uv": [42, 49], "uv_size": [0.5, 0.5]},
								"up": {"uv": [49, 42], "uv_size": [0.5, 0.5]},
								"down": {"uv": [43, 49.5], "uv_size": [0.5, -0.5]}
							}
						},
						{
							"origin": [0.15, 7.95313, 4.9125],
							"size": [0.05, 0.05, 0.1],
							"uv": {
								"north": {"uv": [49, 43], "uv_size": [0.5, 0.5]},
								"east": {"uv": [44, 49], "uv_size": [0.5, 0.5]},
								"south": {"uv": [49, 44], "uv_size": [0.5, 0.5]},
								"west": {"uv": [45, 49], "uv_size": [0.5, 0.5]},
								"up": {"uv": [49, 45], "uv_size": [0.5, 0.5]},
								"down": {"uv": [46, 49.5], "uv_size": [0.5, -0.5]}
							}
						},
						{
							"origin": [0.15, 7.95313, 5.1125],
							"size": [0.05, 0.05, 0.1],
							"uv": {
								"north": {"uv": [49, 46], "uv_size": [0.5, 0.5]},
								"east": {"uv": [47, 49], "uv_size": [0.5, 0.5]},
								"south": {"uv": [49, 47], "uv_size": [0.5, 0.5]},
								"west": {"uv": [48, 49], "uv_size": [0.5, 0.5]},
								"up": {"uv": [49, 48], "uv_size": [0.5, 0.5]},
								"down": {"uv": [49, 49.5], "uv_size": [0.5, -0.5]}
							}
						},
						{
							"origin": [-0.1, 7.85313, 3.8625],
							"size": [0.2, 0.1, 0.05],
							"uv": {
								"north": {"uv": [0, 50], "uv_size": [0.5, 0.5]},
								"east": {"uv": [50, 0], "uv_size": [0.5, 0.5]},
								"south": {"uv": [1, 50], "uv_size": [0.5, 0.5]},
								"west": {"uv": [50, 1], "uv_size": [0.5, 0.5]},
								"up": {"uv": [2, 50], "uv_size": [0.5, 0.5]},
								"down": {"uv": [50, 2.5], "uv_size": [0.5, -0.5]}
							}
						},
						{
							"origin": [0.15, 7.95313, 4.7125],
							"size": [0.05, 0.05, 0.1],
							"uv": {
								"north": {"uv": [3, 50], "uv_size": [0.5, 0.5]},
								"east": {"uv": [50, 3], "uv_size": [0.5, 0.5]},
								"south": {"uv": [4, 50], "uv_size": [0.5, 0.5]},
								"west": {"uv": [50, 4], "uv_size": [0.5, 0.5]},
								"up": {"uv": [5, 50], "uv_size": [0.5, 0.5]},
								"down": {"uv": [50, 5.5], "uv_size": [0.5, -0.5]}
							}
						},
						{
							"origin": [-0.1875, 7.95, 5.375],
							"size": [0.375, 0.28125, 0.125],
							"uv": {
								"north": {"uv": [6, 50], "uv_size": [0.5, 0.5]},
								"east": {"uv": [50, 6], "uv_size": [0.5, 0.5]},
								"south": {"uv": [7, 50], "uv_size": [0.5, 0.5]},
								"west": {"uv": [50, 7], "uv_size": [0.5, 0.5]},
								"up": {"uv": [8, 50], "uv_size": [0.5, 0.5]}
							}
						},
						{
							"origin": [-0.1875, 8.30983, 5.375],
							"size": [0.0625, 0.15534, 0.125],
							"pivot": [0, 8.3875, 5.625],
							"rotation": [0, 0, 45],
							"uv": {
								"north": {"uv": [50, 8], "uv_size": [0.5, 0.5]},
								"east": {"uv": [9, 50], "uv_size": [0.5, 0.5]},
								"south": {"uv": [50, 9], "uv_size": [0.5, 0.5]},
								"west": {"uv": [10, 50], "uv_size": [0.5, 0.5]}
							}
						},
						{
							"origin": [-0.07767, 8.5125, 5.375],
							"size": [0.15534, 0.0625, 0.125],
							"uv": {
								"north": {"uv": [50, 10], "uv_size": [0.5, 0.5]},
								"south": {"uv": [11, 50], "uv_size": [0.5, 0.5]},
								"up": {"uv": [50, 11], "uv_size": [0.5, 0.5]},
								"down": {"uv": [12, 50.5], "uv_size": [0.5, -0.5]}
							}
						},
						{
							"origin": [-0.07767, 8.5125, 5.375],
							"size": [0.15534, 0.0625, 0.125],
							"pivot": [0, 8.3875, 5.625],
							"rotation": [0, 0, 45],
							"uv": {
								"north": {"uv": [50, 12], "uv_size": [0.5, 0.5]},
								"south": {"uv": [13, 50], "uv_size": [0.5, 0.5]},
								"up": {"uv": [50, 13], "uv_size": [0.5, 0.5]},
								"down": {"uv": [14, 50.5], "uv_size": [0.5, -0.5]}
							}
						},
						{
							"origin": [0.125, 8.30983, 5.375],
							"size": [0.0625, 0.15534, 0.125],
							"uv": {
								"north": {"uv": [50, 14], "uv_size": [0.5, 0.5]},
								"east": {"uv": [15, 50], "uv_size": [0.5, 0.5]},
								"south": {"uv": [50, 15], "uv_size": [0.5, 0.5]},
								"west": {"uv": [16, 50], "uv_size": [0.5, 0.5]}
							}
						},
						{
							"origin": [-0.07767, 8.2, 5.375],
							"size": [0.15534, 0.0625, 0.125],
							"pivot": [0, 8.3875, 5.625],
							"rotation": [0, 0, 45],
							"uv": {
								"north": {"uv": [50, 16], "uv_size": [0.5, 0.5]},
								"south": {"uv": [17, 50], "uv_size": [0.5, 0.5]},
								"up": {"uv": [50, 17], "uv_size": [0.5, 0.5]},
								"down": {"uv": [18, 50.5], "uv_size": [0.5, -0.5]}
							}
						},
						{
							"origin": [-0.1875, 8.23125, 5.375],
							"size": [0.07812, 0.07813, 0.125],
							"uv": {
								"north": {"uv": [50, 18], "uv_size": [0.5, 0.5]},
								"east": {"uv": [19, 50], "uv_size": [0.5, 0.5]},
								"south": {"uv": [50, 19], "uv_size": [0.5, 0.5]},
								"west": {"uv": [20, 50], "uv_size": [0.5, 0.5]},
								"up": {"uv": [50, 20], "uv_size": [0.5, 0.5]}
							}
						},
						{
							"origin": [0.125, 8.30983, 5.375],
							"size": [0.0625, 0.15534, 0.125],
							"pivot": [0, 8.3875, 5.625],
							"rotation": [0, 0, 45],
							"uv": {
								"north": {"uv": [21, 50], "uv_size": [0.5, 0.5]},
								"east": {"uv": [50, 21], "uv_size": [0.5, 0.5]},
								"south": {"uv": [22, 50], "uv_size": [0.5, 0.5]},
								"west": {"uv": [50, 22], "uv_size": [0.5, 0.5]}
							}
						},
						{
							"origin": [-0.07767, 8.2, 5.375],
							"size": [0.15534, 0.0625, 0.125],
							"uv": {
								"north": {"uv": [23, 50], "uv_size": [0.5, 0.5]},
								"south": {"uv": [50, 23], "uv_size": [0.5, 0.5]},
								"up": {"uv": [24, 50], "uv_size": [0.5, 0.5]}
							}
						},
						{
							"origin": [0.10937, 8.23125, 5.375],
							"size": [0.07813, 0.07813, 0.125],
							"uv": {
								"north": {"uv": [50, 24], "uv_size": [0.5, 0.5]},
								"east": {"uv": [25, 50], "uv_size": [0.5, 0.5]},
								"south": {"uv": [50, 25], "uv_size": [0.5, 0.5]},
								"west": {"uv": [26, 50], "uv_size": [0.5, 0.5]},
								"up": {"uv": [50, 26], "uv_size": [0.5, 0.5]}
							}
						},
						{
							"origin": [-0.1875, 8.30983, 5.375],
							"size": [0.0625, 0.15534, 0.125],
							"uv": {
								"north": {"uv": [27, 50], "uv_size": [0.5, 0.5]},
								"east": {"uv": [50, 27], "uv_size": [0.5, 0.5]},
								"south": {"uv": [28, 50], "uv_size": [0.5, 0.5]},
								"west": {"uv": [50, 28], "uv_size": [0.5, 0.5]}
							}
						}
					]
				},
				{
					"name": "barrel2",
					"parent": "upper",
					"pivot": [-6, 19, 0],
					"cubes": [
						{
							"origin": [-0.8, 6.8, -1],
							"size": [0.05, 0.5, 2],
							"pivot": [0.2, 6.8, 0],
							"rotation": [0, 0, 45],
							"uv": {
								"north": {"uv": [29, 50], "uv_size": [0.5, 0.5]},
								"east": {"uv": [45, 34], "uv_size": [2, 0.5]},
								"south": {"uv": [50, 29], "uv_size": [0.5, 0.5]},
								"west": {"uv": [45, 35], "uv_size": [2, 0.5]},
								"up": {"uv": [39, 45], "uv_size": [0.5, 2]},
								"down": {"uv": [40, 47], "uv_size": [0.5, -2]}
							}
						},
						{
							"origin": [-0.8, 6.8, 1],
							"size": [0.55, 0.5, 5.1],
							"pivot": [0.2, 6.8, 0],
							"rotation": [0, 0, 45],
							"uv": {
								"north": {"uv": [30, 50], "uv_size": [0.5, 0.5]},
								"east": {"uv": [42, 6], "uv_size": [5, 0.5]},
								"south": {"uv": [50, 30], "uv_size": [0.5, 0.5]},
								"west": {"uv": [42, 16], "uv_size": [5, 0.5]},
								"up": {"uv": [1, 42], "uv_size": [0.5, 5]},
								"down": {"uv": [12, 47], "uv_size": [0.5, -5]}
							}
						},
						{
							"origin": [-0.5, 7, 0.9],
							"size": [0.3, 0.5, 5.2],
							"uv": {
								"north": {"uv": [31, 50], "uv_size": [0.5, 0.5]},
								"east": {"uv": [42, 17], "uv_size": [5, 0.5]},
								"south": {"uv": [50, 31], "uv_size": [0.5, 0.5]},
								"west": {"uv": [42, 18], "uv_size": [5, 0.5]},
								"up": {"uv": [13, 42], "uv_size": [0.5, 5]},
								"down": {"uv": [14, 47], "uv_size": [0.5, -5]}
							}
						},
						{
							"origin": [-0.6, 7, 4.4],
							"size": [0.1, 0.2, 0.4],
							"uv": {
								"north": {"uv": [32, 50], "uv_size": [0.5, 0.5]},
								"east": {"uv": [50, 32], "uv_size": [0.5, 0.5]},
								"south": {"uv": [33, 50], "uv_size": [0.5, 0.5]},
								"west": {"uv": [50, 33], "uv_size": [0.5, 0.5]},
								"up": {"uv": [34, 50], "uv_size": [0.5, 0.5]},
								"down": {"uv": [50, 34.5], "uv_size": [0.5, -0.5]}
							}
						},
						{
							"origin": [-0.5, 7, -1],
							"size": [0.3, 0.5, 0.6],
							"uv": {
								"north": {"uv": [35, 50], "uv_size": [0.5, 0.5]},
								"east": {"uv": [50, 35], "uv_size": [0.5, 0.5]},
								"south": {"uv": [36, 50], "uv_size": [0.5, 0.5]},
								"west": {"uv": [50, 36], "uv_size": [0.5, 0.5]},
								"up": {"uv": [37, 50], "uv_size": [0.5, 0.5]},
								"down": {"uv": [50, 37.5], "uv_size": [0.5, -0.5]}
							}
						},
						{
							"origin": [-0.5, 6.7, -0.4],
							"size": [0.3, 0.5, 1.3],
							"uv": {
								"north": {"uv": [38, 50], "uv_size": [0.5, 0.5]},
								"east": {"uv": [47, 36], "uv_size": [1.5, 0.5]},
								"south": {"uv": [50, 38], "uv_size": [0.5, 0.5]},
								"west": {"uv": [47, 37], "uv_size": [1.5, 0.5]},
								"up": {"uv": [47, 38], "uv_size": [0.5, 1.5]},
								"down": {"uv": [39, 48.5], "uv_size": [0.5, -1.5]}
							}
						},
						{
							"origin": [0.2, 7, -1],
							"size": [0.3, 0.5, 7.1],
							"uv": {
								"north": {"uv": [39, 50], "uv_size": [0.5, 0.5]},
								"east": {"uv": [32, 37], "uv_size": [7, 0.5]},
								"south": {"uv": [50, 39], "uv_size": [0.5, 0.5]},
								"west": {"uv": [32, 38], "uv_size": [7, 0.5]},
								"up": {"uv": [4, 37], "uv_size": [0.5, 7]},
								"down": {"uv": [5, 44], "uv_size": [0.5, -7]}
							}
						},
						{
							"origin": [-0.15, 7.35, -1],
							"size": [0.3, 0.5, 7.1],
							"uv": {
								"north": {"uv": [40, 50], "uv_size": [0.5, 0.5]},
								"east": {"uv": [38, 34], "uv_size": [7, 0.5]},
								"south": {"uv": [50, 40], "uv_size": [0.5, 0.5]},
								"west": {"uv": [38, 35], "uv_size": [7, 0.5]},
								"up": {"uv": [24, 37], "uv_size": [0.5, 7]},
								"down": {"uv": [25, 44], "uv_size": [0.5, -7]}
							}
						},
						{
							"origin": [0.25, 6.8, -1],
							"size": [0.55, 0.5, 7.1],
							"pivot": [-0.2, 6.8, 0],
							"rotation": [0, 0, -45],
							"uv": {
								"north": {"uv": [41, 50], "uv_size": [0.5, 0.5]},
								"east": {"uv": [38, 36], "uv_size": [7, 0.5]},
								"south": {"uv": [50, 41], "uv_size": [0.5, 0.5]},
								"west": {"uv": [39, 7], "uv_size": [7, 0.5]},
								"up": {"uv": [32, 39], "uv_size": [0.5, 7]},
								"down": {"uv": [33, 46], "uv_size": [0.5, -7]}
							}
						}
					]
				},
				{
					"name": "stock",
					"parent": "mp28",
					"pivot": [1, 2.9375, 18.8125],
					"cubes": [
						{
							"origin": [-0.375, 3.21875, 10],
							"size": [0.75, 3.0625, 8.5625],
							"pivot": [0, 5.28125, 11],
							"rotation": [-5, 0, 0],
							"uv": {
								"north": {"uv": [39, 37], "uv_size": [1, 3]},
								"east": {"uv": [16, 0], "uv_size": [8.5, 3]},
								"south": {"uv": [38, 39], "uv_size": [1, 3]},
								"west": {"uv": [16, 3], "uv_size": [8.5, 3]},
								"up": {"uv": [4, 28], "uv_size": [1, 8.5]},
								"down": {"uv": [5, 36.5], "uv_size": [1, -8.5]}
							}
						},
						{
							"origin": [-0.625, 3.21875, 10],
							"size": [1.25, 2.5625, 8.5625],
							"pivot": [0, 5.28125, 11],
							"rotation": [-5, 0, 0],
							"uv": {
								"north": {"uv": [36, 34], "uv_size": [1.5, 2.5]},
								"east": {"uv": [16, 6], "uv_size": [8.5, 2.5]},
								"south": {"uv": [0, 37], "uv_size": [1.5, 2.5]},
								"west": {"uv": [16, 9], "uv_size": [8.5, 2.5]},
								"up": {"uv": [25, 0], "uv_size": [1.5, 8.5]},
								"down": {"uv": [16, 34.5], "uv_size": [1.5, -8.5]}
							}
						},
						{
							"origin": [-0.07812, 5.81773, 10.09096],
							"size": [0.45313, 0.54688, 8.5625],
							"pivot": [0.375, 6.3646, 10.09096],
							"rotation": [-4.41721, -2.34503, -27.90955],
							"uv": {
								"north": {"uv": [42, 50], "uv_size": [0.5, 0.5]},
								"east": {"uv": [34, 26], "uv_size": [8.5, 0.5]},
								"south": {"uv": [50, 42], "uv_size": [0.5, 0.5]},
								"west": {"uv": [34, 27], "uv_size": [8.5, 0.5]},
								"up": {"uv": [16, 35], "uv_size": [0.5, 8.5]},
								"down": {"uv": [17, 43.5], "uv_size": [0.5, -8.5]}
							}
						},
						{
							"origin": [-0.375, 5.81773, 10.07534],
							"size": [0.45312, 0.54688, 8.57813],
							"pivot": [-0.375, 6.3646, 10.09096],
							"rotation": [-4.46719, 2.24821, 26.6623],
							"uv": {
								"north": {"uv": [43, 50], "uv_size": [0.5, 0.5]},
								"east": {"uv": [35, 0], "uv_size": [8.5, 0.5]},
								"south": {"uv": [50, 43], "uv_size": [0.5, 0.5]},
								"west": {"uv": [35, 1], "uv_size": [8.5, 0.5]},
								"up": {"uv": [6, 36], "uv_size": [0.5, 8.5]},
								"down": {"uv": [7, 44.5], "uv_size": [0.5, -8.5]}
							}
						},
						{
							"origin": [-0.625, 3.0625, 4.875],
							"size": [1.25, 1.64063, 13.6875],
							"inflate": 0.001,
							"pivot": [0, 4.0625, 11],
							"rotation": [-21, 0, 0],
							"uv": {
								"north": {"uv": [35, 42], "uv_size": [1.5, 1.5]},
								"east": {"uv": [20, 12], "uv_size": [13.5, 1.5]},
								"south": {"uv": [37, 42], "uv_size": [1.5, 1.5]},
								"west": {"uv": [20, 14], "uv_size": [13.5, 1.5]},
								"up": {"uv": [20, 16], "uv_size": [1.5, 13.5]},
								"down": {"uv": [22, 29.5], "uv_size": [1.5, -13.5]}
							}
						},
						{
							"origin": [-0.425, 5.4625, -6.425],
							"size": [0.85, 1.34063, 7.8875],
							"inflate": 0.001,
							"pivot": [0, 6.4625, -1.8],
							"rotation": [-1, 0, 0],
							"uv": {
								"north": {"uv": [44, 21], "uv_size": [1, 1.5]},
								"east": {"uv": [26, 26], "uv_size": [8, 1.5]},
								"south": {"uv": [22, 44], "uv_size": [1, 1.5]},
								"west": {"uv": [27, 0], "uv_size": [8, 1.5]},
								"up": {"uv": [6, 28], "uv_size": [1, 8]},
								"down": {"uv": [7, 36], "uv_size": [1, -8]}
							}
						},
						{
							"origin": [-0.625, 6.3625, -8.125],
							"size": [1.25, 0.74063, 13.8875],
							"inflate": 0.001,
							"pivot": [0.1, 6.4625, -1.8],
							"rotation": [-1, 0, 0],
							"uv": {
								"north": {"uv": [40, 47], "uv_size": [1.5, 0.5]},
								"east": {"uv": [28, 16], "uv_size": [14, 0.5]},
								"south": {"uv": [47, 40], "uv_size": [1.5, 0.5]},
								"west": {"uv": [28, 17], "uv_size": [14, 0.5]},
								"up": {"uv": [16, 12], "uv_size": [1.5, 14]},
								"down": {"uv": [18, 26], "uv_size": [1.5, -14]}
							}
						},
						{
							"origin": [-0.625, 5.8625, -8.125],
							"size": [1.25, 0.64063, 2.9875],
							"inflate": 0.001,
							"pivot": [0.1, 5.8625, -8.8],
							"rotation": [-1, 0, 0],
							"uv": {
								"north": {"uv": [47, 41], "uv_size": [1.5, 0.5]},
								"east": {"uv": [23, 44], "uv_size": [3, 0.5]},
								"south": {"uv": [42, 47], "uv_size": [1.5, 0.5]},
								"west": {"uv": [44, 23], "uv_size": [3, 0.5]},
								"up": {"uv": [34, 23], "uv_size": [1.5, 3]},
								"down": {"uv": [24, 37], "uv_size": [1.5, -3]}
							}
						},
						{
							"origin": [-0.625, 5.7625, -0.825],
							"size": [1.25, 0.59063, 6.1875],
							"inflate": 0.001,
							"pivot": [0.1, 5.6625, 0.4],
							"rotation": [-1, 0, 0],
							"uv": {
								"north": {"uv": [47, 42], "uv_size": [1.5, 0.5]},
								"east": {"uv": [40, 29], "uv_size": [6, 0.5]},
								"south": {"uv": [47, 43], "uv_size": [1.5, 0.5]},
								"west": {"uv": [40, 37], "uv_size": [6, 0.5]},
								"up": {"uv": [18, 26], "uv_size": [1.5, 6]},
								"down": {"uv": [27, 8], "uv_size": [1.5, -6]}
							}
						},
						{
							"origin": [-0.625, 5.4625, -8.125],
							"size": [1.25, 0.34063, 13.1875],
							"inflate": 0.001,
							"pivot": [0.1, 5.3625, -1.8],
							"rotation": [-1, 0, 0],
							"uv": {
								"north": {"uv": [47, 44], "uv_size": [1.5, 0.5]},
								"east": {"uv": [26, 28], "uv_size": [13, 0.5]},
								"south": {"uv": [47, 45], "uv_size": [1.5, 0.5]},
								"west": {"uv": [29, 2], "uv_size": [13, 0.5]},
								"up": {"uv": [0, 24], "uv_size": [1.5, 13]},
								"down": {"uv": [2, 37], "uv_size": [1.5, -13]}
							}
						},
						{
							"origin": [-0.425, 5.2625, -7.925],
							"size": [0.85, 0.24063, 13.6875],
							"inflate": 0.001,
							"pivot": [0, 4.8625, -1.8],
							"rotation": [-1, 0, 0],
							"uv": {
								"north": {"uv": [48, 18], "uv_size": [1, 0.5]},
								"east": {"uv": [28, 18], "uv_size": [13.5, 0.5]},
								"south": {"uv": [19, 48], "uv_size": [1, 0.5]},
								"west": {"uv": [28, 19], "uv_size": [13.5, 0.5]},
								"up": {"uv": [24, 20], "uv_size": [1, 13.5]},
								"down": {"uv": [25, 33.5], "uv_size": [1, -13.5]}
							}
						},
						{
							"origin": [-0.425, 1.2125, -10.325],
							"size": [0.85, 0.14063, 0.2875],
							"inflate": 0.001,
							"pivot": [0, 0.8125, -4.1],
							"rotation": [-46, 0, 0],
							"uv": {
								"north": {"uv": [20, 48], "uv_size": [1, 0.5]},
								"east": {"uv": [44, 50], "uv_size": [0.5, 0.5]},
								"south": {"uv": [21, 48], "uv_size": [1, 0.5]},
								"west": {"uv": [50, 44], "uv_size": [0.5, 0.5]},
								"up": {"uv": [22, 48], "uv_size": [1, 0.5]},
								"down": {"uv": [48, 22.5], "uv_size": [1, -0.5]}
							}
						},
						{
							"origin": [0.675, 5.4625, -7.925],
							"size": [0.3, 0.24063, 13.0875],
							"inflate": 0.001,
							"pivot": [0.8, 5.0625, -1.8],
							"rotation": [-0.70714, -0.70709, -44.99564],
							"uv": {
								"north": {"uv": [45, 50], "uv_size": [0.5, 0.5]},
								"east": {"uv": [29, 3], "uv_size": [13, 0.5]},
								"south": {"uv": [50, 45], "uv_size": [0.5, 0.5]},
								"west": {"uv": [29, 4], "uv_size": [13, 0.5]},
								"up": {"uv": [8, 28], "uv_size": [0.5, 13]},
								"down": {"uv": [9, 41], "uv_size": [0.5, -13]}
							}
						},
						{
							"origin": [-0.625, 2.9375, 4.875],
							"size": [1.25, 0.125, 2.20313],
							"pivot": [0, 4.0625, 11],
							"rotation": [-21, 0, 0],
							"uv": {
								"north": {"uv": [46, 47], "uv_size": [1.5, 0.5]},
								"east": {"uv": [45, 36], "uv_size": [2, 0.5]},
								"south": {"uv": [47, 46], "uv_size": [1.5, 0.5]},
								"west": {"uv": [45, 40], "uv_size": [2, 0.5]},
								"up": {"uv": [0, 40], "uv_size": [1.5, 2]},
								"down": {"uv": [30, 42], "uv_size": [1.5, -2]}
							}
						},
						{
							"origin": [-0.625, 3.98309, 7.24107],
							"size": [1.25, 0.92188, 2.17188],
							"pivot": [0, 5.02215, 7.79576],
							"rotation": [-44, 0, 0],
							"uv": {
								"north": {"uv": [44, 24], "uv_size": [1.5, 1]},
								"east": {"uv": [43, 8], "uv_size": [2, 1]},
								"south": {"uv": [44, 25], "uv_size": [1.5, 1]},
								"west": {"uv": [43, 9], "uv_size": [2, 1]},
								"up": {"uv": [34, 40], "uv_size": [1.5, 2]},
								"down": {"uv": [36, 42], "uv_size": [1.5, -2]}
							}
						},
						{
							"origin": [-0.625, 6.23309, 5.95982],
							"size": [1.25, 0.54688, 2.17188],
							"pivot": [0, 7.27215, 6.42076],
							"rotation": [-40, 0, 0],
							"uv": {
								"north": {"uv": [0, 48], "uv_size": [1.5, 0.5]},
								"east": {"uv": [45, 41], "uv_size": [2, 0.5]},
								"south": {"uv": [48, 0], "uv_size": [1.5, 0.5]},
								"west": {"uv": [45, 42], "uv_size": [2, 0.5]},
								"up": {"uv": [40, 38], "uv_size": [1.5, 2]},
								"down": {"uv": [39, 42], "uv_size": [1.5, -2]}
							}
						},
						{
							"origin": [-0.0625, 7.04117, 5.99234],
							"size": [0.4375, 0.4375, 3.46875],
							"pivot": [0.375, 7.47867, 5.99234],
							"rotation": [-34.98099, -20.77985, -26.88655],
							"uv": {
								"north": {"uv": [46, 50], "uv_size": [0.5, 0.5]},
								"east": {"uv": [27, 43], "uv_size": [3.5, 0.5]},
								"south": {"uv": [50, 46], "uv_size": [0.5, 0.5]},
								"west": {"uv": [43, 28], "uv_size": [3.5, 0.5]},
								"up": {"uv": [41, 43], "uv_size": [0.5, 3.5]},
								"down": {"uv": [44, 3.5], "uv_size": [0.5, -3.5]}
							}
						},
						{
							"origin": [-0.375, 7.04117, 5.99234],
							"size": [0.4375, 0.4375, 3.46875],
							"pivot": [-0.375, 7.47867, 5.99234],
							"rotation": [-34.66479, 21.35091, 27.76626],
							"uv": {
								"north": {"uv": [47, 50], "uv_size": [0.5, 0.5]},
								"east": {"uv": [43, 30], "uv_size": [3.5, 0.5]},
								"south": {"uv": [50, 47], "uv_size": [0.5, 0.5]},
								"west": {"uv": [43, 31], "uv_size": [3.5, 0.5]},
								"up": {"uv": [4, 44], "uv_size": [0.5, 3.5]},
								"down": {"uv": [5, 47.5], "uv_size": [0.5, -3.5]}
							}
						},
						{
							"origin": [-0.375, 6.23309, 5.95982],
							"size": [0.75, 0.92188, 2.17188],
							"pivot": [0, 7.27215, 6.42076],
							"rotation": [-40, 0, 0],
							"uv": {
								"north": {"uv": [45, 43], "uv_size": [1, 1]},
								"east": {"uv": [10, 43], "uv_size": [2, 1]},
								"south": {"uv": [45, 44], "uv_size": [1, 1]},
								"west": {"uv": [43, 10], "uv_size": [2, 1]},
								"up": {"uv": [20, 43], "uv_size": [1, 2]},
								"down": {"uv": [21, 45], "uv_size": [1, -2]}
							}
						},
						{
							"origin": [-0.375, 5.17059, 7.30357],
							"size": [0.75, 0.92188, 2.14063],
							"uv": {
								"north": {"uv": [45, 45], "uv_size": [1, 1]},
								"east": {"uv": [43, 11], "uv_size": [2, 1]},
								"south": {"uv": [46, 7], "uv_size": [1, 1]},
								"west": {"uv": [22, 43], "uv_size": [2, 1]},
								"up": {"uv": [26, 43], "uv_size": [1, 2]},
								"down": {"uv": [43, 28], "uv_size": [1, -2]}
							}
						},
						{
							"origin": [-0.625, 4.58237, 8.31977],
							"size": [1.25, 1.01563, 1.59375],
							"pivot": [0, 6.18393, 9.1557],
							"rotation": [18, 0, 0],
							"uv": {
								"north": {"uv": [44, 26], "uv_size": [1.5, 1]},
								"east": {"uv": [27, 44], "uv_size": [1.5, 1]},
								"south": {"uv": [44, 27], "uv_size": [1.5, 1]},
								"west": {"uv": [29, 44], "uv_size": [1.5, 1]},
								"up": {"uv": [42, 38], "uv_size": [1.5, 1.5]},
								"down": {"uv": [39, 43.5], "uv_size": [1.5, -1.5]}
							}
						},
						{
							"origin": [-0.375, 4.58237, 8.60102],
							"size": [0.75, 1.48438, 1.5],
							"pivot": [0, 6.18393, 9.1557],
							"rotation": [18, 0, 0],
							"uv": {
								"north": {"uv": [35, 44], "uv_size": [1, 1.5]},
								"east": {"uv": [42, 40], "uv_size": [1.5, 1.5]},
								"south": {"uv": [36, 44], "uv_size": [1, 1.5]},
								"west": {"uv": [42, 42], "uv_size": [1.5, 1.5]},
								"up": {"uv": [37, 44], "uv_size": [1, 1.5]},
								"down": {"uv": [38, 45.5], "uv_size": [1, -1.5]}
							}
						},
						{
							"origin": [0.375, 5.88023, 7.63784],
							"size": [0.51563, 0.48438, 2.26563],
							"pivot": [0.375, 6.3646, 10.09096],
							"rotation": [9.02114, -15.64142, 59.50842],
							"uv": {
								"north": {"uv": [48, 50], "uv_size": [0.5, 0.5]},
								"east": {"uv": [45, 8], "uv_size": [2.5, 0.5]},
								"south": {"uv": [50, 48], "uv_size": [0.5, 0.5]},
								"west": {"uv": [45, 9], "uv_size": [2.5, 0.5]},
								"up": {"uv": [7, 45], "uv_size": [0.5, 2.5]},
								"down": {"uv": [19, 47.5], "uv_size": [0.5, -2.5]}
							}
						},
						{
							"origin": [-0.375, 6.3646, 7.77846],
							"size": [0.53125, 0.48438, 2.14063],
							"pivot": [-0.375, 6.3646, 10.09096],
							"rotation": [-8.53251, -15.90847, 118.69438],
							"uv": {
								"north": {"uv": [49, 50], "uv_size": [0.5, 0.5]},
								"east": {"uv": [46, 10], "uv_size": [2, 0.5]},
								"south": {"uv": [50, 49], "uv_size": [0.5, 0.5]},
								"west": {"uv": [46, 11], "uv_size": [2, 0.5]},
								"up": {"uv": [46, 20], "uv_size": [0.5, 2]},
								"down": {"uv": [22, 48], "uv_size": [0.5, -2]}
							}
						},
						{
							"origin": [-0.625, 3.16695, 8.61228],
							"size": [1.25, 0.60938, 2.17188],
							"pivot": [1, 3.16695, 8.61228],
							"rotation": [6, 0, 0],
							"uv": {
								"north": {"uv": [48, 1], "uv_size": [1.5, 0.5]},
								"east": {"uv": [46, 15], "uv_size": [2, 0.5]},
								"south": {"uv": [2, 48], "uv_size": [1.5, 0.5]},
								"west": {"uv": [46, 22], "uv_size": [2, 0.5]},
								"up": {"uv": [8, 41], "uv_size": [1.5, 2]},
								"down": {"uv": [10, 43], "uv_size": [1.5, -2]}
							}
						},
						{
							"origin": [-0.625, 3.16695, 8.22165],
							"size": [1.25, 0.32813, 0.39063],
							"uv": {
								"north": {"uv": [48, 2], "uv_size": [1.5, 0.5]},
								"east": {"uv": [50, 50], "uv_size": [0.5, 0.5]},
								"south": {"uv": [48, 3], "uv_size": [1.5, 0.5]},
								"west": {"uv": [0, 51], "uv_size": [0.5, 0.5]},
								"up": {"uv": [4, 48], "uv_size": [1.5, 0.5]},
								"down": {"uv": [48, 4.5], "uv_size": [1.5, -0.5]}
							}
						},
						{
							"origin": [-0.625, 4.34375, 15.26563],
							"size": [1.25, 0.79688, 3.29688],
							"pivot": [0, 4.0625, 11],
							"rotation": [-21, 0, 0],
							"uv": {
								"north": {"uv": [44, 33], "uv_size": [1.5, 1]},
								"east": {"uv": [39, 28], "uv_size": [3.5, 1]},
								"south": {"uv": [44, 38], "uv_size": [1.5, 1]},
								"west": {"uv": [34, 39], "uv_size": [3.5, 1]},
								"up": {"uv": [12, 28], "uv_size": [1.5, 3.5]},
								"down": {"uv": [14, 31.5], "uv_size": [1.5, -3.5]}
							}
						},
						{
							"origin": [-0.625, 0.40625, 17.70313],
							"size": [1.25, 2.79688, 1.10938],
							"inflate": 0.002,
							"uv": {
								"north": {"uv": [32, 34], "uv_size": [1.5, 3]},
								"east": {"uv": [41, 40], "uv_size": [1, 3]},
								"south": {"uv": [34, 34], "uv_size": [1.5, 3]},
								"west": {"uv": [0, 42], "uv_size": [1, 3]},
								"up": {"uv": [39, 44], "uv_size": [1.5, 1]},
								"down": {"uv": [44, 40], "uv_size": [1.5, -1]}
							}
						},
						{
							"origin": [-0.625, 2.94386, 18.06881],
							"size": [1.25, 2.07813, 0.73438],
							"pivot": [1, 2.94386, 18.80318],
							"rotation": [-12, 0, 0],
							"uv": {
								"north": {"uv": [42, 2], "uv_size": [1.5, 2]},
								"east": {"uv": [46, 24], "uv_size": [0.5, 2]},
								"south": {"uv": [42, 4], "uv_size": [1.5, 2]},
								"west": {"uv": [46, 26], "uv_size": [0.5, 2]},
								"up": {"uv": [48, 5], "uv_size": [1.5, 0.5]},
								"down": {"uv": [6, 48.5], "uv_size": [1.5, -0.5]}
							}
						},
						{
							"origin": [-0.4375, 5.00636, 18.06881],
							"size": [0.875, 0.51563, 0.73438],
							"pivot": [1, 2.94386, 18.80318],
							"rotation": [-12, 0, 0],
							"uv": {
								"north": {"uv": [23, 48], "uv_size": [1, 0.5]},
								"east": {"uv": [51, 0], "uv_size": [0.5, 0.5]},
								"south": {"uv": [24, 48], "uv_size": [1, 0.5]},
								"west": {"uv": [1, 51], "uv_size": [0.5, 0.5]},
								"up": {"uv": [48, 24], "uv_size": [1, 0.5]},
								"down": {"uv": [25, 48.5], "uv_size": [1, -0.5]}
							}
						},
						{
							"origin": [0.35409, 4.88111, 18.5305],
							"size": [0.20313, 0.53125, 0.73438],
							"pivot": [0.11972, 5.15455, 18.89769],
							"rotation": [-11.2421, -4.2243, -20.33405],
							"uv": {
								"north": {"uv": [51, 1], "uv_size": [0.5, 0.5]},
								"east": {"uv": [2, 51], "uv_size": [0.5, 0.5]},
								"south": {"uv": [51, 2], "uv_size": [0.5, 0.5]},
								"west": {"uv": [3, 51], "uv_size": [0.5, 0.5]},
								"up": {"uv": [51, 3], "uv_size": [0.5, 0.5]},
								"down": {"uv": [4, 51.5], "uv_size": [0.5, -0.5]}
							}
						},
						{
							"origin": [-0.51225, 5.11131, 18.57943],
							"size": [0.20313, 0.53125, 0.73438],
							"pivot": [-0.74662, 5.38474, 18.94662],
							"rotation": [-11.27791, 4.12667, 19.84237],
							"uv": {
								"north": {"uv": [51, 4], "uv_size": [0.5, 0.5]},
								"east": {"uv": [5, 51], "uv_size": [0.5, 0.5]},
								"south": {"uv": [51, 5], "uv_size": [0.5, 0.5]},
								"west": {"uv": [6, 51], "uv_size": [0.5, 0.5]},
								"up": {"uv": [51, 6], "uv_size": [0.5, 0.5]},
								"down": {"uv": [7, 51.5], "uv_size": [0.5, -0.5]}
							}
						}
					]
				},
				{
					"name": "bone2",
					"parent": "stock",
					"pivot": [0, 6.0534, 3.12389]
				},
				{
					"name": "stock2",
					"parent": "stock",
					"pivot": [-1, 2.9375, 18.8125],
					"cubes": [
						{
							"origin": [-0.975, 5.4625, -7.925],
							"size": [0.3, 0.24063, 12.9875],
							"inflate": 0.001,
							"pivot": [-0.8, 5.0625, -1.8],
							"rotation": [-0.70714, 0.70709, 44.99564],
							"uv": {
								"north": {"uv": [51, 7], "uv_size": [0.5, 0.5]},
								"east": {"uv": [29, 5], "uv_size": [13, 0.5]},
								"south": {"uv": [8, 51], "uv_size": [0.5, 0.5]},
								"west": {"uv": [29, 6], "uv_size": [13, 0.5]},
								"up": {"uv": [10, 28], "uv_size": [0.5, 13]},
								"down": {"uv": [11, 41], "uv_size": [0.5, -13]}
							}
						},
						{
							"origin": [-0.725, 6.6625, -8.125],
							"size": [0.25, 0.24063, 7.5875],
							"inflate": 0.001,
							"pivot": [-0.2, 6.7625, -1.8],
							"rotation": [-0.70714, 0.70709, 44.99564],
							"uv": {
								"north": {"uv": [51, 8], "uv_size": [0.5, 0.5]},
								"east": {"uv": [36, 24], "uv_size": [7.5, 0.5]},
								"south": {"uv": [9, 51], "uv_size": [0.5, 0.5]},
								"west": {"uv": [36, 25], "uv_size": [7.5, 0.5]},
								"up": {"uv": [2, 37], "uv_size": [0.5, 7.5]},
								"down": {"uv": [3, 44.5], "uv_size": [0.5, -7.5]}
							}
						},
						{
							"origin": [-0.725, 6.6625, 1.075],
							"size": [0.25, 0.24063, 4.8875],
							"inflate": 0.001,
							"pivot": [-0.2, 6.7625, -1.8],
							"rotation": [-0.70714, 0.70709, 44.99564],
							"uv": {
								"north": {"uv": [51, 9], "uv_size": [0.5, 0.5]},
								"east": {"uv": [42, 19], "uv_size": [5, 0.5]},
								"south": {"uv": [10, 51], "uv_size": [0.5, 0.5]},
								"west": {"uv": [26, 42], "uv_size": [5, 0.5]},
								"up": {"uv": [15, 42], "uv_size": [0.5, 5]},
								"down": {"uv": [18, 47], "uv_size": [0.5, -5]}
							}
						}
					]
				},
				{
					"name": "mag_well",
					"parent": "mp28",
					"pivot": [0, 4.75312, 0.25],
					"cubes": [
						{
							"origin": [0.4, 4.05312, -0.75],
							"size": [0.1, 2.7, 2],
							"uv": {
								"north": {"uv": [20, 45], "uv_size": [0.5, 2.5]},
								"east": {"uv": [26, 29], "uv_size": [2, 2.5]},
								"south": {"uv": [21, 45], "uv_size": [0.5, 2.5]},
								"west": {"uv": [28, 29], "uv_size": [2, 2.5]},
								"up": {"uv": [32, 46], "uv_size": [0.5, 2]},
								"down": {"uv": [33, 48], "uv_size": [0.5, -2]}
							}
						},
						{
							"origin": [-0.5, 4.05312, -0.75],
							"size": [0.1, 2.7, 2],
							"uv": {
								"north": {"uv": [23, 45], "uv_size": [0.5, 2.5]},
								"east": {"uv": [20, 30], "uv_size": [2, 2.5]},
								"south": {"uv": [24, 45], "uv_size": [0.5, 2.5]},
								"west": {"uv": [22, 30], "uv_size": [2, 2.5]},
								"up": {"uv": [35, 46], "uv_size": [0.5, 2]},
								"down": {"uv": [36, 48], "uv_size": [0.5, -2]}
							}
						},
						{
							"origin": [-0.4, 4.05312, -0.75],
							"size": [0.8, 2.7, 0.2],
							"uv": {
								"north": {"uv": [19, 42], "uv_size": [1, 2.5]},
								"east": {"uv": [25, 45], "uv_size": [0.5, 2.5]},
								"south": {"uv": [42, 30], "uv_size": [1, 2.5]},
								"west": {"uv": [26, 45], "uv_size": [0.5, 2.5]},
								"up": {"uv": [48, 25], "uv_size": [1, 0.5]},
								"down": {"uv": [26, 48.5], "uv_size": [1, -0.5]}
							}
						},
						{
							"origin": [-0.4, 4.05312, 1.05],
							"size": [0.8, 2.7, 0.2],
							"uv": {
								"north": {"uv": [31, 42], "uv_size": [1, 2.5]},
								"east": {"uv": [27, 45], "uv_size": [0.5, 2.5]},
								"south": {"uv": [34, 42], "uv_size": [1, 2.5]},
								"west": {"uv": [28, 45], "uv_size": [0.5, 2.5]},
								"up": {"uv": [48, 26], "uv_size": [1, 0.5]},
								"down": {"uv": [27, 48.5], "uv_size": [1, -0.5]}
							}
						},
						{
							"origin": [-0.3, 4.05312, 1.25],
							"size": [0.6, 2.7, 0.1],
							"uv": {
								"north": {"uv": [29, 45], "uv_size": [0.5, 2.5]},
								"east": {"uv": [30, 45], "uv_size": [0.5, 2.5]},
								"south": {"uv": [31, 45], "uv_size": [0.5, 2.5]},
								"west": {"uv": [34, 45], "uv_size": [0.5, 2.5]},
								"up": {"uv": [51, 10], "uv_size": [0.5, 0.5]},
								"down": {"uv": [11, 51.5], "uv_size": [0.5, -0.5]}
							}
						},
						{
							"origin": [-0.3, 3.95312, 1.35],
							"size": [0.6, 2.2, 0.1],
							"pivot": [-0.9, 4.15312, 2.35],
							"rotation": [22.5, 0, 0],
							"uv": {
								"north": {"uv": [37, 46], "uv_size": [0.5, 2]},
								"east": {"uv": [46, 37], "uv_size": [0.5, 2]},
								"south": {"uv": [38, 46], "uv_size": [0.5, 2]},
								"west": {"uv": [46, 43], "uv_size": [0.5, 2]},
								"up": {"uv": [51, 11], "uv_size": [0.5, 0.5]},
								"down": {"uv": [12, 51.5], "uv_size": [0.5, -0.5]}
							}
						}
					]
				},
				{
					"name": "octagon18",
					"parent": "mag_well",
					"pivot": [-0.0214, 5.95918, 1.77671],
					"rotation": [0, 0, -90],
					"cubes": [
						{
							"origin": [-1.05905, 6.06828, 1.69815],
							"size": [0.2003, 0.20125, 0.14232],
							"pivot": [-0.40279, 6.26953, 1.69815],
							"rotation": [45, 0, 0],
							"uv": {
								"north": {"uv": [51, 12], "uv_size": [0.5, 0.5]},
								"east": {"uv": [13, 51], "uv_size": [0.5, 0.5]},
								"south": {"uv": [51, 13], "uv_size": [0.5, 0.5]},
								"west": {"uv": [14, 51], "uv_size": [0.5, 0.5]},
								"up": {"uv": [51, 14], "uv_size": [0.5, 0.5]},
								"down": {"uv": [15, 51.5], "uv_size": [0.5, -0.5]}
							}
						},
						{
							"origin": [-1.05905, 5.79819, 1.51149],
							"size": [0.2003, 0.57198, 0.2873],
							"uv": {
								"north": {"uv": [51, 15], "uv_size": [0.5, 0.5]},
								"east": {"uv": [16, 51], "uv_size": [0.5, 0.5]},
								"south": {"uv": [51, 16], "uv_size": [0.5, 0.5]},
								"west": {"uv": [17, 51], "uv_size": [0.5, 0.5]},
								"up": {"uv": [51, 17], "uv_size": [0.5, 0.5]},
								"down": {"uv": [18, 51.5], "uv_size": [0.5, -0.5]}
							}
						},
						{
							"origin": [-1.05905, 5.79819, 1.51149],
							"size": [0.2003, 0.57198, 0.2873],
							"pivot": [-0.9589, 6.08418, 1.65514],
							"rotation": [-90, 0, 0],
							"uv": {
								"north": {"uv": [51, 18], "uv_size": [0.5, 0.5]},
								"east": {"uv": [19, 51], "uv_size": [0.5, 0.5]},
								"south": {"uv": [51, 19], "uv_size": [0.5, 0.5]},
								"west": {"uv": [20, 51], "uv_size": [0.5, 0.5]},
								"up": {"uv": [51, 20], "uv_size": [0.5, 0.5]},
								"down": {"uv": [21, 51.5], "uv_size": [0.5, -0.5]}
							}
						},
						{
							"origin": [-1.05906, 5.4575, 2.07874],
							"size": [0.2003, 0.20125, 0.14232],
							"pivot": [-0.4028, 6.69921, 2.65384],
							"rotation": [-45, 0, 0],
							"uv": {
								"north": {"uv": [51, 21], "uv_size": [0.5, 0.5]},
								"east": {"uv": [22, 51], "uv_size": [0.5, 0.5]},
								"south": {"uv": [51, 22], "uv_size": [0.5, 0.5]},
								"west": {"uv": [23, 51], "uv_size": [0.5, 0.5]},
								"up": {"uv": [51, 23], "uv_size": [0.5, 0.5]},
								"down": {"uv": [24, 51.5], "uv_size": [0.5, -0.5]}
							}
						},
						{
							"origin": [-1.05906, 5.73924, 1.36918],
							"size": [0.2003, 0.20125, 0.14232],
							"pivot": [-0.4028, 5.94051, 1.36918],
							"rotation": [45, 0, 0],
							"uv": {
								"north": {"uv": [51, 24], "uv_size": [0.5, 0.5]},
								"east": {"uv": [25, 51], "uv_size": [0.5, 0.5]},
								"south": {"uv": [51, 25], "uv_size": [0.5, 0.5]},
								"west": {"uv": [26, 51], "uv_size": [0.5, 0.5]},
								"up": {"uv": [51, 26], "uv_size": [0.5, 0.5]},
								"down": {"uv": [27, 51.5], "uv_size": [0.5, -0.5]}
							}
						},
						{
							"origin": [-1.05905, 5.83988, 1.84046],
							"size": [0.2003, 0.20125, 0.14232],
							"pivot": [-0.40279, 6.04113, 1.84046],
							"rotation": [-45, 0, 0],
							"uv": {
								"north": {"uv": [51, 27], "uv_size": [0.5, 0.5]},
								"east": {"uv": [28, 51], "uv_size": [0.5, 0.5]},
								"south": {"uv": [51, 28], "uv_size": [0.5, 0.5]},
								"west": {"uv": [29, 51], "uv_size": [0.5, 0.5]},
								"up": {"uv": [51, 29], "uv_size": [0.5, 0.5]},
								"down": {"uv": [30, 51.5], "uv_size": [0.5, -0.5]}
							}
						}
					]
				},
				{
					"name": "octagon36",
					"parent": "mag_well",
					"pivot": [-0.04958, 5.8978, 1.73561],
					"rotation": [0, 0, -90],
					"cubes": [
						{
							"origin": [-0.82782, 5.97963, 1.67669],
							"size": [0.25022, 0.15094, 0.10674],
							"pivot": [-0.33563, 6.13057, 1.67669],
							"rotation": [45, 0, 0],
							"uv": {
								"north": {"uv": [51, 30], "uv_size": [0.5, 0.5]},
								"east": {"uv": [31, 51], "uv_size": [0.5, 0.5]},
								"south": {"uv": [51, 31], "uv_size": [0.5, 0.5]},
								"west": {"uv": [32, 51], "uv_size": [0.5, 0.5]},
								"up": {"uv": [51, 32], "uv_size": [0.5, 0.5]},
								"down": {"uv": [33, 51.5], "uv_size": [0.5, -0.5]}
							}
						},
						{
							"origin": [-0.82782, 5.77706, 1.53669],
							"size": [0.25022, 0.42899, 0.21548],
							"uv": {
								"north": {"uv": [51, 33], "uv_size": [0.5, 0.5]},
								"east": {"uv": [34, 51], "uv_size": [0.5, 0.5]},
								"south": {"uv": [51, 34], "uv_size": [0.5, 0.5]},
								"west": {"uv": [35, 51], "uv_size": [0.5, 0.5]},
								"up": {"uv": [51, 35], "uv_size": [0.5, 0.5]},
								"down": {"uv": [36, 51.5], "uv_size": [0.5, -0.5]}
							}
						},
						{
							"origin": [-0.82782, 5.77706, 1.53669],
							"size": [0.25022, 0.42899, 0.21548],
							"pivot": [-0.75271, 5.99155, 1.64443],
							"rotation": [-90, 0, 0],
							"uv": {
								"north": {"uv": [51, 36], "uv_size": [0.5, 0.5]},
								"east": {"uv": [37, 51], "uv_size": [0.5, 0.5]},
								"south": {"uv": [51, 37], "uv_size": [0.5, 0.5]},
								"west": {"uv": [38, 51], "uv_size": [0.5, 0.5]},
								"up": {"uv": [51, 38], "uv_size": [0.5, 0.5]},
								"down": {"uv": [39, 51.5], "uv_size": [0.5, -0.5]}
							}
						},
						{
							"origin": [-0.82783, 5.52154, 1.96213],
							"size": [0.25023, 0.15094, 0.10674],
							"pivot": [-0.33563, 6.45283, 2.39345],
							"rotation": [-45, 0, 0],
							"uv": {
								"north": {"uv": [51, 39], "uv_size": [0.5, 0.5]},
								"east": {"uv": [40, 51], "uv_size": [0.5, 0.5]},
								"south": {"uv": [51, 40], "uv_size": [0.5, 0.5]},
								"west": {"uv": [41, 51], "uv_size": [0.5, 0.5]},
								"up": {"uv": [51, 41], "uv_size": [0.5, 0.5]},
								"down": {"uv": [42, 51.5], "uv_size": [0.5, -0.5]}
							}
						},
						{
							"origin": [-0.82783, 5.73285, 1.42996],
							"size": [0.25023, 0.15094, 0.10674],
							"pivot": [-0.33563, 5.8838, 1.42996],
							"rotation": [45, 0, 0],
							"uv": {
								"north": {"uv": [51, 42], "uv_size": [0.5, 0.5]},
								"east": {"uv": [43, 51], "uv_size": [0.5, 0.5]},
								"south": {"uv": [51, 43], "uv_size": [0.5, 0.5]},
								"west": {"uv": [44, 51], "uv_size": [0.5, 0.5]},
								"up": {"uv": [51, 44], "uv_size": [0.5, 0.5]},
								"down": {"uv": [45, 51.5], "uv_size": [0.5, -0.5]}
							}
						},
						{
							"origin": [-0.82782, 5.80833, 1.78342],
							"size": [0.25022, 0.15094, 0.10674],
							"pivot": [-0.33563, 5.95927, 1.78342],
							"rotation": [-45, 0, 0],
							"uv": {
								"north": {"uv": [51, 45], "uv_size": [0.5, 0.5]},
								"east": {"uv": [46, 51], "uv_size": [0.5, 0.5]},
								"south": {"uv": [51, 46], "uv_size": [0.5, 0.5]},
								"west": {"uv": [47, 51], "uv_size": [0.5, 0.5]},
								"up": {"uv": [51, 47], "uv_size": [0.5, 0.5]},
								"down": {"uv": [48, 51.5], "uv_size": [0.5, -0.5]}
							}
						}
					]
				},
				{
					"name": "positioning2",
					"parent": "mp28",
					"pivot": [0, 0, 0]
				},
				{
					"name": "muzzle_flash",
					"parent": "positioning2",
					"pivot": [0, 7.1875, -19.5625]
				},
				{
					"name": "muzzle_pos",
					"parent": "positioning2",
					"pivot": [0, 12.5, -17.0625]
				},
				{
					"name": "laser_pos",
					"parent": "positioning2",
					"pivot": [1.25, 10.3, -6.7125],
					"rotation": [0, 0, 90]
				},
				{
					"name": "grip_pos",
					"parent": "positioning2",
					"pivot": [0, 8.875, -6.2875]
				},
				{
					"name": "scope_pos",
					"parent": "positioning2",
					"pivot": [0, 13.11875, 5.375]
				},
				{
					"name": "shell",
					"parent": "positioning2",
					"pivot": [-0.15, 7.01875, -8.3625]
				},
				{
					"name": "constraint",
					"parent": "mp28",
					"pivot": [0, 8.725, -18.3625]
				},
				{
					"name": "barrel",
					"parent": "mp28",
					"pivot": [6, 19, 0]
				},
				{
					"name": "barrel3",
					"parent": "barrel",
					"pivot": [0, 3.7, -5]
				},
				{
					"name": "octagon2",
					"parent": "barrel3",
					"pivot": [0, 3.7, -5],
					"cubes": [
						{
							"origin": [-0.16827, 6.85625, -10.1],
							"size": [0.33654, 0.125, 9.475],
							"pivot": [0, 7.2625, -2.475],
							"rotation": [0, 0, 45],
							"uv": {
								"north": {"uv": [51, 48], "uv_size": [0.5, 0.5]},
								"east": {"uv": [29, 7], "uv_size": [9.5, 0.5]},
								"south": {"uv": [49, 51], "uv_size": [0.5, 0.5]},
								"west": {"uv": [30, 29], "uv_size": [9.5, 0.5]},
								"up": {"uv": [30, 30], "uv_size": [0.5, 9.5]},
								"down": {"uv": [31, 39.5], "uv_size": [0.5, -9.5]}
							}
						},
						{
							"origin": [-0.16827, 6.85625, -10.1],
							"size": [0.33654, 0.125, 9.475],
							"uv": {
								"north": {"uv": [51, 49], "uv_size": [0.5, 0.5]},
								"east": {"uv": [32, 30], "uv_size": [9.5, 0.5]},
								"south": {"uv": [50, 51], "uv_size": [0.5, 0.5]},
								"west": {"uv": [32, 31], "uv_size": [9.5, 0.5]},
								"up": {"uv": [12, 32], "uv_size": [0.5, 9.5]},
								"down": {"uv": [13, 41.5], "uv_size": [0.5, -9.5]}
							}
						},
						{
							"origin": [-0.16827, 7.54375, -10.1],
							"size": [0.33654, 0.125, 9.475],
							"pivot": [0, 7.2625, -2.475],
							"rotation": [0, 0, 45],
							"uv": {
								"north": {"uv": [51, 50], "uv_size": [0.5, 0.5]},
								"east": {"uv": [32, 32], "uv_size": [9.5, 0.5]},
								"south": {"uv": [51, 51], "uv_size": [0.5, 0.5]},
								"west": {"uv": [33, 9], "uv_size": [9.5, 0.5]},
								"up": {"uv": [14, 32], "uv_size": [0.5, 9.5]},
								"down": {"uv": [15, 41.5], "uv_size": [0.5, -9.5]}
							}
						},
						{
							"origin": [-0.16827, 7.54375, -10.1],
							"size": [0.33654, 0.125, 9.475],
							"uv": {
								"north": {"uv": [0, 52], "uv_size": [0.5, 0.5]},
								"east": {"uv": [33, 10], "uv_size": [9.5, 0.5]},
								"south": {"uv": [52, 0], "uv_size": [0.5, 0.5]},
								"west": {"uv": [33, 11], "uv_size": [9.5, 0.5]},
								"up": {"uv": [18, 32], "uv_size": [0.5, 9.5]},
								"down": {"uv": [19, 41.5], "uv_size": [0.5, -9.5]}
							}
						},
						{
							"origin": [0.28125, 7.09423, -10.1],
							"size": [0.125, 0.33654, 9.475],
							"pivot": [0, 7.2625, -2.475],
							"rotation": [0, 0, 45],
							"uv": {
								"north": {"uv": [1, 52], "uv_size": [0.5, 0.5]},
								"east": {"uv": [32, 33], "uv_size": [9.5, 0.5]},
								"south": {"uv": [52, 1], "uv_size": [0.5, 0.5]},
								"west": {"uv": [34, 12], "uv_size": [9.5, 0.5]},
								"up": {"uv": [26, 32], "uv_size": [0.5, 9.5]},
								"down": {"uv": [27, 41.5], "uv_size": [0.5, -9.5]}
							}
						},
						{
							"origin": [0.28125, 7.09423, -10.1],
							"size": [0.125, 0.33654, 9.475],
							"uv": {
								"north": {"uv": [2, 52], "uv_size": [0.5, 0.5]},
								"east": {"uv": [34, 13], "uv_size": [9.5, 0.5]},
								"south": {"uv": [52, 2], "uv_size": [0.5, 0.5]},
								"west": {"uv": [34, 14], "uv_size": [9.5, 0.5]},
								"up": {"uv": [28, 32], "uv_size": [0.5, 9.5]},
								"down": {"uv": [29, 41.5], "uv_size": [0.5, -9.5]}
							}
						},
						{
							"origin": [-0.40625, 7.09423, -10.1],
							"size": [0.125, 0.33654, 9.475],
							"pivot": [0, 7.2625, -2.475],
							"rotation": [0, 0, 45],
							"uv": {
								"north": {"uv": [3, 52], "uv_size": [0.5, 0.5]},
								"east": {"uv": [34, 15], "uv_size": [9.5, 0.5]},
								"south": {"uv": [52, 3], "uv_size": [0.5, 0.5]},
								"west": {"uv": [34, 20], "uv_size": [9.5, 0.5]},
								"up": {"uv": [20, 33], "uv_size": [0.5, 9.5]},
								"down": {"uv": [21, 42.5], "uv_size": [0.5, -9.5]}
							}
						},
						{
							"origin": [-0.40625, 7.09423, -10.1],
							"size": [0.125, 0.33654, 9.475],
							"uv": {
								"north": {"uv": [4, 52], "uv_size": [0.5, 0.5]},
								"east": {"uv": [34, 21], "uv_size": [9.5, 0.5]},
								"south": {"uv": [52, 4], "uv_size": [0.5, 0.5]},
								"west": {"uv": [34, 22], "uv_size": [9.5, 0.5]},
								"up": {"uv": [22, 33], "uv_size": [0.5, 9.5]},
								"down": {"uv": [23, 42.5], "uv_size": [0.5, -9.5]}
							}
						}
					]
				},
				{
					"name": "octagon3",
					"parent": "barrel3",
					"pivot": [0, 3.7, -5],
					"cubes": [
						{
							"origin": [-0.20711, 6.7625, -3.975],
							"size": [0.41422, 0.125, 2.95],
							"pivot": [0, 7.2625, -2.475],
							"rotation": [0, 0, 45],
							"uv": {
								"north": {"uv": [5, 52], "uv_size": [0.5, 0.5]},
								"south": {"uv": [52, 5], "uv_size": [0.5, 0.5]},
								"down": {"uv": [44, 43], "uv_size": [0.5, -3]}
							}
						},
						{
							"origin": [-0.20711, 6.7625, -3.975],
							"size": [0.41422, 0.125, 2.95],
							"uv": {
								"north": {"uv": [6, 52], "uv_size": [0.5, 0.5]},
								"south": {"uv": [52, 6], "uv_size": [0.5, 0.5]},
								"down": {"uv": [42, 47], "uv_size": [0.5, -3]}
							}
						},
						{
							"origin": [-0.20711, 7.6375, -3.975],
							"size": [0.41422, 0.125, 2.95],
							"pivot": [0, 7.2625, -2.475],
							"rotation": [0, 0, 45],
							"uv": {
								"north": {"uv": [7, 52], "uv_size": [0.5, 0.5]},
								"south": {"uv": [52, 7], "uv_size": [0.5, 0.5]},
								"up": {"uv": [43, 44], "uv_size": [0.5, 3]}
							}
						},
						{
							"origin": [-0.20711, 7.6375, -3.975],
							"size": [0.41422, 0.125, 2.95],
							"uv": {
								"north": {"uv": [8, 52], "uv_size": [0.5, 0.5]},
								"south": {"uv": [52, 8], "uv_size": [0.5, 0.5]},
								"up": {"uv": [44, 43], "uv_size": [0.5, 3]}
							}
						},
						{
							"origin": [0.375, 7.05539, -3.975],
							"size": [0.125, 0.41422, 2.95],
							"pivot": [0, 7.2625, -2.475],
							"rotation": [0, 0, 45],
							"uv": {
								"north": {"uv": [9, 52], "uv_size": [0.5, 0.5]},
								"south": {"uv": [52, 9], "uv_size": [0.5, 0.5]},
								"west": {"uv": [45, 0], "uv_size": [3, 0.5]}
							}
						},
						{
							"origin": [0.375, 7.05539, -3.975],
							"size": [0.125, 0.41422, 2.95],
							"uv": {
								"north": {"uv": [10, 52], "uv_size": [0.5, 0.5]},
								"south": {"uv": [52, 10], "uv_size": [0.5, 0.5]},
								"west": {"uv": [45, 1], "uv_size": [3, 0.5]}
							}
						},
						{
							"origin": [-0.5, 7.05539, -3.975],
							"size": [0.125, 0.41422, 2.95],
							"pivot": [0, 7.2625, -2.475],
							"rotation": [0, 0, 45],
							"uv": {
								"north": {"uv": [11, 52], "uv_size": [0.5, 0.5]},
								"east": {"uv": [45, 2], "uv_size": [3, 0.5]},
								"south": {"uv": [52, 11], "uv_size": [0.5, 0.5]}
							}
						},
						{
							"origin": [-0.5, 7.05539, -3.975],
							"size": [0.125, 0.41422, 2.95],
							"uv": {
								"north": {"uv": [12, 52], "uv_size": [0.5, 0.5]},
								"east": {"uv": [45, 3], "uv_size": [3, 0.5]},
								"south": {"uv": [52, 12], "uv_size": [0.5, 0.5]}
							}
						}
					]
				},
				{
					"name": "foresight",
					"parent": "barrel3",
					"pivot": [0, 3.7, -5],
					"cubes": [
						{
							"origin": [-0.25888, 6.6375, -9.9125],
							"size": [0.51776, 0.25, 0.75],
							"pivot": [0, 7.2625, -9.4125],
							"rotation": [0, 0, 45],
							"uv": {
								"north": {"uv": [13, 52], "uv_size": [0.5, 0.5]},
								"south": {"uv": [52, 13], "uv_size": [0.5, 0.5]},
								"down": {"uv": [48, 28], "uv_size": [0.5, -1]}
							}
						},
						{
							"origin": [-0.25888, 6.6375, -9.9125],
							"size": [0.51776, 0.25, 0.75],
							"uv": {
								"north": {"uv": [14, 52], "uv_size": [0.5, 0.5]},
								"south": {"uv": [52, 14], "uv_size": [0.5, 0.5]},
								"down": {"uv": [28, 49], "uv_size": [0.5, -1]}
							}
						},
						{
							"origin": [-0.25888, 7.6375, -9.9125],
							"size": [0.51776, 0.25, 0.75],
							"pivot": [0, 7.2625, -9.4125],
							"rotation": [0, 0, 45],
							"uv": {
								"north": {"uv": [15, 52], "uv_size": [0.5, 0.5]},
								"south": {"uv": [52, 15], "uv_size": [0.5, 0.5]},
								"up": {"uv": [29, 48], "uv_size": [0.5, 1]}
							}
						},
						{
							"origin": [-0.25888, 7.6375, -9.9125],
							"size": [0.51776, 0.25, 0.75],
							"uv": {
								"north": {"uv": [16, 52], "uv_size": [0.5, 0.5]},
								"south": {"uv": [52, 16], "uv_size": [0.5, 0.5]},
								"up": {"uv": [48, 29], "uv_size": [0.5, 1]}
							}
						},
						{
							"origin": [-0.04013, 7.99688, -9.9125],
							"size": [0.08026, 0.15625, 0.75],
							"uv": {
								"north": {"uv": [17, 52], "uv_size": [0.5, 0.5]},
								"south": {"uv": [52, 17], "uv_size": [0.5, 0.5]}
							}
						},
						{
							"origin": [-0.18376, 7.86887, -9.9125],
							"size": [0.36752, 0.14062, 0.75],
							"uv": {
								"north": {"uv": [18, 52], "uv_size": [0.5, 0.5]},
								"east": {"uv": [30, 48], "uv_size": [1, 0.5]},
								"south": {"uv": [52, 18], "uv_size": [0.5, 0.5]},
								"west": {"uv": [31, 48], "uv_size": [1, 0.5]}
							}
						},
						{
							"origin": [-0.1458, 7.96052, -9.9125],
							"size": [0.11152, 0.20313, 0.75],
							"pivot": [-0.10567, 8.03083, -9.5375],
							"rotation": [0, 0, 45],
							"uv": {
								"north": {"uv": [19, 52], "uv_size": [0.5, 0.5]},
								"east": {"uv": [48, 31], "uv_size": [1, 0.5]},
								"south": {"uv": [52, 19], "uv_size": [0.5, 0.5]}
							}
						},
						{
							"origin": [0.03428, 7.96052, -9.9125],
							"size": [0.11152, 0.20313, 0.75],
							"pivot": [0.10567, 8.03083, -9.5375],
							"rotation": [0, 0, -45],
							"uv": {
								"north": {"uv": [20, 52], "uv_size": [0.5, 0.5]},
								"south": {"uv": [52, 20], "uv_size": [0.5, 0.5]},
								"west": {"uv": [32, 48], "uv_size": [1, 0.5]}
							}
						},
						{
							"origin": [-0.04013, 8.13063, -9.91636],
							"size": [0.08, 0.21875, 0.60937],
							"pivot": [-0.00013, 8.25563, -9.40074],
							"rotation": [22.5, 0, 0],
							"uv": {
								"north": {"uv": [21, 52], "uv_size": [0.5, 0.5]},
								"east": {"uv": [52, 21], "uv_size": [0.5, 0.5]},
								"west": {"uv": [22, 52], "uv_size": [0.5, 0.5]},
								"up": {"uv": [52, 22], "uv_size": [0.5, 0.5]}
							}
						},
						{
							"origin": [0.375, 7.00362, -9.9125],
							"size": [0.25, 0.51776, 0.75],
							"pivot": [0, 7.2625, -9.4125],
							"rotation": [0, 0, 45],
							"uv": {
								"north": {"uv": [23, 52], "uv_size": [0.5, 0.5]},
								"south": {"uv": [52, 23], "uv_size": [0.5, 0.5]},
								"west": {"uv": [48, 32], "uv_size": [1, 0.5]}
							}
						},
						{
							"origin": [0.375, 7.00362, -9.9125],
							"size": [0.25, 0.51776, 0.75],
							"uv": {
								"north": {"uv": [24, 52], "uv_size": [0.5, 0.5]},
								"south": {"uv": [52, 24], "uv_size": [0.5, 0.5]},
								"west": {"uv": [33, 48], "uv_size": [1, 0.5]}
							}
						},
						{
							"origin": [-0.625, 7.00362, -9.9125],
							"size": [0.25, 0.51776, 0.75],
							"pivot": [0, 7.2625, -9.4125],
							"rotation": [0, 0, 45],
							"uv": {
								"north": {"uv": [25, 52], "uv_size": [0.5, 0.5]},
								"east": {"uv": [48, 33], "uv_size": [1, 0.5]},
								"south": {"uv": [52, 25], "uv_size": [0.5, 0.5]}
							}
						},
						{
							"origin": [-0.625, 7.00362, -9.9125],
							"size": [0.25, 0.51776, 0.75],
							"uv": {
								"north": {"uv": [26, 52], "uv_size": [0.5, 0.5]},
								"east": {"uv": [34, 48], "uv_size": [1, 0.5]},
								"south": {"uv": [52, 26], "uv_size": [0.5, 0.5]}
							}
						}
					]
				},
				{
					"name": "sight_illuminated",
					"parent": "foresight",
					"pivot": [0, 7.25312, -9.4125],
					"cubes": [
						{
							"origin": [-0.04026, 8.15312, -9.35],
							"size": [0.08026, 0.225, 0.1875],
							"uv": {
								"east": {"uv": [27, 52], "uv_size": [0.5, 0.5]},
								"south": {"uv": [52, 27], "uv_size": [0.5, 0.5]},
								"west": {"uv": [28, 52], "uv_size": [0.5, 0.5]},
								"up": {"uv": [52, 28], "uv_size": [0.5, 0.5]}
							}
						}
					]
				},
				{
					"name": "muzzle_default",
					"parent": "barrel3",
					"pivot": [0, 7.95, -22],
					"cubes": [
						{
							"origin": [-0.20711, 7.6375, -11.35],
							"size": [0.41422, 0.125, 1.45],
							"pivot": [0, 7.2625, -11.35],
							"rotation": [0, 0, 45],
							"uv": {
								"north": {"uv": [29, 52], "uv_size": [0.5, 0.5]},
								"south": {"uv": [52, 29], "uv_size": [0.5, 0.5]},
								"up": {"uv": [48, 6], "uv_size": [0.5, 1.5]},
								"down": {"uv": [8, 49.5], "uv_size": [0.5, -1.5]}
							}
						},
						{
							"origin": [-0.20711, 7.6375, -11.6625],
							"size": [0.41422, 0.125, 0.1875],
							"pivot": [0, 7.2625, -11.725],
							"rotation": [0, 0, 45],
							"uv": {
								"north": {"uv": [30, 52], "uv_size": [0.5, 0.5]},
								"south": {"uv": [52, 30], "uv_size": [0.5, 0.5]},
								"up": {"uv": [31, 52], "uv_size": [0.5, 0.5]},
								"down": {"uv": [52, 31.5], "uv_size": [0.5, -0.5]}
							}
						},
						{
							"origin": [-0.20711, 7.6375, -11.6625],
							"size": [0.41422, 0.125, 0.1875],
							"uv": {
								"north": {"uv": [32, 52], "uv_size": [0.5, 0.5]},
								"south": {"uv": [52, 32], "uv_size": [0.5, 0.5]},
								"up": {"uv": [33, 52], "uv_size": [0.5, 0.5]},
								"down": {"uv": [52, 33.5], "uv_size": [0.5, -0.5]}
							}
						},
						{
							"origin": [-0.5, 7.05539, -11.6625],
							"size": [0.125, 0.41422, 0.1875],
							"pivot": [0, 7.2625, -11.725],
							"rotation": [0, 0, 45],
							"uv": {
								"north": {"uv": [34, 52], "uv_size": [0.5, 0.5]},
								"east": {"uv": [52, 34], "uv_size": [0.5, 0.5]},
								"south": {"uv": [35, 52], "uv_size": [0.5, 0.5]},
								"west": {"uv": [52, 35], "uv_size": [0.5, 0.5]}
							}
						},
						{
							"origin": [-0.20711, 7.6375, -11.35],
							"size": [0.41422, 0.125, 1.45],
							"uv": {
								"north": {"uv": [36, 52], "uv_size": [0.5, 0.5]},
								"south": {"uv": [52, 36], "uv_size": [0.5, 0.5]},
								"up": {"uv": [48, 8], "uv_size": [0.5, 1.5]},
								"down": {"uv": [9, 49.5], "uv_size": [0.5, -1.5]}
							}
						},
						{
							"origin": [-0.5, 7.05539, -11.35],
							"size": [0.125, 0.41422, 1.45],
							"pivot": [0, 7.2625, -11.35],
							"rotation": [0, 0, 45],
							"uv": {
								"north": {"uv": [37, 52], "uv_size": [0.5, 0.5]},
								"east": {"uv": [10, 48], "uv_size": [1.5, 0.5]},
								"south": {"uv": [52, 37], "uv_size": [0.5, 0.5]},
								"west": {"uv": [48, 10], "uv_size": [1.5, 0.5]}
							}
						},
						{
							"origin": [-0.20711, 7.6375, -12.2875],
							"size": [0.41422, 0.125, 0.1875],
							"pivot": [0, 7.2625, -12.35],
							"rotation": [0, 0, 45],
							"uv": {
								"north": {"uv": [38, 52], "uv_size": [0.5, 0.5]},
								"south": {"uv": [52, 38], "uv_size": [0.5, 0.5]},
								"up": {"uv": [39, 52], "uv_size": [0.5, 0.5]},
								"down": {"uv": [52, 39.5], "uv_size": [0.5, -0.5]}
							}
						},
						{
							"origin": [-0.20711, 7.6375, -12.2875],
							"size": [0.41422, 0.125, 0.1875],
							"uv": {
								"north": {"uv": [40, 52], "uv_size": [0.5, 0.5]},
								"south": {"uv": [52, 40], "uv_size": [0.5, 0.5]},
								"up": {"uv": [41, 52], "uv_size": [0.5, 0.5]},
								"down": {"uv": [52, 41.5], "uv_size": [0.5, -0.5]}
							}
						},
						{
							"origin": [-0.5, 7.05539, -12.2875],
							"size": [0.125, 0.41422, 0.1875],
							"pivot": [0, 7.2625, -12.35],
							"rotation": [0, 0, 45],
							"uv": {
								"north": {"uv": [42, 52], "uv_size": [0.5, 0.5]},
								"east": {"uv": [52, 42], "uv_size": [0.5, 0.5]},
								"south": {"uv": [43, 52], "uv_size": [0.5, 0.5]},
								"west": {"uv": [52, 43], "uv_size": [0.5, 0.5]}
							}
						},
						{
							"origin": [-0.20711, 7.6375, -11.975],
							"size": [0.41422, 0.125, 0.1875],
							"pivot": [0, 7.2625, -12.0375],
							"rotation": [0, 0, 45],
							"uv": {
								"north": {"uv": [44, 52], "uv_size": [0.5, 0.5]},
								"south": {"uv": [52, 44], "uv_size": [0.5, 0.5]},
								"up": {"uv": [45, 52], "uv_size": [0.5, 0.5]},
								"down": {"uv": [52, 45.5], "uv_size": [0.5, -0.5]}
							}
						},
						{
							"origin": [-0.20711, 7.6375, -11.975],
							"size": [0.41422, 0.125, 0.1875],
							"uv": {
								"north": {"uv": [46, 52], "uv_size": [0.5, 0.5]},
								"south": {"uv": [52, 46], "uv_size": [0.5, 0.5]},
								"up": {"uv": [47, 52], "uv_size": [0.5, 0.5]},
								"down": {"uv": [52, 47.5], "uv_size": [0.5, -0.5]}
							}
						},
						{
							"origin": [-0.5, 7.05539, -11.975],
							"size": [0.125, 0.41422, 0.1875],
							"pivot": [0, 7.2625, -12.0375],
							"rotation": [0, 0, 45],
							"uv": {
								"north": {"uv": [48, 52], "uv_size": [0.5, 0.5]},
								"east": {"uv": [52, 48], "uv_size": [0.5, 0.5]},
								"south": {"uv": [49, 52], "uv_size": [0.5, 0.5]},
								"west": {"uv": [52, 49], "uv_size": [0.5, 0.5]}
							}
						},
						{
							"origin": [-0.20711, 6.7625, -13.35],
							"size": [0.41422, 0.125, 3.45],
							"pivot": [0, 7.2625, -11.35],
							"rotation": [0, 0, 45],
							"uv": {
								"north": {"uv": [50, 52], "uv_size": [0.5, 0.5]},
								"south": {"uv": [52, 50], "uv_size": [0.5, 0.5]},
								"up": {"uv": [8, 44], "uv_size": [0.5, 3.5]},
								"down": {"uv": [9, 47.5], "uv_size": [0.5, -3.5]}
							}
						},
						{
							"origin": [-0.20711, 6.7625, -13.35],
							"size": [0.41422, 0.125, 3.45],
							"uv": {
								"north": {"uv": [51, 52], "uv_size": [0.5, 0.5]},
								"south": {"uv": [52, 51], "uv_size": [0.5, 0.5]},
								"up": {"uv": [10, 44], "uv_size": [0.5, 3.5]},
								"down": {"uv": [11, 47.5], "uv_size": [0.5, -3.5]}
							}
						},
						{
							"origin": [-0.20711, 7.6375, -13.35],
							"size": [0.41422, 0.125, 0.9375],
							"pivot": [0, 7.2625, -11.35],
							"rotation": [0, 0, 45],
							"uv": {
								"north": {"uv": [52, 52], "uv_size": [0.5, 0.5]},
								"south": {"uv": [0, 53], "uv_size": [0.5, 0.5]},
								"up": {"uv": [48, 34], "uv_size": [0.5, 1]},
								"down": {"uv": [35, 49], "uv_size": [0.5, -1]}
							}
						},
						{
							"origin": [-0.20711, 7.6375, -13.35],
							"size": [0.41422, 0.125, 0.9375],
							"uv": {
								"north": {"uv": [53, 0], "uv_size": [0.5, 0.5]},
								"south": {"uv": [1, 53], "uv_size": [0.5, 0.5]},
								"up": {"uv": [48, 35], "uv_size": [0.5, 1]},
								"down": {"uv": [36, 49], "uv_size": [0.5, -1]}
							}
						},
						{
							"origin": [0.375, 7.05539, -13.35],
							"size": [0.125, 0.41422, 3.45],
							"pivot": [0, 7.2625, -11.35],
							"rotation": [0, 0, 45],
							"uv": {
								"north": {"uv": [53, 1], "uv_size": [0.5, 0.5]},
								"east": {"uv": [43, 32], "uv_size": [3.5, 0.5]},
								"south": {"uv": [2, 53], "uv_size": [0.5, 0.5]},
								"west": {"uv": [44, 4], "uv_size": [3.5, 0.5]}
							}
						},
						{
							"origin": [0.375, 7.05539, -13.35],
							"size": [0.125, 0.41421, 3.45],
							"uv": {
								"north": {"uv": [53, 2], "uv_size": [0.5, 0.5]},
								"east": {"uv": [44, 5], "uv_size": [3.5, 0.5]},
								"south": {"uv": [3, 53], "uv_size": [0.5, 0.5]},
								"west": {"uv": [44, 12], "uv_size": [3.5, 0.5]},
								"up": {"uv": [16, 44], "uv_size": [0.5, 3.5]}
							}
						},
						{
							"origin": [-0.5, 7.05539, -13.35],
							"size": [0.125, 0.41422, 0.9375],
							"pivot": [0, 7.2625, -11.35],
							"rotation": [0, 0, 45],
							"uv": {
								"north": {"uv": [53, 3], "uv_size": [0.5, 0.5]},
								"east": {"uv": [37, 48], "uv_size": [1, 0.5]},
								"south": {"uv": [4, 53], "uv_size": [0.5, 0.5]},
								"west": {"uv": [38, 48], "uv_size": [1, 0.5]}
							}
						},
						{
							"origin": [-0.5, 7.05539, -13.35],
							"size": [0.125, 0.41421, 3.45],
							"uv": {
								"north": {"uv": [53, 4], "uv_size": [0.5, 0.5]},
								"east": {"uv": [44, 13], "uv_size": [3.5, 0.5]},
								"south": {"uv": [5, 53], "uv_size": [0.5, 0.5]},
								"west": {"uv": [44, 14], "uv_size": [3.5, 0.5]},
								"up": {"uv": [17, 44], "uv_size": [0.5, 3.5]}
							}
						},
						{
							"origin": [-0.16827, 6.85625, -13.475],
							"size": [0.33654, 0.125, 0.5625],
							"pivot": [0, 7.2625, -10.1],
							"rotation": [0, 0, 45],
							"uv": {
								"north": {"uv": [53, 5], "uv_size": [0.5, 0.5]},
								"east": {"uv": [6, 53], "uv_size": [0.5, 0.5]},
								"south": {"uv": [53, 6], "uv_size": [0.5, 0.5]},
								"west": {"uv": [7, 53], "uv_size": [0.5, 0.5]},
								"up": {"uv": [53, 7], "uv_size": [0.5, 0.5]},
								"down": {"uv": [8, 53.5], "uv_size": [0.5, -0.5]}
							}
						},
						{
							"origin": [-0.16827, 6.85625, -13.475],
							"size": [0.33654, 0.125, 0.5625],
							"uv": {
								"north": {"uv": [53, 8], "uv_size": [0.5, 0.5]},
								"east": {"uv": [9, 53], "uv_size": [0.5, 0.5]},
								"south": {"uv": [53, 9], "uv_size": [0.5, 0.5]},
								"west": {"uv": [10, 53], "uv_size": [0.5, 0.5]},
								"up": {"uv": [53, 10], "uv_size": [0.5, 0.5]},
								"down": {"uv": [11, 53.5], "uv_size": [0.5, -0.5]}
							}
						},
						{
							"origin": [-0.16827, 7.54375, -13.475],
							"size": [0.33654, 0.125, 0.5625],
							"pivot": [0, 7.2625, -10.1],
							"rotation": [0, 0, 45],
							"uv": {
								"north": {"uv": [53, 11], "uv_size": [0.5, 0.5]},
								"east": {"uv": [12, 53], "uv_size": [0.5, 0.5]},
								"south": {"uv": [53, 12], "uv_size": [0.5, 0.5]},
								"west": {"uv": [13, 53], "uv_size": [0.5, 0.5]},
								"up": {"uv": [53, 13], "uv_size": [0.5, 0.5]},
								"down": {"uv": [14, 53.5], "uv_size": [0.5, -0.5]}
							}
						},
						{
							"origin": [-0.16827, 7.54375, -13.475],
							"size": [0.33654, 0.125, 0.5625],
							"uv": {
								"north": {"uv": [53, 14], "uv_size": [0.5, 0.5]},
								"east": {"uv": [15, 53], "uv_size": [0.5, 0.5]},
								"south": {"uv": [53, 15], "uv_size": [0.5, 0.5]},
								"west": {"uv": [16, 53], "uv_size": [0.5, 0.5]},
								"up": {"uv": [53, 16], "uv_size": [0.5, 0.5]},
								"down": {"uv": [17, 53.5], "uv_size": [0.5, -0.5]}
							}
						},
						{
							"origin": [0.28125, 7.09423, -13.475],
							"size": [0.125, 0.33654, 0.5625],
							"pivot": [0, 7.2625, -10.1],
							"rotation": [0, 0, 45],
							"uv": {
								"north": {"uv": [53, 17], "uv_size": [0.5, 0.5]},
								"east": {"uv": [18, 53], "uv_size": [0.5, 0.5]},
								"south": {"uv": [53, 18], "uv_size": [0.5, 0.5]},
								"west": {"uv": [19, 53], "uv_size": [0.5, 0.5]},
								"up": {"uv": [53, 19], "uv_size": [0.5, 0.5]},
								"down": {"uv": [20, 53.5], "uv_size": [0.5, -0.5]}
							}
						},
						{
							"origin": [0.28125, 7.09423, -13.475],
							"size": [0.125, 0.33653, 0.5625],
							"uv": {
								"north": {"uv": [53, 20], "uv_size": [0.5, 0.5]},
								"east": {"uv": [21, 53], "uv_size": [0.5, 0.5]},
								"south": {"uv": [53, 21], "uv_size": [0.5, 0.5]},
								"west": {"uv": [22, 53], "uv_size": [0.5, 0.5]},
								"up": {"uv": [53, 22], "uv_size": [0.5, 0.5]},
								"down": {"uv": [23, 53.5], "uv_size": [0.5, -0.5]}
							}
						},
						{
							"origin": [-0.40625, 7.09423, -13.475],
							"size": [0.125, 0.33654, 0.5625],
							"pivot": [0, 7.2625, -10.1],
							"rotation": [0, 0, 45],
							"uv": {
								"north": {"uv": [53, 23], "uv_size": [0.5, 0.5]},
								"east": {"uv": [24, 53], "uv_size": [0.5, 0.5]},
								"south": {"uv": [53, 24], "uv_size": [0.5, 0.5]},
								"west": {"uv": [25, 53], "uv_size": [0.5, 0.5]},
								"up": {"uv": [53, 25], "uv_size": [0.5, 0.5]},
								"down": {"uv": [26, 53.5], "uv_size": [0.5, -0.5]}
							}
						},
						{
							"origin": [-0.40625, 7.09423, -13.475],
							"size": [0.125, 0.33653, 0.5625],
							"uv": {
								"north": {"uv": [53, 26], "uv_size": [0.5, 0.5]},
								"east": {"uv": [27, 53], "uv_size": [0.5, 0.5]},
								"south": {"uv": [53, 27], "uv_size": [0.5, 0.5]},
								"west": {"uv": [28, 53], "uv_size": [0.5, 0.5]},
								"up": {"uv": [53, 28], "uv_size": [0.5, 0.5]},
								"down": {"uv": [29, 53.5], "uv_size": [0.5, -0.5]}
							}
						}
					]
				},
				{
					"name": "bolt",
					"parent": "mp28",
					"pivot": [0, 7.59586, 4.2814],
					"cubes": [
						{
							"origin": [-0.4, 7.09586, -0.6186],
							"size": [0.1, 0.4, 2],
							"uv": {
								"north": {"uv": [53, 29], "uv_size": [0.5, 0.5]},
								"east": {"uv": [46, 29], "uv_size": [2, 0.5]},
								"south": {"uv": [30, 53], "uv_size": [0.5, 0.5]},
								"west": {"uv": [46, 33], "uv_size": [2, 0.5]},
								"up": {"uv": [44, 46], "uv_size": [0.5, 2]},
								"down": {"uv": [45, 48], "uv_size": [0.5, -2]}
							}
						}
					]
				},
				{
					"name": "trigga",
					"parent": "mp28",
					"pivot": [0, 7.59586, 4.2814],
					"cubes": [
						{
							"origin": [-0.39062, 5.01434, 3.1692],
							"size": [0.78125, 0.21875, 1.73438],
							"uv": {
								"north": {"uv": [48, 38], "uv_size": [1, 0.5]},
								"east": {"uv": [48, 11], "uv_size": [1.5, 0.5]},
								"south": {"uv": [48, 39], "uv_size": [1, 0.5]},
								"west": {"uv": [12, 48], "uv_size": [1.5, 0.5]},
								"up": {"uv": [0, 45], "uv_size": [1, 1.5]},
								"down": {"uv": [2, 46.5], "uv_size": [1, -1.5]}
							}
						},
						{
							"origin": [-0.39062, 4.59247, 5.0442],
							"size": [0.78125, 0.76563, 1],
							"pivot": [0, 5.63153, 5.59889],
							"rotation": [-45, 0, 0],
							"uv": {
								"north": {"uv": [46, 39], "uv_size": [1, 1]},
								"east": {"uv": [46, 45], "uv_size": [1, 1]},
								"south": {"uv": [46, 46], "uv_size": [1, 1]},
								"west": {"uv": [0, 47], "uv_size": [1, 1]},
								"up": {"uv": [1, 47], "uv_size": [1, 1]},
								"down": {"uv": [2, 48], "uv_size": [1, -1]}
							}
						},
						{
							"origin": [-0.39062, 3.58622, 4.9229],
							"size": [0.78125, 0.64062, 0.14063],
							"pivot": [0, 3.93779, 4.99321],
							"rotation": [-45, 0, 0],
							"uv": {
								"north": {"uv": [40, 48], "uv_size": [1, 0.5]},
								"east": {"uv": [53, 30], "uv_size": [0.5, 0.5]},
								"south": {"uv": [41, 48], "uv_size": [1, 0.5]},
								"west": {"uv": [31, 53], "uv_size": [0.5, 0.5]},
								"up": {"uv": [42, 48], "uv_size": [1, 0.5]},
								"down": {"uv": [43, 48.5], "uv_size": [1, -0.5]}
							}
						},
						{
							"origin": [-0.39062, 4.09247, 5.1067],
							"size": [0.78125, 0.57813, 0.14063],
							"uv": {
								"north": {"uv": [44, 48], "uv_size": [1, 0.5]},
								"east": {"uv": [53, 31], "uv_size": [0.5, 0.5]},
								"south": {"uv": [45, 48], "uv_size": [1, 0.5]},
								"west": {"uv": [32, 53], "uv_size": [0.5, 0.5]},
								"up": {"uv": [46, 48], "uv_size": [1, 0.5]},
								"down": {"uv": [47, 48.5], "uv_size": [1, -0.5]}
							}
						},
						{
							"origin": [-0.10937, 3.71169, 4.76668],
							"size": [0.21875, 0.5625, 0.15625],
							"pivot": [0, 4.75075, 4.91511],
							"rotation": [-32, 0, 0],
							"uv": {
								"north": {"uv": [53, 32], "uv_size": [0.5, 0.5]},
								"east": {"uv": [33, 53], "uv_size": [0.5, 0.5]},
								"south": {"uv": [53, 33], "uv_size": [0.5, 0.5]},
								"west": {"uv": [34, 53], "uv_size": [0.5, 0.5]},
								"up": {"uv": [53, 34], "uv_size": [0.5, 0.5]},
								"down": {"uv": [35, 53.5], "uv_size": [0.5, -0.5]}
							}
						},
						{
							"origin": [-0.10937, 4.59247, 4.87232],
							"size": [0.21875, 0.40625, 0.4375],
							"pivot": [0, 5.63153, 5.05201],
							"rotation": [-45, 0, 0],
							"uv": {
								"north": {"uv": [53, 35], "uv_size": [0.5, 0.5]},
								"east": {"uv": [36, 53], "uv_size": [0.5, 0.5]},
								"south": {"uv": [53, 36], "uv_size": [0.5, 0.5]},
								"west": {"uv": [37, 53], "uv_size": [0.5, 0.5]},
								"up": {"uv": [53, 37], "uv_size": [0.5, 0.5]},
								"down": {"uv": [38, 53.5], "uv_size": [0.5, -0.5]}
							}
						},
						{
							"origin": [-0.10937, 4.34247, 4.4817],
							"size": [0.21875, 0.5625, 0.1875],
							"uv": {
								"north": {"uv": [53, 38], "uv_size": [0.5, 0.5]},
								"east": {"uv": [39, 53], "uv_size": [0.5, 0.5]},
								"south": {"uv": [53, 39], "uv_size": [0.5, 0.5]},
								"west": {"uv": [40, 53], "uv_size": [0.5, 0.5]},
								"up": {"uv": [53, 40], "uv_size": [0.5, 0.5]},
								"down": {"uv": [41, 53.5], "uv_size": [0.5, -0.5]}
							}
						},
						{
							"origin": [-0.39062, 3.35823, 3.55969],
							"size": [0.78125, 1.51562, 0.14063],
							"pivot": [0, 3.70979, 3.63],
							"rotation": [-90, 0, 0],
							"uv": {
								"north": {"uv": [3, 45], "uv_size": [1, 1.5]},
								"east": {"uv": [48, 12], "uv_size": [0.5, 1.5]},
								"south": {"uv": [6, 45], "uv_size": [1, 1.5]},
								"west": {"uv": [14, 48], "uv_size": [0.5, 1.5]},
								"up": {"uv": [48, 47], "uv_size": [1, 0.5]},
								"down": {"uv": [48, 48.5], "uv_size": [1, -0.5]}
							}
						},
						{
							"origin": [-0.39062, 3.58622, 3.00925],
							"size": [0.78125, 0.64062, 0.14063],
							"pivot": [0, 3.93779, 3.07957],
							"rotation": [45, 0, 0],
							"uv": {
								"north": {"uv": [0, 49], "uv_size": [1, 0.5]},
								"east": {"uv": [53, 41], "uv_size": [0.5, 0.5]},
								"south": {"uv": [1, 49], "uv_size": [1, 0.5]},
								"west": {"uv": [42, 53], "uv_size": [0.5, 0.5]},
								"up": {"uv": [2, 49], "uv_size": [1, 0.5]},
								"down": {"uv": [3, 49.5], "uv_size": [1, -0.5]}
							}
						},
						{
							"origin": [-0.39062, 4.09247, 2.82545],
							"size": [0.78125, 0.57813, 0.14063],
							"uv": {
								"north": {"uv": [4, 49], "uv_size": [1, 0.5]},
								"east": {"uv": [53, 42], "uv_size": [0.5, 0.5]},
								"south": {"uv": [5, 49], "uv_size": [1, 0.5]},
								"west": {"uv": [43, 53], "uv_size": [0.5, 0.5]},
								"up": {"uv": [6, 49], "uv_size": [1, 0.5]},
								"down": {"uv": [49, 6.5], "uv_size": [1, -0.5]}
							}
						},
						{
							"origin": [-0.39062, 4.59247, 2.76295],
							"size": [0.78125, 1, 1],
							"pivot": [0, 5.63153, 3.31764],
							"rotation": [-45, 0, 0],
							"uv": {
								"north": {"uv": [3, 47], "uv_size": [1, 1]},
								"east": {"uv": [6, 47], "uv_size": [1, 1]},
								"south": {"uv": [47, 6], "uv_size": [1, 1]},
								"west": {"uv": [47, 7], "uv_size": [1, 1]},
								"up": {"uv": [12, 47], "uv_size": [1, 1]},
								"down": {"uv": [13, 48], "uv_size": [1, -1]}
							}
						}
					]
				},
				{
					"name": "righthand",
					"parent": "gun_and_righthand",
					"pivot": [6, 19, 0]
				},
				{
					"name": "righthand_pos",
					"parent": "righthand",
					"pivot": [0, 8, 0],
					"cubes": [
						{
							"origin": [4, 7, -2],
							"size": [4, 12, 4],
							"uv": {
								"north": {"uv": [12, 0], "uv_size": [4, 12]},
								"east": {"uv": [4, 12], "uv_size": [4, 12]},
								"south": {"uv": [8, 12], "uv_size": [4, 12]},
								"west": {"uv": [12, 12], "uv_size": [4, 12]},
								"up": {"uv": [12, 24], "uv_size": [4, 4]},
								"down": {"uv": [24, 20], "uv_size": [4, -4]}
							}
						}
					]
				},
				{
					"name": "view",
					"pivot": [0, 0, 0]
				},
				{
					"name": "idle_view",
					"parent": "view",
					"pivot": [2.0625, 9.4375, 8.75],
					"rotation": [0, 0, -5]
				},
				{
					"name": "iron_view",
					"parent": "view",
					"pivot": [0, 8.3625, 7.35]
				},
				{
					"name": "refit_view",
					"parent": "view",
					"pivot": [24.4, 9, 3],
					"rotation": [0, 90, 0]
				},
				{
					"name": "refit_muzzle_view",
					"parent": "view",
					"pivot": [11, 9, -13],
					"rotation": [0, 90, 0]
				},
				{
					"name": "refit_grip_view",
					"parent": "view",
					"pivot": [5.8, 7.4, -6],
					"rotation": [0, 90, 0]
				},
				{
					"name": "refit_laser_view",
					"parent": "view",
					"pivot": [7, 10.525, -11],
					"rotation": [0, 125, 0]
				},
				{
					"name": "refit_extended_mag_view",
					"parent": "view",
					"pivot": [10, 4, -0.55],
					"rotation": [0, 90, 0]
				},
				{
					"name": "refit_stock_view",
					"parent": "view",
					"pivot": [10, 9, 12.6],
					"rotation": [0, 90, 0]
				},
				{
					"name": "refit_scope_view",
					"parent": "view",
					"pivot": [8.075, 14.7, 11.525],
					"rotation": [0, 50, 0]
				},
				{
					"name": "positioning",
					"pivot": [0, 0, -8]
				},
				{
					"name": "thirdperson_hand",
					"parent": "positioning",
					"pivot": [0, 5.175, 6.75]
				},
				{
					"name": "ground",
					"parent": "positioning",
					"pivot": [0, -3.525, 0.65]
				},
				{
					"name": "fixed",
					"parent": "positioning",
					"pivot": [1.1, 10.8, 2.375],
					"rotation": [0, 90, 0]
				},
				{
					"name": "camera",
					"pivot": [2.0625, 11.4375, 11.75]
				}
			]
		}
	]
}