{
  "ammo": "tacz:762x54",
  "ammo_amount": 5,
  "bolt": "manual_action",
  "rpm": 250,
  "bullet": {
    "life": 0.9,
    "bullet_amount": 1,
    "damage": 35,
    "tracer_count_interval": 0,
    "extra_damage": {
      "armor_ignore": 0.70,
      "head_shot_multiplier": 2,
      "damage_adjust": [
        {"distance": 50, "damage": 35},
        {"distance": 100, "damage": 20},
        {"distance": "infinite", "damage": 15}
      ]
    },
    "speed": 650,
    "gravity": 0.098,
    "knockback": 0,
    "friction": 0.015,
    "ignite": false,
    "pierce": 4
  },
  "script": "ww:m91_gun_logic",
  "script_param": {
    "bolt_time": 1.15,
    "intro": 2.47,
    "intro_empty": 1.68,
    "intro_empty_clip": 1.68,
    "loop": 1.25,
    "ending": 1.5,
    "ending_empty": 1.5,
    "ending_empty_feed": 0.65,
    "clip_load": 2.16,
    "clip_load_feed": 1.6,
    "loop_feed": 1
  },
  "reload": {
    "type": "magazine",
    "feed": {
      "empty": 3.5,
      "tactical": 3.5
    },
    "cooldown": {
      "empty": 4,
      "tactical": 4.5
    }
  },
  "draw_time": 0.75,
  "put_away_time": 0.75,
  "aim_time": 0.25,
  "sprint_time": 0.2,
  "bolt_action_time": 1.15,
  "weight": 4,
  "fire_mode": [
    "semi"
  ],
  "recoil": {
    "pitch": [
      {"time": 0, "value": [3.2, 3.2]},
      {"time": 0.32, "value": [2.2, 2.2]},
      {"time": 0.57, "value": [-0.5, -0.5]},
      {"time": 0.82, "value": [0.25, 0.25]},
      {"time": 1.17, "value": [0, 0]},
      {"time": 1.47, "value": [0, 0]}
    ],
    "yaw": [
      {"time": 0, "value": [-0.6, -0.5]},
      {"time": 0.32, "value": [-0.6, -0.5]},
      {"time": 0.57, "value": [0, 0]}
    ]
  },
  "inaccuracy": {
    "stand": 6,
    "move": 6,
    "sneak": 5,
    "lie": 5,
    "aim": 0.05
  },
  "allow_attachment_types": [
	"scope",
    "muzzle"
  ],
  // 近战相关
  "melee": {
    // 枪械距离参数，用来延升近战攻击范围
    // 会与刺刀等配件的距离做加和
    "distance": 2,
    // 使用时的冷却时间
    "cooldown": 1.2,
    // 默认近战数据，会被配件的数据替换掉
    "default": {
      // 动画类型：没有枪托的为 melee_push，有枪托的为 melee_stock
      "animation_type": "melee_stock",
      // 刺刀距离参数，枪械里还有个刺刀攻击距离参数，两者做加和
      "distance": 0,
      // 刺刀范围角度
      "range_angle": 60,
      // 伤害值
      "damage": 5,
      // 击退效果
      "knockback": 1,
      // 前摇时长，单位：秒
      "prep": 0.6
    }
  }
}