{
  "ammo": "ww:8mm",
  "ammo_amount": 30,
  "extended_mag_ammo_amount": [
    50,
    75,
    100
  ],
  "bolt": "open_bolt",
  "rpm": 450,
  "bullet": {
    "life": 1,
    "bullet_amount": 1,
    "damage": 7,
    "tracer_count_interval": 0,
    "extra_damage": {
      "armor_ignore": 0.1,
      "head_shot_multiplier": 1.5,
      "damage_adjust": [
        {"distance": 18, "damage": 7},
        {"distance": 40, "damage": 6},
        {"distance": 65, "damage": 5},
        {"distance": "infinite", "damage": 4}
      ]
    },
    "speed": 200,
    "gravity": 0.15,
    "knockback": 0,
    "friction": 0.02,
    "ignite": false,
    "pierce": 1
  },
  "reload": {
    "type": "magazine",
    "feed": {
      "empty": 1.92,
      "tactical": 1.5
    },
    "cooldown": {
      "empty": 2.68,
      "tactical": 2.1
    }
  },
  "draw_time": 0.79,
  "put_away_time": 0.7,
  "aim_time": 0.12,
  "sprint_time": 0.11,
  "weight": 0.3,
  "movement_speed": {
    "base": 0.0,
    "aim": -0.15,
    "reload": -0.1
  },
  "crawl_recoil_multiplier": 0.5,
  "fire_mode": [
    "auto",
    "semi"
  ],
  "recoil": {
    "pitch": [
      {"time": 0, "value": [0.55, 0.55]},
      {"time": 0.3, "value": [0.55, 0.55]},
      {"time": 0.5, "value": [-0.125, -0.125]},
      {"time": 0.65, "value": [0, 0]}
    ],
    "yaw": [
      {"time": 0, "value": [-0.35, 0.25]},
      {"time": 0.3, "value": [-0.35, 0.25]},
      {"time": 0.5, "value": [0, 0]}
    ]
  },
  "inaccuracy": {
    "stand": 3.5,
    "move": 4.5,
    "sneak": 2.5,
    "lie": 1.8,
    "aim": 0.175
  },
  "melee": {
    "distance": 1,
    "cooldown": 0.6,
    "default": {
      "animation_type": "melee_stock",
      "distance": 1,
      "range_angle": 30,
      "damage": 2,
      "knockback": 0.5,
      "prep": 0.1
    }
  },
  "allow_attachment_types": [
  ],
  "exclusive_attachments": {
  }
}